ISO-10303-21;
HEADER;
FILE_DESCRIPTION (( 'STEP AP214' ),
    '1' );
FILE_NAME ('NSCN2.STEP',
    '2025-10-11T03:30:41',
    ( '' ),
    ( '' ),
    'SwSTEP 2.0',
    'SolidWorks 2025',
    '' );
FILE_SCHEMA (( 'AUTOMOTIVE_DESIGN' ));
ENDSEC;

DATA;
#1 = CARTESIAN_POINT ( 'NONE',  ( 6.908435684768128304, 82.07095108530550931, -20.93535043754857838 ) ) ;
#2 = CARTESIAN_POINT ( 'NONE',  ( -0.2772369278683713967, 96.03909122581706015, 23.34500906948737864 ) ) ;
#3 = CARTESIAN_POINT ( 'NONE',  ( 27.90156433629465127, 0.4606249971094932283, 38.40320870533926723 ) ) ;
#4 = EDGE_CURVE ( 'NONE', #107, #3240, #2465, .T. ) ;
#5 = CARTESIAN_POINT ( 'NONE',  ( -45.14567943541666040, -0.1743750028905064753, 14.66872044838374123 ) ) ;
#6 = CARTESIAN_POINT ( 'NONE',  ( 3.788448386231621612, 95.51488829021658944, -23.13871279354907529 ) ) ;
#7 = CIRCLE ( 'NONE', #281, 39.06182047493748399 ) ;
#8 = ORIENTED_EDGE ( 'NONE', *, *, #1608, .F. ) ;
#9 = CARTESIAN_POINT ( 'NONE',  ( -36.52362188585566116, 4.006041663776160000, -26.53596457686150600 ) ) ;
#10 = CARTESIAN_POINT ( 'NONE',  ( -2.671523501259205791, 92.02276334477089392, -23.96000800861277114 ) ) ;
#11 = CARTESIAN_POINT ( 'NONE',  ( -36.52362188585566116, 10.35604166377615876, -26.53596457686150600 ) ) ;
#12 = CARTESIAN_POINT ( 'NONE',  ( 44.00000000000000000, 8.567458333391140712, 0.000000000000000000 ) ) ;
#13 = CARTESIAN_POINT ( 'NONE',  ( 2.832873664143050884E-15, -1.470833333333333659, -46.26433786648375701 ) ) ;
#14 = CARTESIAN_POINT ( 'NONE',  ( 19.02171608001368242, 1.606455484902168578E-16, 40.22448053556110636 ) ) ;
#15 = CARTESIAN_POINT ( 'NONE',  ( -13.59674775249769141, 1.598333333333332718, 41.84648671698675315 ) ) ;
#16 = CARTESIAN_POINT ( 'NONE',  ( -36.52362188585566116, 8.239374997109493393, -26.53596457686150600 ) ) ;
#17 = CARTESIAN_POINT ( 'NONE',  ( -10.41996259598712093, 90.69188950969970620, 21.97735743868436131 ) ) ;
#18 = EDGE_CURVE ( 'NONE', #3025, #2081, #2001, .T. ) ;
#19 = EDGE_CURVE ( 'NONE', #3455, #3059, #609, .T. ) ;
#20 = CARTESIAN_POINT ( 'NONE',  ( -35.59674775249767720, 4.667499994218985648, -25.86255110086882070 ) ) ;
#21 = CARTESIAN_POINT ( 'NONE',  ( 7.265888506834661698, 82.66250751861416290, -24.95845801360546190 ) ) ;
#22 = CARTESIAN_POINT ( 'NONE',  ( 1.244553692676278665E-12, 96.03909122581703173, 23.34500906948737153 ) ) ;
#23 = CARTESIAN_POINT ( 'NONE',  ( -36.52362188585566116, 10.09145833044282625, -26.53596457686150600 ) ) ;
#24 = CARTESIAN_POINT ( 'NONE',  ( -13.95078216814733629, 4.376458330442826394, 42.93609260962512053 ) ) ;
#25 = FACE_OUTER_BOUND ( 'NONE', #2785, .T. ) ;
#26 = VERTEX_POINT ( 'NONE', #555 ) ;
#27 = CARTESIAN_POINT ( 'NONE',  ( 36.52362188585566116, 2.947708330442826874, 26.53596457686150956 ) ) ;
#28 = ORIENTED_EDGE ( 'NONE', *, *, #978, .T. ) ;
#29 =( BOUNDED_CURVE ( )  B_SPLINE_CURVE ( 2, ( #1056, #3164, #2410, #3147, #20, #275, #3183, #1073, #2146, #3217, #1813, #2127, #498 ),
 .UNSPECIFIED., .F., .F. ) 
 B_SPLINE_CURVE_WITH_KNOTS ( ( 3, 2, 2, 2, 2, 2, 3 ),
 ( 0.3968845165335745384, 0.4057041398150722511, 0.4233434502418145229, 0.4409827606685567947, 0.4586220710952990665, 0.4762613815220413382, 0.4850810328840360897 ),
 .UNSPECIFIED. ) 
 CURVE ( )  GEOMETRIC_REPRESENTATION_ITEM ( )  RATIONAL_B_SPLINE_CURVE ( ( 0.9755282581478975645, 0.9755283467483830684, 1.000000000000000000, 0.9510565162951535312, 1.000000000000000000, 0.9510565162951535312, 1.000000000000000000, 0.9510565162951535312, 1.000000000000000000, 0.9510565162951535312, 1.000000000000000000, 0.9755282688339229624, 0.9755282581475814840 ) ) 
 REPRESENTATION_ITEM ( '' )  );
#30 = CARTESIAN_POINT ( 'NONE',  ( -9.944145661627880273, 91.38211258008080051, -22.05898913704737296 ) ) ;
#31 = CARTESIAN_POINT ( 'NONE',  ( -13.95078216814732563, 8.027708330442825613, -42.93609260962512764 ) ) ;
#32 = CARTESIAN_POINT ( 'NONE',  ( -13.59674775249769141, 7.932458333391140926, 41.84648671698675315 ) ) ;
#33 = CARTESIAN_POINT ( 'NONE',  ( 43.99999999999999289, 2.127499999999998614, 14.29646663424789210 ) ) ;
#34 = CARTESIAN_POINT ( 'NONE',  ( -3.830634706064789174, 78.54753511340140903, 23.35623286460871384 ) ) ;
#35 = CARTESIAN_POINT ( 'NONE',  ( -8.498620992429152652E-15, -0.4125000000000001443, 46.26433786648375701 ) ) ;
#36 = CARTESIAN_POINT ( 'NONE',  ( 27.19349550499537216, 0.4182916667244765963, -37.42863556748975640 ) ) ;
#37 = CARTESIAN_POINT ( 'NONE',  ( -13.95078216814733629, 8.874374997109491403, 42.93609260962512053 ) ) ;
#38 = CARTESIAN_POINT ( 'NONE',  ( -1.191075546405446550, 92.40906353291707376, 20.35181581165934972 ) ) ;
#39 = CARTESIAN_POINT ( 'NONE',  ( 10.41613706283903795, 80.54423859308339217, -24.01463983672833180 ) ) ;
#40 = VECTOR ( 'NONE', #2819, 1000.000000000000000 ) ;
#41 = CARTESIAN_POINT ( 'NONE',  ( -45.14567943541666040, 8.186458330442826892, -5.528751181591550879E-15 ) ) ;
#42 = ORIENTED_EDGE ( 'NONE', *, *, #1746, .F. ) ;
#43 = B_SPLINE_CURVE_WITH_KNOTS ( 'NONE', 3,
 ( #2931, #1619, #553, #1355, #2681, #2952, #295, #1025, #2467, #3212, #2999, #51, #2406, #14, #1069, #1132, #859, #1396, #3014, #1877, #2140, #2437, #1350, #844, #824, #322, #1101, #80, #1911, #804, #1895, #598, #1117, #2452, #1928, #1366, #2947, #2178, #583, #336, #3246, #2983 ),
 .UNSPECIFIED., .F., .F.,
 ( 4, 2, 2, 2, 2, 2, 2, 2, 2, 2, 2, 2, 1, 2, 2, 2, 2, 2, 1, 2, 2, 4 ),
 ( 3.459892817788134095E-16, 0.005474857059499778009, 0.01094971411899920907, 0.01642457117849864187, 0.02189942823799807467, 0.02737428529749750747, 0.03284914235699693680, 0.03832399941649636960, 0.04106142794624609293, 0.04379885647599580933, 0.04927371353549524907, 0.05201114206524497241, 0.05474857059499468881, 0.05748599912474439827, 0.06022342765449411467, 0.06569828471399355441, 0.07117314177349300108, 0.07391057030324273136, 0.07664799883299244776, 0.07938542736274217804, 0.08212285589249190831, 0.08759771295199135499 ),
 .UNSPECIFIED. ) ;
#44 = CARTESIAN_POINT ( 'NONE',  ( -45.14567943541666040, 1.836458330442826803, -5.528751181591550879E-15 ) ) ;
#45 = CARTESIAN_POINT ( 'NONE',  ( 13.59674775249767897, 6.889999999999986358, -41.84648671698673184 ) ) ;
#46 = ORIENTED_EDGE ( 'NONE', *, *, #2639, .F. ) ;
#47 = CARTESIAN_POINT ( 'NONE',  ( -3.342492033361244896, 95.63066572749973204, -23.18316141061204405 ) ) ;
#48 = CARTESIAN_POINT ( 'NONE',  ( 13.95078216814733096, 3.318124997109493268, -42.93609260962512053 ) ) ;
#49 = DIRECTION ( 'NONE',  ( 0.000000000000000000, 0.000000000000000000, -1.000000000000000000 ) ) ;
#50 = CARTESIAN_POINT ( 'NONE',  ( 2.832873664143050884E-15, 2.762499999999998845, -46.26433786648375701 ) ) ;
#51 = CARTESIAN_POINT ( 'NONE',  ( 23.77954427014251948, 8.024708101613453527E-32, 37.52236038590638145 ) ) ;
#52 = CARTESIAN_POINT ( 'NONE',  ( 44.00000000000000000, 2.233333333333332948, 0.000000000000000000 ) ) ;
#53 = CARTESIAN_POINT ( 'NONE',  ( -27.19349550499536861, 0.8416250000578098245, -37.42863556748975640 ) ) ;
#54 = CARTESIAN_POINT ( 'NONE',  ( 27.90156433629465837, 5.593541663776159467, -38.40320870533926012 ) ) ;
#55 = CARTESIAN_POINT ( 'NONE',  ( -2.037271506414603195, 5.208844791172318194E-18, -44.19187447179210437 ) ) ;
#56 = CARTESIAN_POINT ( 'NONE',  ( -2.407028627282138178, 92.12093243647170482, 20.22229051924290033 ) ) ;
#57 = CARTESIAN_POINT ( 'NONE',  ( 11.78022680101614128, 87.10633382764092403, -22.02419216877714092 ) ) ;
#58 = CARTESIAN_POINT ( 'NONE',  ( -8.719909521984299356E-15, 8.715624997109495453, 47.46897651391098805 ) ) ;
#59 = CARTESIAN_POINT ( 'NONE',  ( -30.65413117307521773, 10.58683801275166658, 34.61462547630597442 ) ) ;
#60 = CARTESIAN_POINT ( 'NONE',  ( -35.59674775249768430, 0.8574999942189868163, 25.86255110086881004 ) ) ;
#61 = ORIENTED_EDGE ( 'NONE', *, *, #18, .T. ) ;
#62 = DIRECTION ( 'NONE',  ( 0.000000000000000000, 0.000000000000000000, -1.000000000000000000 ) ) ;
#63 = CARTESIAN_POINT ( 'NONE',  ( 13.95078216814733096, 5.434791663776159076, -42.93609260962512053 ) ) ;
#64 = EDGE_CURVE ( 'NONE', #1159, #1971, #2787, .T. ) ;
#65 = CARTESIAN_POINT ( 'NONE',  ( 13.59674775249767720, 8.144125000057808705, 41.84648671698676026 ) ) ;
#66 = CARTESIAN_POINT ( 'NONE',  ( -13.59674775249769141, -0.5183333333333335347, 41.84648671698675315 ) ) ;
#67 = CARTESIAN_POINT ( 'NONE',  ( -6.124778356700997684, 80.52296109601415708, 25.54997036303321778 ) ) ;
#68 = CARTESIAN_POINT ( 'NONE',  ( 2.832873664143050884E-15, 10.69999999421898629, -46.26433786648375701 ) ) ;
#69 = CARTESIAN_POINT ( 'NONE',  ( 27.19349550499536150, 1.899958333391142951, 37.42863556748976350 ) ) ;
#70 = CARTESIAN_POINT ( 'NONE',  ( 36.52362188585566827, 3.371041663776159769, -26.53596457686149890 ) ) ;
#71 = CARTESIAN_POINT ( 'NONE',  ( -6.588692191296281031, -7.785514746264089897E-17, -43.82595170872201606 ) ) ;
#72 = CARTESIAN_POINT ( 'NONE',  ( -6.371701851375700443, 94.44289824757127860, 22.76399277420241063 ) ) ;
#73 = CARTESIAN_POINT ( 'NONE',  ( 7.407787382232493556, 83.14411738705892674, -24.85883879042775746 ) ) ;
#74 = CARTESIAN_POINT ( 'NONE',  ( -36.52362188585566116, 7.974791663776160888, -26.53596457686150600 ) ) ;
#75 = CARTESIAN_POINT ( 'NONE',  ( 36.52362188585566116, 6.916458330442825542, 26.53596457686150956 ) ) ;
#76 = ORIENTED_EDGE ( 'NONE', *, *, #1984, .T. ) ;
#77 = CARTESIAN_POINT ( 'NONE',  ( 4.911055733911679155, 95.14665511570252932, -23.00186289903396286 ) ) ;
#78 = CARTESIAN_POINT ( 'NONE',  ( -45.14567943541666040, 6.175624997109492753, 14.66872044838374300 ) ) ;
#79 = CARTESIAN_POINT ( 'NONE',  ( -43.99999999999999289, 7.419166666666666465, -14.29646663424788144 ) ) ;
#80 = CARTESIAN_POINT ( 'NONE',  ( -4.895369230542745420, 6.744089049876276016E-17, 44.52024013709784356 ) ) ;
#81 = CARTESIAN_POINT ( 'NONE',  ( -13.59674775249768075, 0.7516666666666661500, -41.84648671698676026 ) ) ;
#82 = CARTESIAN_POINT ( 'NONE',  ( 43.99999999999999289, 2.323291666724476290, -14.29646663424787256 ) ) ;
#83 = CARTESIAN_POINT ( 'NONE',  ( -36.52362188585566116, 10.35604166377615876, -26.53596457686150600 ) ) ;
#84 = CARTESIAN_POINT ( 'NONE',  ( -21.92503803500559911, 10.66203621549843028, 39.46422530405177298 ) ) ;
#85 = CARTESIAN_POINT ( 'NONE',  ( -10.19946536880255117, 80.20849227359681777, 24.17413164017197857 ) ) ;
#86 = DIRECTION ( 'NONE',  ( 0.000000000000000000, -0.000000000000000000, 1.000000000000000000 ) ) ;
#87 = AXIS2_PLACEMENT_3D ( 'NONE', #2646, #239, #1023 ) ;
#88 = CARTESIAN_POINT ( 'NONE',  ( -36.52362188585566827, 8.398124997109492895, 26.53596457686149535 ) ) ;
#89 = CARTESIAN_POINT ( 'NONE',  ( 43.99999999999997868, 6.360833333333320461, 14.29646663424788500 ) ) ;
#90 = CARTESIAN_POINT ( 'NONE',  ( -45.14567943541666040, 8.451041663776157620, -5.528751181591550879E-15 ) ) ;
#91 = ORIENTED_EDGE ( 'NONE', *, *, #630, .T. ) ;
#92 = CARTESIAN_POINT ( 'NONE',  ( 5.840672785961403157, 80.25341492714568403, -22.06952990919175051 ) ) ;
#93 = CARTESIAN_POINT ( 'NONE',  ( -45.14567943541666040, 4.058958330442826501, 14.66872044838374300 ) ) ;
#94 = CARTESIAN_POINT ( 'NONE',  ( 27.19349550499537216, 4.667499999999997762, -37.42863556748975640 ) ) ;
#95 = CARTESIAN_POINT ( 'NONE',  ( 1.669598307439520424, 77.68391427888795420, 24.07215259851345834 ) ) ;
#96 = CARTESIAN_POINT ( 'NONE',  ( -27.19349550499538282, 7.842499999999998472, 37.42863556748974929 ) ) ;
#97 = CARTESIAN_POINT ( 'NONE',  ( 43.99999999999999289, 0.2066250000578097323, -14.29646663424787256 ) ) ;
#98 = CARTESIAN_POINT ( 'NONE',  ( -13.59674775249769141, 3.185833327552319627, 41.84648671698675315 ) ) ;
#99 = CARTESIAN_POINT ( 'NONE',  ( -11.07064369280972294, -2.556678653164413201E-17, -42.95590060609305283 ) ) ;
#100 = CARTESIAN_POINT ( 'NONE',  ( -10.56145975015321348, 80.78667081534835859, 23.90276961781741250 ) ) ;
#101 = CARTESIAN_POINT ( 'NONE',  ( -3.909837787237486317, 78.59975246748300037, -23.31473555982187662 ) ) ;
#102 = CARTESIAN_POINT ( 'NONE',  ( -3.481245463040266941, 91.65332940771617132, 20.03083680661046273 ) ) ;
#103 = CONICAL_SURFACE ( 'NONE', #1594, 20.00000000000000000, 0.1806785052468092012 ) ;
#104 = DIRECTION ( 'NONE',  ( 0.000000000000000000, 0.000000000000000000, -1.000000000000000000 ) ) ;
#105 = DIRECTION ( 'NONE',  ( 0.000000000000000000, -1.000000000000000000, 0.000000000000000000 ) ) ;
#106 = CARTESIAN_POINT ( 'NONE',  ( 0.000000000000000000, 181.9722436226800539, 0.000000000000000000 ) ) ;
#107 = VERTEX_POINT ( 'NONE', #230 ) ;
#108 = CARTESIAN_POINT ( 'NONE',  ( 2.447862835700353568, 92.11889622497770347, -23.96404001346223112 ) ) ;
#109 = CARTESIAN_POINT ( 'NONE',  ( 27.19349550499536150, 7.736666660885651581, 37.42863556748976350 ) ) ;
#110 = CARTESIAN_POINT ( 'NONE',  ( -45.14567943541665329, 1.730624997109492913, -14.66872044838375189 ) ) ;
#111 = CARTESIAN_POINT ( 'NONE',  ( -44.00000000000000000, 9.641666666666663943, -5.388445916248353619E-15 ) ) ;
#112 = CARTESIAN_POINT ( 'NONE',  ( 1.127249879741044181, 77.55918437713512503, 26.70474240090782558 ) ) ;
#113 = CARTESIAN_POINT ( 'NONE',  ( -13.59674775249768075, 4.969125000057808883, -41.84648671698676026 ) ) ;
#114 = CARTESIAN_POINT ( 'NONE',  ( 13.59674775249768608, 4.244166660885654530, -41.84648671698675315 ) ) ;
#115 = CARTESIAN_POINT ( 'NONE',  ( 0.000000000000000000, -818.0277563773199745, 0.000000000000000000 ) ) ;
#116 = CARTESIAN_POINT ( 'NONE',  ( 27.19349550499536150, 7.736666660885652469, 37.42863556748976350 ) ) ;
#117 = FACE_OUTER_BOUND ( 'NONE', #2342, .T. ) ;
#118 = CARTESIAN_POINT ( 'NONE',  ( 4.901811139061050149, 90.68863651430388018, 19.70010089968096878 ) ) ;
#119 = CARTESIAN_POINT ( 'NONE',  ( 27.90156433629465837, 9.562291663776157691, -38.40320870533926012 ) ) ;
#120 = CARTESIAN_POINT ( 'NONE',  ( -11.86763370883219970, 86.34865034740185763, -22.13438444033884878 ) ) ;
#121 = CARTESIAN_POINT ( 'NONE',  ( -13.95078216814732563, 8.027708330442825613, -42.93609260962512764 ) ) ;
#122 = VECTOR ( 'NONE', #1479, 1000.000000000000000 ) ;
#123 = ORIENTED_EDGE ( 'NONE', *, *, #3111, .T. ) ;
#124 = CARTESIAN_POINT ( 'NONE',  ( 3.400540060760719019, 95.63438259754965998, -23.18317506910640091 ) ) ;
#125 = CARTESIAN_POINT ( 'NONE',  ( -35.59674775249767720, 4.667499994218986537, -25.86255110086882070 ) ) ;
#126 = CARTESIAN_POINT ( 'NONE',  ( -13.59674775249768075, 9.218333333333331936, -41.84648671698676026 ) ) ;
#127 = CARTESIAN_POINT ( 'NONE',  ( 2.906636507328100180E-15, 5.805208330442825471, -47.46897651391098805 ) ) ;
#128 = CARTESIAN_POINT ( 'NONE',  ( 3.135026683063368402, 78.15873810446890957, 26.44339595938523502 ) ) ;
#129 = CARTESIAN_POINT ( 'NONE',  ( 13.59674775249768608, 6.874125000057809132, -41.84648671698675315 ) ) ;
#130 = CARTESIAN_POINT ( 'NONE',  ( 13.59674775249767720, 1.280833327552320267, 41.84648671698676026 ) ) ;
#131 = CARTESIAN_POINT ( 'NONE',  ( 5.145874874927821807, 95.03212546672027372, 22.96227981694293518 ) ) ;
#132 = CARTESIAN_POINT ( 'NONE',  ( 6.968915377692204594, 7.579244108882627451, 43.99999999889116964 ) ) ;
#133 =( BOUNDED_CURVE ( )  B_SPLINE_CURVE ( 2, ( #3156, #1839, #752, #492, #1554, #2625, #366, #2706, #903, #3289, #1427, #872, #1393, #319, #3307, #1098, #2996, #110, #1163, #1941, #631, #1974, #2481, #1408, #3243, #1362, #2691, #2174, #302, #2434, #856, #2191, #48, #1380, #1130, #3259, #1114, #2501, #3045, #93, #2449, #840, #2464, #3011, #1694, #334, #1908, #2980, #580, #2206, #612, #3275, #63, #1645, #2241, #1628, #1925, #3027, #595, #78, #888, #2221, #1661, #2721, #1675, #2737, #349, #1146, #1957, #2757, #921, #2295, #2809, #434, #940, #2827, #1764, #1727, #697, #1254, #3342, #2260, #3096, #2517, #647, #2568, #959, #2790, #1516, #999, #451, #1496, #2028, #158, #176, #1712, #1780, #1179, #2312, #2064, #2586, #3402, #1232 ),
 .UNSPECIFIED., .F., .T. ) 
 B_SPLINE_CURVE_WITH_KNOTS ( ( 3, 2, 2, 2, 2, 2, 2, 2, 2, 2, 2, 2, 2, 2, 2, 2, 2, 2, 2, 2, 2, 2, 2, 2, 2, 2, 2, 2, 2, 2, 2, 2, 2, 2, 2, 2, 2, 2, 2, 2, 2, 2, 2, 2, 2, 2, 2, 2, 2, 2, 2, 3 ),
 ( 0.1116148164043260366, 0.1234751730047415619, 0.1411144834339903564, 0.1587537938632391510, 0.1763931042924879455, 0.1940324147217367123, 0.2116717251509855346, 0.2293110355802343292, 0.2469503460094831238, 0.2645896564387318906, 0.2822289668679807129, 0.2998682772972294797, 0.3175075877264782465, 0.3351468981557270688, 0.3527862085849758356, 0.3704255190142246024, 0.3880648294434734247, 0.4057041398727222470, 0.4233434503019710138, 0.4409827607312198361, 0.4586220711604686584, 0.4762613815897174807, 0.4939006920189661920, 0.5115400024482150698, 0.5291793128774638921, 0.5468186233067126034, 0.5644579337359614257, 0.5820972441652102480, 0.5997365545944589593, 0.6173758650237077816, 0.6350151754529564929, 0.6526544858822054263, 0.6702937963114541375, 0.6879331067407029598, 0.7055724171699516711, 0.7232117275992004934, 0.7408510380284493158, 0.7584903484576981381, 0.7761296588869469604, 0.7937689693161956717, 0.8114082797454444940, 0.8290475901746933163, 0.8466869006039421386, 0.8643262110331908499, 0.8819655214624397832, 0.8996048318916883835, 0.9172441423209372058, 0.9348834527501860281, 0.9525227631794348504, 0.9701620736086836727, 0.9878013840379324950, 1.000000000000000222 ),
 .UNSPECIFIED. ) 
 CURVE ( )  GEOMETRIC_REPRESENTATION_ITEM ( )  RATIONAL_B_SPLINE_CURVE ( ( 0.9784370270027848981, 0.9670912776134623634, 1.000000000000000000, 0.9510565162951535312, 1.000000000000000000, 0.9510565162951535312, 1.000000000000000000, 0.9510565162951535312, 1.000000000000000000, 0.9510565162951535312, 1.000000000000000000, 0.9510565162951535312, 1.000000000000000000, 0.9510565162951535312, 1.000000000000000000, 0.9510565162951535312, 1.000000000000000000, 0.9510565162951535312, 1.000000000000000000, 0.9510565162951535312, 1.000000000000000000, 0.9510565162951535312, 1.000000000000000000, 0.9510565162951535312, 1.000000000000000000, 0.9510565162951535312, 1.000000000000000000, 0.9510565162951535312, 1.000000000000000000, 0.9510565162951535312, 1.000000000000000000, 0.9510565162951535312, 1.000000000000000000, 0.9510565162951535312, 1.000000000000000000, 0.9510565162951535312, 1.000000000000000000, 0.9510565162951535312, 1.000000000000000000, 0.9510565162951535312, 1.000000000000000000, 0.9510565162951535312, 1.000000000000000000, 0.9510565162951535312, 1.000000000000000000, 0.9510565162951535312, 1.000000000000000000, 0.9510565162951535312, 1.000000000000000000, 0.9510565162951535312, 1.000000000000000000, 0.9510565162951535312, 1.000000000000000000, 0.9510565162951535312, 1.000000000000000000, 0.9510565162951535312, 1.000000000000000000, 0.9510565162951535312, 1.000000000000000000, 0.9510565162951535312, 1.000000000000000000, 0.9510565162951535312, 1.000000000000000000, 0.9510565162951535312, 1.000000000000000000, 0.9510565162951535312, 1.000000000000000000, 0.9510565162951535312, 1.000000000000000000, 0.9510565162951535312, 1.000000000000000000, 0.9510565162951535312, 1.000000000000000000, 0.9510565162951535312, 1.000000000000000000, 0.9510565162951535312, 1.000000000000000000, 0.9510565162951535312, 1.000000000000000000, 0.9510565162951535312, 1.000000000000000000, 0.9510565162951535312, 1.000000000000000000, 0.9510565162951535312, 1.000000000000000000, 0.9510565162951535312, 1.000000000000000000, 0.9510565162951535312, 1.000000000000000000, 0.9510565162951535312, 1.000000000000000000, 0.9510565162951535312, 1.000000000000000000, 0.9510565162951535312, 1.000000000000000000, 0.9510565162951535312, 1.000000000000000000, 0.9510565162951535312, 1.000000000000000000, 0.9510565162951535312, 1.000000000000000000, 0.9661527153537436963, 0.9791201889334657515 ) ) 
 REPRESENTATION_ITEM ( '' )  );
#134 = CARTESIAN_POINT ( 'NONE',  ( -3.338641050436480739, 75.46328952609943030, -26.89995220415229227 ) ) ;
#135 = CARTESIAN_POINT ( 'NONE',  ( -8.374990316408821300, 78.13626565246035227, 25.26331849869763602 ) ) ;
#136 = CARTESIAN_POINT ( 'NONE',  ( -2.151456334746187249, 75.20450525998474234, -27.07080276802969010 ) ) ;
#137 = FACE_OUTER_BOUND ( 'NONE', #677, .T. ) ;
#138 = VERTEX_POINT ( 'NONE', #1030 ) ;
#139 = CARTESIAN_POINT ( 'NONE',  ( -3.020741334232082214E-07, 0.1166666632369150330, -44.00000000000000000 ) ) ;
#140 = CARTESIAN_POINT ( 'NONE',  ( 43.99999999999999289, 6.043333327552320000, -14.29646663424787256 ) ) ;
#141 = CARTESIAN_POINT ( 'NONE',  ( -13.59674775249768075, 8.689166660885653926, -41.84648671698676026 ) ) ;
#142 = CARTESIAN_POINT ( 'NONE',  ( 2.832873664143050884E-15, 4.879166666666665542, -46.26433786648375701 ) ) ;
#143 = CARTESIAN_POINT ( 'NONE',  ( -36.52362188585566827, 6.546041663776160036, 26.53596457686149535 ) ) ;
#144 = CARTESIAN_POINT ( 'NONE',  ( 3.725224374563963270, 78.48600796949170899, 23.40581953865558162 ) ) ;
#145 = CARTESIAN_POINT ( 'NONE',  ( -44.00000000000000000, 3.275791666724475970, -5.388445916248353619E-15 ) ) ;
#146 = CARTESIAN_POINT ( 'NONE',  ( -44.00000000000000000, 2.762499994218986732, -5.388445916248353619E-15 ) ) ;
#147 = CARTESIAN_POINT ( 'NONE',  ( 3.147784227395828527, 91.82570704440173870, 23.95112265283545483 ) ) ;
#148 = CARTESIAN_POINT ( 'NONE',  ( -7.165479889484459797, 82.38069131541823253, 25.02271663931025003 ) ) ;
#149 = CARTESIAN_POINT ( 'NONE',  ( -4.156181777703174873, 78.68830259296265695, -26.22162232870238796 ) ) ;
#150 = CARTESIAN_POINT ( 'NONE',  ( 8.397543372126783368, 78.14048517775776759, 25.25843708842797142 ) ) ;
#151 = CARTESIAN_POINT ( 'NONE',  ( 3.904853437571909502, 75.62854565448652977, -26.79195992679317939 ) ) ;
#152 = DIRECTION ( 'NONE',  ( -0.000000000000000000, -1.000000000000000000, -0.000000000000000000 ) ) ;
#153 = CARTESIAN_POINT ( 'NONE',  ( -11.67942727483175069, 83.65307665391374314, -22.78917221677129135 ) ) ;
#154 = CARTESIAN_POINT ( 'NONE',  ( 45.14567943541665329, 7.498541663776158828, -14.66872044838374478 ) ) ;
#155 = ORIENTED_EDGE ( 'NONE', *, *, #1943, .T. ) ;
#156 = CARTESIAN_POINT ( 'NONE',  ( 13.59674775249767897, 2.656666666666649412, -41.84648671698672473 ) ) ;
#157 = CARTESIAN_POINT ( 'NONE',  ( 13.59674775249767720, 5.514166660885652327, 41.84648671698676026 ) ) ;
#158 = CARTESIAN_POINT ( 'NONE',  ( 2.906636507328099785E-15, 9.773958330442823694, -47.46897651391099515 ) ) ;
#159 = CARTESIAN_POINT ( 'NONE',  ( -27.19349550499538282, 5.725833333333331332, 37.42863556748974929 ) ) ;
#160 = CARTESIAN_POINT ( 'NONE',  ( 45.14567943541665329, 3.053541663776159432, 14.66872044838375899 ) ) ;
#161 = CARTESIAN_POINT ( 'NONE',  ( -1.684597991254782823, 75.14106509317213067, 27.11302288914930614 ) ) ;
#162 = CARTESIAN_POINT ( 'NONE',  ( 27.19349550499536150, 5.619999994218986217, 37.42863556748976350 ) ) ;
#163 = CARTESIAN_POINT ( 'NONE',  ( 4.088516894282290259, 91.29261217928490169, 19.89771562491044676 ) ) ;
#164 = CARTESIAN_POINT ( 'NONE',  ( 0.000000000000000000, 10.00000000000000000, -44.00000000000000000 ) ) ;
#165 = VECTOR ( 'NONE', #3112, 1000.000000000000000 ) ;
#166 = DIRECTION ( 'NONE',  ( 1.000000000000000000, 0.000000000000000000, 0.000000000000000000 ) ) ;
#167 = CARTESIAN_POINT ( 'NONE',  ( 11.86222095441841518, 86.54154627911010778, 22.09734283235207286 ) ) ;
#168 = CARTESIAN_POINT ( 'NONE',  ( -7.283516814771487269, 86.82751983879748536, 19.31893008305157267 ) ) ;
#169 = CARTESIAN_POINT ( 'NONE',  ( -8.493077734529155265, 78.23528791176002528, -25.20636172192385516 ) ) ;
#170 = CARTESIAN_POINT ( 'NONE',  ( -0.6840949033400076651, 77.52867084001786679, 24.20520654760543877 ) ) ;
#171 = CARTESIAN_POINT ( 'NONE',  ( -11.76913701604941132, 87.25184378461307233, -21.99998124028488178 ) ) ;
#172 = CARTESIAN_POINT ( 'NONE',  ( 7.611540597146735365, 93.68160857605893455, -22.53196217242906840 ) ) ;
#173 = CARTESIAN_POINT ( 'NONE',  ( -7.328064694910224830, 86.63122875856791438, -19.34255441824944910 ) ) ;
#174 = CARTESIAN_POINT ( 'NONE',  ( -1.936988439943839078E-11, 75.03909122581700331, 27.18109142242854404 ) ) ;
#175 = CARTESIAN_POINT ( 'NONE',  ( 13.59674775249767720, 7.630833327552320355, 41.84648671698676026 ) ) ;
#176 = CARTESIAN_POINT ( 'NONE',  ( -13.95078216814732563, 9.879791663776158472, -42.93609260962512764 ) ) ;
#177 = CARTESIAN_POINT ( 'NONE',  ( -8.498620992429152652E-15, 5.937499999999997335, 46.26433786648375701 ) ) ;
#178 = AXIS2_PLACEMENT_3D ( 'NONE', #564, #2138, #545 ) ;
#179 = CARTESIAN_POINT ( 'NONE',  ( -8.719909521984299356E-15, 2.630208330442826981, 47.46897651391098805 ) ) ;
#180 = CARTESIAN_POINT ( 'NONE',  ( 11.36586914732484388, 82.48149113715837188, 23.18704370275430193 ) ) ;
#181 = CARTESIAN_POINT ( 'NONE',  ( -13.59674775249769141, 7.419166660885652576, 41.84648671698675315 ) ) ;
#182 = CARTESIAN_POINT ( 'NONE',  ( 5.817528286775666579, 89.76671281223947574, 24.01427651558919507 ) ) ;
#183 = CARTESIAN_POINT ( 'NONE',  ( -6.801722698386918786, 76.93312935633728955, -25.96787691649369378 ) ) ;
#184 = DIRECTION ( 'NONE',  ( 1.000000000000000000, 0.000000000000000000, 0.000000000000000000 ) ) ;
#185 = CARTESIAN_POINT ( 'NONE',  ( -43.29195070231690323, -8.856455998072514105E-17, -12.26213966499128816 ) ) ;
#186 = CARTESIAN_POINT ( 'NONE',  ( 6.968912407426619104, 5.462577419096232845, 44.00000096398895977 ) ) ;
#187 = CARTESIAN_POINT ( 'NONE',  ( -7.584195089161676506, 84.13841996448734051, -24.69615760332153798 ) ) ;
#188 = CARTESIAN_POINT ( 'NONE',  ( -1.837786864925320174, 77.71833540093923887, 24.04274508341612915 ) ) ;
#189 = DIRECTION ( 'NONE',  ( -0.7091764795788232378, -0.7050310069863500173, 0.000000000000000000 ) ) ;
#190 = CARTESIAN_POINT ( 'NONE',  ( 6.589142712955646353, 88.62351894399229479, -24.17157959306372561 ) ) ;
#191 = ORIENTED_EDGE ( 'NONE', *, *, #2590, .F. ) ;
#192 = CARTESIAN_POINT ( 'NONE',  ( 45.14567943541666040, 0.7781249971094933437, 0.000000000000000000 ) ) ;
#193 = DIRECTION ( 'NONE',  ( 0.000000000000000000, -1.000000000000000000, 0.000000000000000000 ) ) ;
#194 = CARTESIAN_POINT ( 'NONE',  ( -11.72539838656759237, 83.88209993346787030, 22.71843361685273166 ) ) ;
#195 = CARTESIAN_POINT ( 'NONE',  ( 35.59674775249768430, 1.915833327552320275, -25.86255110086881714 ) ) ;
#196 = CARTESIAN_POINT ( 'NONE',  ( -45.14567943541665329, 4.111874997109493890, -14.66872044838375189 ) ) ;
#197 = CARTESIAN_POINT ( 'NONE',  ( 7.113522722269134846, 87.39204034526251519, 24.40015456466471022 ) ) ;
#198 = CARTESIAN_POINT ( 'NONE',  ( -35.59674775249767720, 11.01749999421898707, -25.86255110086882070 ) ) ;
#199 = SHAPE_DEFINITION_REPRESENTATION ( #1676, #1236 ) ;
#200 = CARTESIAN_POINT ( 'NONE',  ( 11.42625975981233211, 82.71847557454805155, -23.10789339988725644 ) ) ;
#201 = CARTESIAN_POINT ( 'NONE',  ( -45.14567943541666040, -0.01562500289050642449, -5.528751181591550879E-15 ) ) ;
#202 = CARTESIAN_POINT ( 'NONE',  ( -7.503755417990852550, 84.92993014477752922, -19.70432198340305519 ) ) ;
#203 = DIRECTION ( 'NONE',  ( 0.000000000000000000, 0.000000000000000000, -1.000000000000000000 ) ) ;
#204 = CARTESIAN_POINT ( 'NONE',  ( -43.99999999999998579, 2.656666660885652842, -14.29646663424788322 ) ) ;
#205 = CARTESIAN_POINT ( 'NONE',  ( 6.302123659828836821, 94.47407444086850603, -22.77503623443488934 ) ) ;
#206 = CARTESIAN_POINT ( 'NONE',  ( -4.227028577147738275, 91.20417930707151299, -19.86589797919532074 ) ) ;
#207 = CARTESIAN_POINT ( 'NONE',  ( -13.95078216814732563, -0.7035416695571732326, -42.93609260962512764 ) ) ;
#208 = CARTESIAN_POINT ( 'NONE',  ( -7.500000000000003553, 85.00000000000000000, 19.68680216366897895 ) ) ;
#209 = ORIENTED_EDGE ( 'NONE', *, *, #925, .F. ) ;
#210 = CARTESIAN_POINT ( 'NONE',  ( 44.00000000000000000, -0.4125000057810129239, 0.000000000000000000 ) ) ;
#211 = CARTESIAN_POINT ( 'NONE',  ( 36.52362188585566827, 1.254374997109493739, -26.53596457686149890 ) ) ;
#212 = ADVANCED_FACE ( 'NONE', ( #1779 ), #961, .T. ) ;
#213 = VECTOR ( 'NONE', #721, 1000.000000000000000 ) ;
#214 = CARTESIAN_POINT ( 'NONE',  ( 13.95078216814732031, 6.969374997109493819, 42.93609260962512764 ) ) ;
#215 = CARTESIAN_POINT ( 'NONE',  ( 7.365946453535323180, 86.43323245930208998, 19.37150540679239796 ) ) ;
#216 = CARTESIAN_POINT ( 'NONE',  ( -35.59674775249768430, 5.090833327552318543, 25.86255110086881004 ) ) ;
#217 =( NAMED_UNIT ( * ) PLANE_ANGLE_UNIT ( ) SI_UNIT ( $, .RADIAN. ) );
#218 = CARTESIAN_POINT ( 'NONE',  ( 9.200312523355918870, 92.26508733915608218, 22.20508298440327621 ) ) ;
#219 =( BOUNDED_CURVE ( )  B_SPLINE_CURVE ( 2, ( #1359, #1888, #244, #2132, #2114, #2651, #3188, #280, #3454, #3205, #1045, #795, #2415 ),
 .UNSPECIFIED., .F., .T. ) 
 B_SPLINE_CURVE_WITH_KNOTS ( ( 3, 2, 2, 2, 2, 2, 3 ),
 ( 0.6383777272047260753, 0.6522246038998342765, 0.6799183572900503458, 0.7076121106802666372, 0.7353058640704828175, 0.7629996174606989978, 0.7768464941558070880 ),
 .UNSPECIFIED. ) 
 CURVE ( )  GEOMETRIC_REPRESENTATION_ITEM ( )  RATIONAL_B_SPLINE_CURVE ( ( 0.9755282581475768211, 0.9755282581475765991, 1.000000000000000000, 0.9510565162951536422, 1.000000000000000000, 0.9510565162951536422, 1.000000000000000000, 0.9510565162951536422, 1.000000000000000000, 0.9510565162951536422, 1.000000000000000000, 0.9755282581475768211, 0.9755282581475768211 ) ) 
 REPRESENTATION_ITEM ( '' )  );
#220 = CARTESIAN_POINT ( 'NONE',  ( 45.14567943541665329, 1.148541663776159627, -14.66872044838374300 ) ) ;
#221 = CARTESIAN_POINT ( 'NONE',  ( -7.383487358862691252, 86.40645364374583437, -19.36617538096156110 ) ) ;
#222 = CARTESIAN_POINT ( 'NONE',  ( -43.99999999999995737, 1.174999999999979394, -5.388445916248348885E-15 ) ) ;
#223 = CARTESIAN_POINT ( 'NONE',  ( -44.00000000000000000, 2.868333327552320178, 14.29646663424786901 ) ) ;
#224 = CARTESIAN_POINT ( 'NONE',  ( -3.909837787237485429, 78.59975246748300037, -23.31473555982187662 ) ) ;
#225 = CARTESIAN_POINT ( 'NONE',  ( -6.783820685845606491, 88.21589584664326367, -19.27754776800110292 ) ) ;
#226 = CARTESIAN_POINT ( 'NONE',  ( 27.90156433629465127, 4.693958330442827176, 38.40320870533926723 ) ) ;
#227 = CARTESIAN_POINT ( 'NONE',  ( 45.14567943541665329, 5.117291663776159183, -14.66872044838374300 ) ) ;
#228 = LINE ( 'NONE', #299, #1160 ) ;
#229 = VERTEX_POINT ( 'NONE', #2450 ) ;
#230 = CARTESIAN_POINT ( 'NONE',  ( -6.148299224709892208, 76.57874468029065440, -26.18778183344854327 ) ) ;
#231 = CARTESIAN_POINT ( 'NONE',  ( 45.14567943541665329, 0.9368749971094935125, 14.66872044838375899 ) ) ;
#232 = CARTESIAN_POINT ( 'NONE',  ( -0.1299443597198924882, 92.50439893258902657, -23.99184010533076972 ) ) ;
#233 = CARTESIAN_POINT ( 'NONE',  ( -45.14567943541665329, 8.345208330442824618, -14.66872044838375189 ) ) ;
#234 = CARTESIAN_POINT ( 'NONE',  ( -27.19349550499536861, 6.678333327552318011, -37.42863556748975640 ) ) ;
#235 = CARTESIAN_POINT ( 'NONE',  ( 5.965995130083722842, 89.58360949018016584, 24.03301158318562969 ) ) ;
#236 = DIRECTION ( 'NONE',  ( -0.000000000000000000, -1.000000000000000000, -0.000000000000000000 ) ) ;
#237 = CARTESIAN_POINT ( 'NONE',  ( -7.099277877329455144, 82.56960918968312058, -20.66841483121330825 ) ) ;
#238 = CARTESIAN_POINT ( 'NONE',  ( 43.99999999999998579, 3.714999994218985968, 14.29646663424789033 ) ) ;
#239 = DIRECTION ( 'NONE',  ( 0.000000000000000000, -1.000000000000000000, 0.000000000000000000 ) ) ;
#240 = CARTESIAN_POINT ( 'NONE',  ( -6.367214126458587309, 81.02441914593117644, -21.55995076024266410 ) ) ;
#241 = CARTESIAN_POINT ( 'NONE',  ( 0.4953068942193170066, 92.49120402875968239, -20.38975355547133717 ) ) ;
#242 = CARTESIAN_POINT ( 'NONE',  ( -27.90156433629465482, -0.5977083362238396758, -38.40320870533926012 ) ) ;
#243 = CARTESIAN_POINT ( 'NONE',  ( -36.52362188585566827, 2.048124997109493250, 26.53596457686149535 ) ) ;
#244 = CARTESIAN_POINT ( 'NONE',  ( -13.59674775249767542, 4.984999999999984333, -41.84648671698673894 ) ) ;
#245 =( BOUNDED_CURVE ( )  B_SPLINE_CURVE ( 2, ( #987, #1244, #442, #1842, #3392, #2374, #1811, #741, #3180, #2055, #2089, #2577, #2037 ),
 .UNSPECIFIED., .F., .T. ) 
 B_SPLINE_CURVE_WITH_KNOTS ( ( 3, 2, 2, 2, 2, 2, 3 ),
 ( 0.3614487621510507065, 0.3752948658264496640, 0.4029870731772475234, 0.4306792805280453829, 0.4583714878788432978, 0.4860636952296411573, 0.4999097989050401147 ),
 .UNSPECIFIED. ) 
 CURVE ( )  GEOMETRIC_REPRESENTATION_ITEM ( )  RATIONAL_B_SPLINE_CURVE ( ( 0.9755282581475768211, 0.9755282581475768211, 1.000000000000000000, 0.9510565162951535312, 1.000000000000000000, 0.9510565162951535312, 1.000000000000000000, 0.9510565162951535312, 1.000000000000000000, 0.9510565162951535312, 1.000000000000000000, 0.9755282581475767101, 0.9755282581475768211 ) ) 
 REPRESENTATION_ITEM ( '' )  );
#246 = ORIENTED_EDGE ( 'NONE', *, *, #994, .T. ) ;
#247 = CARTESIAN_POINT ( 'NONE',  ( -10.89700716228171729, 81.39516118000379663, 23.62984013022737173 ) ) ;
#248 = CARTESIAN_POINT ( 'NONE',  ( -36.52362188585566827, 4.429374997109492895, 26.53596457686149535 ) ) ;
#249 = CARTESIAN_POINT ( 'NONE',  ( -8.449438899097582834, 93.01520702186634537, -22.35994174856219274 ) ) ;
#250 = CARTESIAN_POINT ( 'NONE',  ( 36.52362188585566827, 9.721041663776158970, -26.53596457686149890 ) ) ;
#251 = CARTESIAN_POINT ( 'NONE',  ( 8.671345594148343494, 92.78156912596654138, 22.31444286493729123 ) ) ;
#252 = CARTESIAN_POINT ( 'NONE',  ( -43.99999999999999289, 3.185833333333332629, -14.29646663424788144 ) ) ;
#253 = CARTESIAN_POINT ( 'NONE',  ( 6.072293862309769530, 89.40907592632711953, 19.40488764838066515 ) ) ;
#254 = EDGE_CURVE ( 'NONE', #2059, #1303, #1513, .T. ) ;
#255 = CARTESIAN_POINT ( 'NONE',  ( -36.52362188585566116, 1.889374997109493304, -26.53596457686150600 ) ) ;
#256 = CARTESIAN_POINT ( 'NONE',  ( -3.770179450657590081, 91.48830328577847126, 19.96909564030908157 ) ) ;
#257 = CARTESIAN_POINT ( 'NONE',  ( 2.758946344113034410, 95.76455435288184503, 23.23523934258836832 ) ) ;
#258 = CARTESIAN_POINT ( 'NONE',  ( 4.807528915188440166, 79.15328053066950531, -26.03703709674016764 ) ) ;
#259 = CARTESIAN_POINT ( 'NONE',  ( -11.78686117494778607, 87.12650477416364936, 22.01646061949475452 ) ) ;
#260 = CARTESIAN_POINT ( 'NONE',  ( 45.14567943541665329, -1.232708336223840018, -14.66872044838374300 ) ) ;
#261 = CARTESIAN_POINT ( 'NONE',  ( 36.52362188585566116, 0.5664583304428266741, 26.53596457686150956 ) ) ;
#262 = CARTESIAN_POINT ( 'NONE',  ( 0.5500771089964389127, 96.03909122581754332, -23.34500906948758825 ) ) ;
#263 = ORIENTED_EDGE ( 'NONE', *, *, #1943, .F. ) ;
#264 = CARTESIAN_POINT ( 'NONE',  ( 45.14567943541666040, 3.159374997109493322, 0.000000000000000000 ) ) ;
#265 = CARTESIAN_POINT ( 'NONE',  ( -7.871698100314014290, 93.48827991751977606, -22.48135126384564231 ) ) ;
#266 = CARTESIAN_POINT ( 'NONE',  ( 2.906636507328100180E-15, 10.03854166377615620, -47.46897651391098805 ) ) ;
#267 = EDGE_CURVE ( 'NONE', #1657, #1962, #1099, .T. ) ;
#268 = CARTESIAN_POINT ( 'NONE',  ( -44.00000000000000000, 9.625791666724474283, -5.388445916248353619E-15 ) ) ;
#269 = EDGE_CURVE ( 'NONE', #561, #1603, #2302, .T. ) ;
#270 = CARTESIAN_POINT ( 'NONE',  ( -43.99999999999999289, 11.12333332755232007, -14.29646663424788144 ) ) ;
#271 = CARTESIAN_POINT ( 'NONE',  ( -4.033868650072991002, 78.67274311007506071, 23.25590715436130296 ) ) ;
#272 = CARTESIAN_POINT ( 'NONE',  ( 13.59674775249767720, 9.747499994218985719, 41.84648671698676026 ) ) ;
#273 = CARTESIAN_POINT ( 'NONE',  ( -45.14567943541666040, 6.440208330442826146, 14.66872044838374123 ) ) ;
#274 = CARTESIAN_POINT ( 'NONE',  ( -4.394538676684643264, 91.08272854527812967, 19.82564928176690344 ) ) ;
#275 = CARTESIAN_POINT ( 'NONE',  ( -43.99999999999998579, 4.773333327552318650, -14.29646663424788322 ) ) ;
#276 = CARTESIAN_POINT ( 'NONE',  ( 11.82357480227613600, 84.34696292740468948, -22.57266912066478071 ) ) ;
#277 = CARTESIAN_POINT ( 'NONE',  ( -44.00000000000000000, 6.995833327552319680, -5.388445916248353619E-15 ) ) ;
#278 = CARTESIAN_POINT ( 'NONE',  ( 45.14567943541665329, 7.022291663776160320, 14.66872044838375899 ) ) ;
#279 = CARTESIAN_POINT ( 'NONE',  ( -27.90156433629466548, 0.03729166377615996536, 38.40320870533925302 ) ) ;
#280 = CARTESIAN_POINT ( 'NONE',  ( -43.99999999999997868, 5.514166666666651118, 14.29646663424786190 ) ) ;
#281 = AXIS2_PLACEMENT_3D ( 'NONE', #2044, #2566, #1269 ) ;
#282 = EDGE_LOOP ( 'NONE', ( #760, #2274 ) ) ;
#283 = CARTESIAN_POINT ( 'NONE',  ( -13.95078216814732563, 1.677708330442826412, -42.93609260962512764 ) ) ;
#284 = ORIENTED_EDGE ( 'NONE', *, *, #576, .T. ) ;
#285 = CARTESIAN_POINT ( 'NONE',  ( 0.1407219415065442403, 92.50296254254780592, -20.39521339608965178 ) ) ;
#286 = CARTESIAN_POINT ( 'NONE',  ( 35.59674775249767720, 9.959166660885653499, 25.86255110086882425 ) ) ;
#287 = CARTESIAN_POINT ( 'NONE',  ( -8.498620992429152652E-15, 8.038291666724475704, 46.26433786648375701 ) ) ;
#288 = CARTESIAN_POINT ( 'NONE',  ( -44.00000000000000000, 11.22916666088565307, -5.388445916248353619E-15 ) ) ;
#289 = CIRCLE ( 'NONE', #843, 44.00000000000000000 ) ;
#290 = CARTESIAN_POINT ( 'NONE',  ( -6.023336406951646183, 76.50564038424622026, 26.23279876049445392 ) ) ;
#291 = CARTESIAN_POINT ( 'NONE',  ( -35.59674775249768430, 11.44083332755231908, 25.86255110086881004 ) ) ;
#292 = CARTESIAN_POINT ( 'NONE',  ( 13.59674775249768608, 9.006666666666664156, -41.84648671698675315 ) ) ;
#293 = CARTESIAN_POINT ( 'NONE',  ( -45.14567943541666040, 8.556874997109492398, 14.66872044838374123 ) ) ;
#294 = CARTESIAN_POINT ( 'NONE',  ( -0.6992248560081008035, 96.02728699803334678, 23.34018396196295342 ) ) ;
#295 = CARTESIAN_POINT ( 'NONE',  ( 34.48381292443703927, 1.440395141554021602E-16, 27.69678596850120655 ) ) ;
#296 = CARTESIAN_POINT ( 'NONE',  ( 7.447856128384557906, 86.26511862285313725, -24.51984259181875103 ) ) ;
#297 = CARTESIAN_POINT ( 'NONE',  ( 13.95078216814732031, 6.704791663776159538, 42.93609260962512764 ) ) ;
#298 = CARTESIAN_POINT ( 'NONE',  ( 45.14567943541665329, 3.000624997109492931, -14.66872044838374300 ) ) ;
#299 = CARTESIAN_POINT ( 'NONE',  ( 2.449293598294706513E-15, 170.0000000000000000, 20.00000000000000000 ) ) ;
#300 = EDGE_LOOP ( 'NONE', ( #1176, #918, #2204, #1060 ) ) ;
#301 = CARTESIAN_POINT ( 'NONE',  ( -10.15780828224876942, 91.08692958553349683, -22.02043208909108429 ) ) ;
#302 = CARTESIAN_POINT ( 'NONE',  ( 45.14567943541666040, 2.894791663776159929, 0.000000000000000000 ) ) ;
#303 = CARTESIAN_POINT ( 'NONE',  ( 0.000000000000000000, 85.00000000000000000, -51.05600000000000449 ) ) ;
#304 = CARTESIAN_POINT ( 'NONE',  ( -13.59674775249768075, 0.7516666666666661500, -41.84648671698676026 ) ) ;
#305 = CARTESIAN_POINT ( 'NONE',  ( -3.011468747064063312, 78.08720313723109996, 26.47286159426474583 ) ) ;
#306 = CARTESIAN_POINT ( 'NONE',  ( -27.19349550499538282, -0.6241666666666670915, 37.42863556748974929 ) ) ;
#307 = CARTESIAN_POINT ( 'NONE',  ( -43.99999999999999289, 9.535833333333329165, -14.29646663424788144 ) ) ;
#308 = CARTESIAN_POINT ( 'NONE',  ( -27.90156433629466548, 2.418541663776159201, 38.40320870533925302 ) ) ;
#309 = DIRECTION ( 'NONE',  ( 0.000000000000000000, 0.000000000000000000, -1.000000000000000000 ) ) ;
#310 = CARTESIAN_POINT ( 'NONE',  ( -9.083761636342881474, 92.41443671357598078, 22.22931696653727940 ) ) ;
#311 = CARTESIAN_POINT ( 'NONE',  ( 7.164406010170004002, 82.73184410975736114, -20.58001760361519317 ) ) ;
#312 = CARTESIAN_POINT ( 'NONE',  ( 13.95078216814733096, 5.434791663776159076, -42.93609260962512053 ) ) ;
#313 = CARTESIAN_POINT ( 'NONE',  ( 27.90156433629465837, 7.445624997109491439, -38.40320870533926012 ) ) ;
#314 = CARTESIAN_POINT ( 'NONE',  ( -43.99999999999997158, 9.641666666666649732, -5.388445916248350463E-15 ) ) ;
#315 = ORIENTED_EDGE ( 'NONE', *, *, #3384, .T. ) ;
#316 = ADVANCED_FACE ( 'NONE', ( #1331 ), #1609, .T. ) ;
#317 = CARTESIAN_POINT ( 'NONE',  ( 0.7182585213285274106, 77.53236920842901725, -24.20203277557761368 ) ) ;
#318 = ADVANCED_FACE ( 'NONE', ( #822 ), #2692, .F. ) ;
#319 = CARTESIAN_POINT ( 'NONE',  ( 2.906636507328099785E-15, 1.307291663776159796, -47.46897651391099515 ) ) ;
#320 = CARTESIAN_POINT ( 'NONE',  ( 3.795976857673597937, 75.58668300829361897, 26.81906388853110101 ) ) ;
#321 = CARTESIAN_POINT ( 'NONE',  ( -29.87620931546828373, 11.51287967739647833, 33.73619678095651864 ) ) ;
#322 = CARTESIAN_POINT ( 'NONE',  ( -2.164594699708636494, 5.203531843183195633E-17, 44.70008305306122764 ) ) ;
#323 = CARTESIAN_POINT ( 'NONE',  ( -35.59674775249767720, 11.01749999421898707, -25.86255110086882070 ) ) ;
#324 = CARTESIAN_POINT ( 'NONE',  ( -13.59674775249769141, 1.582458333391142835, 41.84648671698675315 ) ) ;
#325 = CARTESIAN_POINT ( 'NONE',  ( 36.52362188585566827, 5.487708330442826465, -26.53596457686149890 ) ) ;
#326 = CARTESIAN_POINT ( 'NONE',  ( 0.6999447187973616424, 5.208844791172183378E-18, -44.22480991481481283 ) ) ;
#327 = CARTESIAN_POINT ( 'NONE',  ( -1.908563312288021230, 95.91178017178673088, 23.29354254513924971 ) ) ;
#328 = CARTESIAN_POINT ( 'NONE',  ( 8.427293840066539587, 78.17577661221423568, -25.23989457401452086 ) ) ;
#329 = CARTESIAN_POINT ( 'NONE',  ( 2.906636507328100180E-15, -0.5447916695571730639, -47.46897651391098805 ) ) ;
#330 = CARTESIAN_POINT ( 'NONE',  ( -14.86400358925868836, 10.72286465499687225, 43.38710605353752925 ) ) ;
#331 = CARTESIAN_POINT ( 'NONE',  ( 27.19349550499536150, 6.784166666666651579, -37.42863556748973508 ) ) ;
#332 = ORIENTED_EDGE ( 'NONE', *, *, #2722, .T. ) ;
#333 = CARTESIAN_POINT ( 'NONE',  ( 3.067393141897090558, 91.86254563595865363, -20.11427261148204693 ) ) ;
#334 = CARTESIAN_POINT ( 'NONE',  ( 27.90156433629465127, 4.693958330442827176, 38.40320870533926012 ) ) ;
#335 = CARTESIAN_POINT ( 'NONE',  ( 13.59674775249767720, 3.926666666666665861, 41.84648671698676026 ) ) ;
#336 = CARTESIAN_POINT ( 'NONE',  ( -27.55402025200634242, 1.198185070835015235E-16, 35.74793367778343622 ) ) ;
#337 = CARTESIAN_POINT ( 'NONE',  ( 43.99999999999999289, 0.01083333333333318105, 14.29646663424789210 ) ) ;
#338 = CARTESIAN_POINT ( 'NONE',  ( 13.59674775249767720, -0.3225416666088567474, 41.84648671698676026 ) ) ;
#339 = CARTESIAN_POINT ( 'NONE',  ( 45.14567943541666040, 7.392708330442826714, 0.000000000000000000 ) ) ;
#340 = CARTESIAN_POINT ( 'NONE',  ( -21.36863773823308321, 10.00057788677030679, 38.46272638818211931 ) ) ;
#341 = CARTESIAN_POINT ( 'NONE',  ( -7.453273952054822793, 86.23936802923233813, 24.52174951996726548 ) ) ;
#342 = CARTESIAN_POINT ( 'NONE',  ( 5.388445916248353619E-15, 10.00000000000000000, 44.00000000000000000 ) ) ;
#343 = CARTESIAN_POINT ( 'NONE',  ( 36.52362188585566116, 6.916458330442825542, 26.53596457686150956 ) ) ;
#344 = CARTESIAN_POINT ( 'NONE',  ( -27.90156433629465482, 7.868958330442825222, -38.40320870533926012 ) ) ;
#345 = CARTESIAN_POINT ( 'NONE',  ( -35.59674775249767720, 11.01749999421911497, -25.86255110086882070 ) ) ;
#346 = CLOSED_SHELL ( 'NONE', ( #3226, #613, #3424, #2137, #2281, #2531, #3421, #1124, #1241, #2685, #1685, #826, #1292, #3110, #3209, #318, #1869, #3268, #534, #2126, #1483, #2486, #509, #463, #2748, #2232, #2219, #2245, #212, #316, #1882, #870 ) ) ;
#347 = EDGE_LOOP ( 'NONE', ( #2416, #1014, #2345, #2862 ) ) ;
#348 = CARTESIAN_POINT ( 'NONE',  ( 2.741111953565325887, 78.01077686276427414, -23.79591865090651481 ) ) ;
#349 = CARTESIAN_POINT ( 'NONE',  ( 36.52362188585566116, 6.916458330442825542, 26.53596457686150956 ) ) ;
#350 = CARTESIAN_POINT ( 'NONE',  ( -27.19349550499536861, 5.090833333333333321, -37.42863556748975640 ) ) ;
#351 = CARTESIAN_POINT ( 'NONE',  ( 3.934702687952035483, 78.61049808730105326, 23.30560927707334073 ) ) ;
#352 = CARTESIAN_POINT ( 'NONE',  ( 13.59674775249768608, 4.773333333333332540, -41.84648671698675315 ) ) ;
#353 = CARTESIAN_POINT ( 'NONE',  ( -27.19349550499538282, -0.6400416666088568629, 37.42863556748974929 ) ) ;
#354 = CARTESIAN_POINT ( 'NONE',  ( 2.906636507328100180E-15, 10.03854166377615620, -47.46897651391098805 ) ) ;
#355 = CARTESIAN_POINT ( 'NONE',  ( 6.158364642424120738, -5.716774528298893468E-17, -43.72565731167199488 ) ) ;
#356 = CARTESIAN_POINT ( 'NONE',  ( 41.39545876267576574, 2.548636069861873071E-15, 14.91361773104062571 ) ) ;
#357 = DIRECTION ( 'NONE',  ( -0.000000000000000000, -1.000000000000000000, -0.000000000000000000 ) ) ;
#358 = EDGE_CURVE ( 'NONE', #1063, #1868, #1377, .T. ) ;
#359 = CARTESIAN_POINT ( 'NONE',  ( -7.500000000000003553, 85.35920487076134577, 19.58269036454186107 ) ) ;
#360 = CARTESIAN_POINT ( 'NONE',  ( -7.557520462709257289E-15, 5.937499999999997335, 43.99999999999998579 ) ) ;
#361 = CARTESIAN_POINT ( 'NONE',  ( -27.19349550499535439, 9.324166666666648950, -37.42863556748973508 ) ) ;
#362 = CARTESIAN_POINT ( 'NONE',  ( -30.65413110062897317, 10.85142134697425575, 34.61462557601966950 ) ) ;
#363 = VERTEX_POINT ( 'NONE', #441 ) ;
#364 = CARTESIAN_POINT ( 'NONE',  ( 7.389131222965627188, 83.67332219924607273, -20.15126813949574469 ) ) ;
#365 = CARTESIAN_POINT ( 'NONE',  ( -43.99999999999999289, 6.889999994218984902, -14.29646663424788144 ) ) ;
#366 = CARTESIAN_POINT ( 'NONE',  ( 36.52362188585566116, 0.5664583304428266741, 26.53596457686150956 ) ) ;
#367 = CARTESIAN_POINT ( 'NONE',  ( -27.19349550499536861, 9.324166666666663161, -37.42863556748975640 ) ) ;
#368 = CARTESIAN_POINT ( 'NONE',  ( 6.019533780441182813, 80.52008307517459684, 21.89260282037756511 ) ) ;
#369 = EDGE_CURVE ( 'NONE', #901, #1889, #1322, .T. ) ;
#370 = CARTESIAN_POINT ( 'NONE',  ( -13.59674775249768075, 2.852458333391143075, -41.84648671698676026 ) ) ;
#371 = CARTESIAN_POINT ( 'NONE',  ( 43.99999999999999289, 3.926666660885653748, -14.29646663424787256 ) ) ;
#372 = CARTESIAN_POINT ( 'NONE',  ( -20.48751707300090175, 1.558261178089301394E-17, -39.52283635367297165 ) ) ;
#373 = CARTESIAN_POINT ( 'NONE',  ( -7.575407642618586124, 85.52832016438046026, 24.56307092955160343 ) ) ;
#374 = CARTESIAN_POINT ( 'NONE',  ( -2.125099353896263477, 77.80299878581953976, -23.97095793490978721 ) ) ;
#375 = CARTESIAN_POINT ( 'NONE',  ( -4.116862374435872773, 91.27991292706147419, 19.89256673572629808 ) ) ;
#376 = CARTESIAN_POINT ( 'NONE',  ( -21.92503793228911846, 10.86047371726816380, 39.46422536111771251 ) ) ;
#377 = CARTESIAN_POINT ( 'NONE',  ( 44.00000000000000711, 10.08677635263748584, 11.35481326533145818 ) ) ;
#378 = CARTESIAN_POINT ( 'NONE',  ( -27.90156433629465482, 10.25020833044282398, -38.40320870533925302 ) ) ;
#379 = ORIENTED_EDGE ( 'NONE', *, *, #1552, .F. ) ;
#380 = CARTESIAN_POINT ( 'NONE',  ( 6.968915374279633923, 8.108410781303748038, 44.00000000000000000 ) ) ;
#381 = EDGE_CURVE ( 'NONE', #1709, #3400, #913, .T. ) ;
#382 = CARTESIAN_POINT ( 'NONE',  ( -13.59674775249768075, 8.689166660885653926, -41.84648671698676026 ) ) ;
#383 = CARTESIAN_POINT ( 'NONE',  ( 13.59674775249768608, 2.127499994218986945, -41.84648671698675315 ) ) ;
#384 = CARTESIAN_POINT ( 'NONE',  ( 13.59674775249767720, 8.159999999999998366, 41.84648671698676026 ) ) ;
#385 = CARTESIAN_POINT ( 'NONE',  ( -0.6913548973724413793, 77.52506466213482383, 26.72029193930618973 ) ) ;
#386 = CARTESIAN_POINT ( 'NONE',  ( -35.59674775249768430, 3.487458333391142418, 25.86255110086881004 ) ) ;
#387 = CARTESIAN_POINT ( 'NONE',  ( -45.14567943541666040, 10.56770833044282476, -5.528751181591550879E-15 ) ) ;
#388 = CARTESIAN_POINT ( 'NONE',  ( 2.892834970155247376, 95.73638092535696842, 23.22419828731686664 ) ) ;
#389 = CARTESIAN_POINT ( 'NONE',  ( -1.639658765393616768, 77.67713219606461905, -24.07788975157011890 ) ) ;
#390 = CARTESIAN_POINT ( 'NONE',  ( 0.000000000000000000, 10.00000000000000000, -44.00000000000000000 ) ) ;
#391 = DIRECTION ( 'NONE',  ( 0.000000000000000000, -0.000000000000000000, -1.000000000000000000 ) ) ;
#392 = CARTESIAN_POINT ( 'NONE',  ( -11.01273571504983373, 89.60100024725993251, -21.90922273517182006 ) ) ;
#393 = CARTESIAN_POINT ( 'NONE',  ( 36.52362188585566827, 7.604374997109493606, -26.53596457686149890 ) ) ;
#394 = ORIENTED_EDGE ( 'NONE', *, *, #629, .F. ) ;
#395 = CARTESIAN_POINT ( 'NONE',  ( -7.434339750547404257, 83.97742741402181821, 20.03087194298381490 ) ) ;
#396 = CARTESIAN_POINT ( 'NONE',  ( -13.59674775249769141, 7.419166660885653464, 41.84648671698675315 ) ) ;
#397 = CARTESIAN_POINT ( 'NONE',  ( 27.19349550499536150, 1.386666660885653268, 37.42863556748976350 ) ) ;
#398 = CARTESIAN_POINT ( 'NONE',  ( -44.00000000000000000, 7.524999999999998579, -5.388445916248353619E-15 ) ) ;
#399 = CARTESIAN_POINT ( 'NONE',  ( -45.14567943541666040, 4.323541663776159893, 14.66872044838374123 ) ) ;
#400 = CARTESIAN_POINT ( 'NONE',  ( 3.007564094157483936, 75.38101431440949796, 26.95400111233080054 ) ) ;
#401 = CARTESIAN_POINT ( 'NONE',  ( -13.59674775249769141, 5.815791666724475562, 41.84648671698675315 ) ) ;
#402 = CARTESIAN_POINT ( 'NONE',  ( 45.14567943541665329, 9.615208330442822415, -14.66872044838374300 ) ) ;
#403 = CARTESIAN_POINT ( 'NONE',  ( 3.214567591351748632, 91.78073874354896589, 20.08219993517499802 ) ) ;
#404 = CARTESIAN_POINT ( 'NONE',  ( -11.41862198018758612, 82.63293928175187375, 23.13016520204296356 ) ) ;
#405 = CARTESIAN_POINT ( 'NONE',  ( 2.125653799287044343, 75.18834794076227013, -27.08116893873620157 ) ) ;
#406 = CARTESIAN_POINT ( 'NONE',  ( -45.15842742661735798, -6.141247419982580050E-17, 0.3204423109937581948 ) ) ;
#407 = CARTESIAN_POINT ( 'NONE',  ( 5.430287034625496112, 90.17319850011367066, 19.56367207862215452 ) ) ;
#408 = DIRECTION ( 'NONE',  ( 0.000000000000000000, -0.9837219938267964814, -0.1796970752723372755 ) ) ;
#409 = CARTESIAN_POINT ( 'NONE',  ( -7.446353035577651269, 77.59717442664333475, 22.46206637671761186 ) ) ;
#410 = CARTESIAN_POINT ( 'NONE',  ( 6.968915227031397208, 0.06242254739471457536, -44.00000004784383378 ) ) ;
#411 = ORIENTED_EDGE ( 'NONE', *, *, #2433, .T. ) ;
#412 = CARTESIAN_POINT ( 'NONE',  ( 27.19349550499535439, 2.550833333333315078, -37.42863556748973508 ) ) ;
#413 = EDGE_CURVE ( 'NONE', #2059, #3009, #2504, .T. ) ;
#414 = VERTEX_POINT ( 'NONE', #2456 ) ;
#415 = CARTESIAN_POINT ( 'NONE',  ( -27.19349550499538282, 9.429999994218983161, 37.42863556748974929 ) ) ;
#416 = CARTESIAN_POINT ( 'NONE',  ( -44.00000000000000000, 9.112499994218985933, -5.388445916248353619E-15 ) ) ;
#417 = CARTESIAN_POINT ( 'NONE',  ( -27.19349550499536861, 2.974166666666666181, -37.42863556748975640 ) ) ;
#418 = CARTESIAN_POINT ( 'NONE',  ( 27.90156433629465127, 2.841874997109492984, 38.40320870533926723 ) ) ;
#419 = CARTESIAN_POINT ( 'NONE',  ( -1.072556927639386704, 77.57283847696281498, 24.16722807049493937 ) ) ;
#420 = CARTESIAN_POINT ( 'NONE',  ( -43.99999999999999289, 5.286625000057808776, -14.29646663424788144 ) ) ;
#421 = CARTESIAN_POINT ( 'NONE',  ( -30.65413110230772986, 10.85142134695365357, 34.61462557370906978 ) ) ;
#422 = CARTESIAN_POINT ( 'NONE',  ( 0.6561074394155977929, 92.49389342418793092, 23.99101104354770087 ) ) ;
#423 = CARTESIAN_POINT ( 'NONE',  ( 1.884934515405132080E-13, 9.112499999999997158, -43.99999999999998579 ) ) ;
#424 = FACE_OUTER_BOUND ( 'NONE', #1360, .T. ) ;
#425 = CARTESIAN_POINT ( 'NONE',  ( 11.47108444602566557, 82.82838918479556867, 23.06424367695137789 ) ) ;
#426 = CARTESIAN_POINT ( 'NONE',  ( 0.000000000000000000, 10.00000000000000000, -44.00000000000000000 ) ) ;
#427 = CARTESIAN_POINT ( 'NONE',  ( -9.906059350264598606, 79.76674393412550046, -24.38740627995329291 ) ) ;
#428 = CARTESIAN_POINT ( 'NONE',  ( 7.281144154563537363, 83.16675577670305586, 20.37382079459677087 ) ) ;
#429 = FILL_AREA_STYLE_COLOUR ( '', #886 ) ;
#430 = CARTESIAN_POINT ( 'NONE',  ( 14.97365580653605299, -1.159140424667607994E-14, -41.37377952021532224 ) ) ;
#431 = CARTESIAN_POINT ( 'NONE',  ( -6.108006578735370340, 89.36498813747888903, -19.39614390597940741 ) ) ;
#432 = CARTESIAN_POINT ( 'NONE',  ( 27.19349550499536861, 8.265833333333334920, 37.42863556748977061 ) ) ;
#433 = CARTESIAN_POINT ( 'NONE',  ( -8.498620992429152652E-15, 5.408333327552320213, 46.26433786648375701 ) ) ;
#434 = CARTESIAN_POINT ( 'NONE',  ( 2.906636507328099785E-15, 7.657291663776159218, -47.46897651391099515 ) ) ;
#435 = CARTESIAN_POINT ( 'NONE',  ( -35.59674775249768430, 7.736666666666666359, 25.86255110086881004 ) ) ;
#436 = CARTESIAN_POINT ( 'NONE',  ( 27.90156433629465837, 1.360208330442826741, -38.40320870533926012 ) ) ;
#437 = CARTESIAN_POINT ( 'NONE',  ( 11.70807940485384258, 83.78249250035877083, 22.74790545227327954 ) ) ;
#438 = CARTESIAN_POINT ( 'NONE',  ( 35.59674775249767720, 9.959166660885653499, 25.86255110086882425 ) ) ;
#439 = CARTESIAN_POINT ( 'NONE',  ( 1.063548544518544858, 92.44141789383887442, 20.36625675080061626 ) ) ;
#440 = CARTESIAN_POINT ( 'NONE',  ( -6.148299224714617317, 76.57874468029321235, -26.18778183344695165 ) ) ;
#441 = CARTESIAN_POINT ( 'NONE',  ( -5.318823596841181001, 79.71226744760238603, 22.46206637671761541 ) ) ;
#442 = CARTESIAN_POINT ( 'NONE',  ( -13.59674775249767897, 2.868333333333331403, -41.84648671698675315 ) ) ;
#443 = CARTESIAN_POINT ( 'NONE',  ( -7.271898533619107319, 86.93015294935480597, -24.46710445136413981 ) ) ;
#444 = CARTESIAN_POINT ( 'NONE',  ( -2.207246147061779240, 77.82194598418898579, 23.95456987680623229 ) ) ;
#445 =( NAMED_UNIT ( * ) SI_UNIT ( $, .STERADIAN. ) SOLID_ANGLE_UNIT ( ) );
#446 = CARTESIAN_POINT ( 'NONE',  ( 10.20794337185202494, 91.04842581323794093, -22.00879375295958695 ) ) ;
#447 = ORIENTED_EDGE ( 'NONE', *, *, #2736, .F. ) ;
#448 = CARTESIAN_POINT ( 'NONE',  ( 2.906636507328100180E-15, 1.307291663776159796, -47.46897651391098805 ) ) ;
#449 = LINE ( 'NONE', #1743, #3132 ) ;
#450 = CARTESIAN_POINT ( 'NONE',  ( -13.59674775249769141, 1.069166660885653597, 41.84648671698675315 ) ) ;
#451 = CARTESIAN_POINT ( 'NONE',  ( 36.52362188585566827, 9.456458330442826465, -26.53596457686149890 ) ) ;
#452 = CARTESIAN_POINT ( 'NONE',  ( -13.59674775249769141, 5.831666666666665222, 41.84648671698675315 ) ) ;
#453 = CARTESIAN_POINT ( 'NONE',  ( 2.906636507328100180E-15, 1.571874997109493410, -47.46897651391098805 ) ) ;
#454 = CARTESIAN_POINT ( 'NONE',  ( 7.586597148234521804, 85.42390467659042486, 24.56985412295790994 ) ) ;
#455 = CARTESIAN_POINT ( 'NONE',  ( 13.59674775249767720, 5.514166660885653215, 41.84648671698676026 ) ) ;
#456 = CARTESIAN_POINT ( 'NONE',  ( 0.000000000000000000, 170.0000000000000000, 0.000000000000000000 ) ) ;
#457 = CARTESIAN_POINT ( 'NONE',  ( 6.339219223085041932, 89.03940827224039367, 24.10601480996994894 ) ) ;
#458 = CARTESIAN_POINT ( 'NONE',  ( -32.25488121670472452, -1.037079321985876279E-17, -30.96257706237879859 ) ) ;
#459 = CARTESIAN_POINT ( 'NONE',  ( -27.90156433629466548, 0.3018749971094934481, 38.40320870533925302 ) ) ;
#460 = CARTESIAN_POINT ( 'NONE',  ( -11.78115195443666607, 84.07239968003838726, -22.65070467211424443 ) ) ;
#461 = DIRECTION ( 'NONE',  ( 2.200654480484087989E-17, -0.9837219938267964814, 0.1796970752723372755 ) ) ;
#462 = CARTESIAN_POINT ( 'NONE',  ( 7.027319294216712642, 87.64090208072252608, -24.35826861128009568 ) ) ;
#463 = ADVANCED_FACE ( 'NONE', ( #1371 ), #512, .F. ) ;
#464 = VERTEX_POINT ( 'NONE', #2198 ) ;
#465 = CARTESIAN_POINT ( 'NONE',  ( -45.14567943541666040, 4.058958330442826501, 14.66872044838374123 ) ) ;
#466 = CARTESIAN_POINT ( 'NONE',  ( -27.90156433629465482, -0.5977083362238396758, -38.40320870533926012 ) ) ;
#467 = CARTESIAN_POINT ( 'NONE',  ( 13.59674775249767897, 8.160000000000001918, 41.84648671698676736 ) ) ;
#468 = EDGE_LOOP ( 'NONE', ( #2156, #837, #937, #3452, #3227, #885 ) ) ;
#469 = CARTESIAN_POINT ( 'NONE',  ( -11.84326492057819102, 84.68070023522075473, 22.49240707489915536 ) ) ;
#470 = CARTESIAN_POINT ( 'NONE',  ( -6.968913885232689509, 9.587422557838905846, 44.00000048382067064 ) ) ;
#471 =( BOUNDED_SURFACE ( )  B_SPLINE_SURFACE ( 3, 2, ( 
 ( #2798, #182, #3368 ),
 ( #1998, #2266, #653 ),
 ( #2284, #1238, #702 ),
 ( #2016, #2522, #163 ),
 ( #2317, #3068, #1718 ),
 ( #669, #2833, #2776 ),
 ( #131, #1752, #403 ),
 ( #3085, #147, #2815 ),
 ( #3331, #2033, #946 ),
 ( #3101, #1220, #1485 ),
 ( #388, #1452, #1203 ),
 ( #1769, #2300, #439 ),
 ( #686, #422, #2556 ),
 ( #1186, #3051, #3350 ),
 ( #294, #1618, #1916 ),
 ( #1372, #2409, #2714 ),
 ( #327, #588, #38 ),
 ( #1386, #2457, #3236 ),
 ( #1091, #2951, #56 ),
 ( #572, #809, #1637 ),
 ( #2971, #552, #1337 ),
 ( #1596, #2680, #256 ),
 ( #72, #2125, #1318 ),
 ( #2930, #2699, #274 ),
 ( #1354, #3197, #2645 ),
 ( #2911, #1122, #2426 ),
 ( #849, #533, #2165 ),
 ( #310, #2199, #771 ),
 ( #514, #2442, #2661 ),
 ( #1576, #2145, #1055 ),
 ( #17, #830, #1899 ),
 ( #1072, #2392, #2988 ),
 ( #1881, #1106, #2184 ),
 ( #3251, #1652, #3464 ),
 ( #789, #1843, #3216 ),
 ( #1861, #3052, #1469 ),
 ( #911, #3297, #1417 ),
 ( #1683, #341, #2799 ),
 ( #638, #929, #1170 ),
 ( #1999, #2523, #670 ),
 ( #3315, #373, #2249 ),
 ( #1401, #1453, #895 ),
 ( #864, #3332, #2229 ),
 ( #404, #2490, #620 ),
 ( #2473, #3004, #3019 ),
 ( #2540, #1965, #3069 ),
 ( #100, #604, #1949 ),
 ( #85, #148, #1702 ),
 ( #1982, #3282, #1668 ),
 ( #3035, #1435, #2746 ),
 ( #654, #1138, #2763 ),
 ( #1719, #2267, #2777 ) ),
 .UNSPECIFIED., .F., .F., .F. ) 
 B_SPLINE_SURFACE_WITH_KNOTS ( ( 4, 2, 2, 2, 2, 2, 2, 2, 2, 2, 2, 2, 2, 2, 2, 2, 2, 2, 2, 2, 2, 2, 2, 2, 2, 4 ),
 ( 3, 3 ),
 ( 0.03345185240263513771, 0.03554259317780149308, 0.03658796356538467076, 0.03763333395296784845, 0.03867870434055102613, 0.03972407472813420382, 0.04181481550330056612, 0.04286018589088375075, 0.04390555627846692843, 0.04599629705363328380, 0.04704166744121646149, 0.04808703782879963917, 0.04913240821638281686, 0.05017777860396599454, 0.05226851937913234991, 0.05331388976671552760, 0.05435926015429870528, 0.05645000092946506065, 0.05749537131704823834, 0.05854074170463142296, 0.05958611209221460758, 0.06063148247979778527, 0.06272222325496414064, 0.06376759364254731832, 0.06481296403013049601, 0.06690370480529685138 ),
 ( 0.000000000000000000, 1.000000000000000000 ),
 .UNSPECIFIED. ) 
 GEOMETRIC_REPRESENTATION_ITEM ( )  RATIONAL_B_SPLINE_SURFACE ( (
 ( 1.000000000000000000, 0.5559077204867582944, 1.000000000000000000),
 ( 1.000000000000000000, 0.5661521935329052457, 1.000000000000000000),
 ( 1.000000000000000000, 0.5769697670924766042, 1.000000000000000000),
 ( 1.000000000000000000, 0.5921839158407399273, 1.000000000000000000),
 ( 1.000000000000000000, 0.5971095672656653308, 1.000000000000000000),
 ( 1.000000000000000000, 0.6063430893522957499, 1.000000000000000000),
 ( 1.000000000000000000, 0.6106575709007369124, 1.000000000000000000),
 ( 1.000000000000000000, 0.6185522946134751621, 1.000000000000000000),
 ( 1.000000000000000000, 0.6221329439914795589, 1.000000000000000000),
 ( 1.000000000000000000, 0.6284402395471970770, 1.000000000000000000),
 ( 1.000000000000000000, 0.6311733988200309842, 1.000000000000000000),
 ( 1.000000000000000000, 0.6378688338224600685, 1.000000000000000000),
 ( 1.000000000000000000, 0.6402299068849470753, 1.000000000000000000),
 ( 1.000000000000000000, 0.6405126866338985980, 1.000000000000000000),
 ( 1.000000000000000000, 0.6400637369293866730, 1.000000000000000000),
 ( 1.000000000000000000, 0.6380589662183036026, 1.000000000000000000),
 ( 1.000000000000000000, 0.6365028978730343789, 1.000000000000000000),
 ( 1.000000000000000000, 0.6303603031647175836, 1.000000000000000000),
 ( 1.000000000000000000, 0.6242795370383620313, 1.000000000000000000),
 ( 1.000000000000000000, 0.6127222586749845323, 1.000000000000000000),
 ( 1.000000000000000000, 0.6084518519194694885, 1.000000000000000000),
 ( 1.000000000000000000, 0.5994207118966199399, 1.000000000000000000),
 ( 1.000000000000000000, 0.5946405138203960661, 1.000000000000000000),
 ( 1.000000000000000000, 0.5847256059232361913, 1.000000000000000000),
 ( 1.000000000000000000, 0.5795903649792127910, 1.000000000000000000),
 ( 1.000000000000000000, 0.5691575011070187928, 1.000000000000000000),
 ( 1.000000000000000000, 0.5638300026269206233, 1.000000000000000000),
 ( 1.000000000000000000, 0.5482157112219232520, 1.000000000000000000),
 ( 1.000000000000000000, 0.5382793825671251531, 1.000000000000000000),
 ( 1.000000000000000000, 0.5255994759683116913, 1.000000000000000000),
 ( 1.000000000000000000, 0.5217462025798482728, 1.000000000000000000),
 ( 1.000000000000000000, 0.5150781653271809812, 1.000000000000000000),
 ( 1.000000000000000000, 0.5123183787699284730, 1.000000000000000000),
 ( 1.000000000000000000, 0.5060866246678403790, 1.000000000000000000),
 ( 1.000000000000000000, 0.5046490925380249237, 1.000000000000000000),
 ( 1.000000000000000000, 0.5072313478890768668, 1.000000000000000000),
 ( 1.000000000000000000, 0.5088912055554557501, 1.000000000000000000),
 ( 1.000000000000000000, 0.5136485480522030578, 1.000000000000000000),
 ( 1.000000000000000000, 0.5167476103367585338, 1.000000000000000000),
 ( 1.000000000000000000, 0.5242309654457928403, 1.000000000000000000),
 ( 1.000000000000000000, 0.5286148610854267682, 1.000000000000000000),
 ( 1.000000000000000000, 0.5385045364490880226, 1.000000000000000000),
 ( 1.000000000000000000, 0.5440164782186978076, 1.000000000000000000),
 ( 1.000000000000000000, 0.5615897986348998838, 1.000000000000000000),
 ( 1.000000000000000000, 0.5747717814277082393, 1.000000000000000000),
 ( 1.000000000000000000, 0.5956591390979196765, 1.000000000000000000),
 ( 1.000000000000000000, 0.6028301531399145041, 1.000000000000000000),
 ( 1.000000000000000000, 0.6171577907388399176, 1.000000000000000000),
 ( 1.000000000000000000, 0.6243427216351079556, 1.000000000000000000),
 ( 1.000000000000000000, 0.6457796190509832446, 1.000000000000000000),
 ( 1.000000000000000000, 0.6599130992711812471, 1.000000000000000000),
 ( 1.000000000000000000, 0.6734869847999747083, 1.000000000000000000) ) ) 
 REPRESENTATION_ITEM ( '' )  SURFACE ( )  );
#472 = CARTESIAN_POINT ( 'NONE',  ( 27.90156433629465837, 5.593541663776159467, -38.40320870533926012 ) ) ;
#473 = CARTESIAN_POINT ( 'NONE',  ( 7.314392428029053761, 86.67721895075540317, 19.33928193044750188 ) ) ;
#474 = CARTESIAN_POINT ( 'NONE',  ( 43.99999999999999289, 7.948333327552321137, 14.29646663424789210 ) ) ;
#475 = CARTESIAN_POINT ( 'NONE',  ( 0.000000000000000000, 85.00000000000000000, -51.05600000000000449 ) ) ;
#476 = CARTESIAN_POINT ( 'NONE',  ( 6.841936202630540365, 88.11303906882714898, 19.26715717111604320 ) ) ;
#477 = CARTESIAN_POINT ( 'NONE',  ( -45.14567943541665329, -0.1214583362238397385, -14.66872044838375189 ) ) ;
#478 = CARTESIAN_POINT ( 'NONE',  ( -7.510638387875400390, 85.95792271715386335, -24.53822606773299597 ) ) ;
#479 = CYLINDRICAL_SURFACE ( 'NONE', #1286, 44.00000000000000000 ) ;
#480 = CARTESIAN_POINT ( 'NONE',  ( 4.287076283505236063, 95.35364725162355626, 23.07834272623280825 ) ) ;
#481 = CARTESIAN_POINT ( 'NONE',  ( -43.99999999999998579, 7.524999999999990585, -5.388445916248352830E-15 ) ) ;
#482 = ORIENTED_EDGE ( 'NONE', *, *, #2112, .T. ) ;
#483 = CARTESIAN_POINT ( 'NONE',  ( -27.90156433629466548, 4.270624997109491616, 38.40320870533925302 ) ) ;
#484 = VERTEX_POINT ( 'NONE', #84 ) ;
#485 = CARTESIAN_POINT ( 'NONE',  ( 27.90156433629465837, 1.095624997109493570, -38.40320870533926012 ) ) ;
#486 = CARTESIAN_POINT ( 'NONE',  ( 7.183220895663976258, 87.17995989094664822, -19.29059110660365661 ) ) ;
#487 =( BOUNDED_CURVE ( )  B_SPLINE_CURVE ( 2, ( #662, #3114, #141, #1197, #2277, #715, #416, #2551, #1215, #1805, #1852, #470, #1310 ),
 .UNSPECIFIED., .F., .F. ) 
 B_SPLINE_CURVE_WITH_KNOTS ( ( 3, 2, 2, 2, 2, 2, 3 ),
 ( 0.7496706744556336233, 0.7584903483499176868, 0.7761296587766599586, 0.7937689692034022304, 0.8114082796301446132, 0.8290475900568867740, 0.8378672472032422380 ),
 .UNSPECIFIED. ) 
 CURVE ( )  GEOMETRIC_REPRESENTATION_ITEM ( )  RATIONAL_B_SPLINE_CURVE ( ( 0.9755282581476865111, 0.9755282063139768534, 1.000000000000000000, 0.9510565162951535312, 1.000000000000000000, 0.9510565162951535312, 1.000000000000000000, 0.9510565162951535312, 1.000000000000000000, 0.9510565162951535312, 1.000000000000000000, 0.9755282527841593332, 0.9755282581475779313 ) ) 
 REPRESENTATION_ITEM ( '' )  );
#488 = ORIENTED_EDGE ( 'NONE', *, *, #1255, .F. ) ;
#489 = CARTESIAN_POINT ( 'NONE',  ( 13.59674775249767720, 1.280833327552320267, 41.84648671698676026 ) ) ;
#490 = CARTESIAN_POINT ( 'NONE',  ( 3.939340755141764738, 91.38213086789038186, -19.93075455085821446 ) ) ;
#491 = CARTESIAN_POINT ( 'NONE',  ( -6.236568413394406818, 89.17358668159516810, -19.36846397553451382 ) ) ;
#492 = CARTESIAN_POINT ( 'NONE',  ( -8.719909521984299356E-15, 0.2489583304428268362, 47.46897651391099515 ) ) ;
#493 = CARTESIAN_POINT ( 'NONE',  ( 13.59674775249768608, 6.360833327552319894, -41.84648671698675315 ) ) ;
#494 = CARTESIAN_POINT ( 'NONE',  ( 10.64837391702333136, 90.30685794247864351, -21.94552706853837165 ) ) ;
#495 = CARTESIAN_POINT ( 'NONE',  ( -27.90156433629465482, 1.783541663776160302, -38.40320870533926012 ) ) ;
#496 = CARTESIAN_POINT ( 'NONE',  ( -8.229151528325321152, 78.00170659045261345, -25.33884123502634012 ) ) ;
#497 = FACE_OUTER_BOUND ( 'NONE', #2978, .T. ) ;
#498 = CARTESIAN_POINT ( 'NONE',  ( -3.043693882039121712E-06, 5.407942311339990482, 43.99999999999978684 ) ) ;
#499 = CARTESIAN_POINT ( 'NONE',  ( 0.000000000000000000, 10.00000000000000000, 0.000000000000000000 ) ) ;
#500 = ORIENTED_EDGE ( 'NONE', *, *, #2864, .T. ) ;
#501 = CARTESIAN_POINT ( 'NONE',  ( 36.52362188585566116, 0.5664583304428266741, 26.53596457686150956 ) ) ;
#502 = ORIENTED_EDGE ( 'NONE', *, *, #2020, .T. ) ;
#503 = CARTESIAN_POINT ( 'NONE',  ( 45.14567943541665329, 4.905624997109493179, 14.66872044838375899 ) ) ;
#504 = CARTESIAN_POINT ( 'NONE',  ( 6.392409239347972338, 88.93566471187467926, -19.33574943256296308 ) ) ;
#505 = ORIENTED_EDGE ( 'NONE', *, *, #1181, .T. ) ;
#506 = CARTESIAN_POINT ( 'NONE',  ( -11.47763787713900818, 82.84653714895085841, 23.05679188994561102 ) ) ;
#507 = CARTESIAN_POINT ( 'NONE',  ( 36.52362188585566116, 0.8310416637761601777, 26.53596457686150956 ) ) ;
#508 = CARTESIAN_POINT ( 'NONE',  ( -2.329111457005920371, 92.13357513573478741, -20.22910155580568770 ) ) ;
#509 = ADVANCED_FACE ( 'NONE', ( #2248 ), #626, .F. ) ;
#510 = CARTESIAN_POINT ( 'NONE',  ( -8.719909521984299356E-15, 6.863541663776158153, 47.46897651391098805 ) ) ;
#511 = CARTESIAN_POINT ( 'NONE',  ( -13.59674775249768075, 8.689166660885653926, -41.84648671698676026 ) ) ;
#512 = CONICAL_SURFACE ( 'NONE', #3364, 10.16278006173203430, 0.1806785052468092012 ) ;
#513 = CARTESIAN_POINT ( 'NONE',  ( 6.302123659828835933, 94.47407444086850603, -22.77503623443488934 ) ) ;
#514 = CARTESIAN_POINT ( 'NONE',  ( -9.576362023173077276, 91.87274990820046128, 22.12635347462941127 ) ) ;
#515 = CARTESIAN_POINT ( 'NONE',  ( 3.867672236798266873E-14, 1.704166666666667052, 44.00000000000000000 ) ) ;
#516 = CARTESIAN_POINT ( 'NONE',  ( 1.581326121011294994, 95.97133479521025379, 23.31706648086288425 ) ) ;
#517 = CARTESIAN_POINT ( 'NONE',  ( 10.23066253885376220, 80.25524022941999647, -24.15181864398331157 ) ) ;
#518 = CARTESIAN_POINT ( 'NONE',  ( -6.968915370866986869, 7.470755879608467431, 44.00000000110880904 ) ) ;
#519 = CARTESIAN_POINT ( 'NONE',  ( -36.52362188585566827, -0.06854166955717325149, 26.53596457686149535 ) ) ;
#520 = CARTESIAN_POINT ( 'NONE',  ( 13.95078216814732031, 0.3547916637761600600, 42.93609260962512764 ) ) ;
#521 = CARTESIAN_POINT ( 'NONE',  ( 4.314993627403867826, 95.35016379178954082, -23.07650669283803424 ) ) ;
#522 = VERTEX_POINT ( 'NONE', #848 ) ;
#523 = CARTESIAN_POINT ( 'NONE',  ( -36.52362188585566827, 0.1960416637761602243, 26.53596457686149535 ) ) ;
#524 = EDGE_CURVE ( 'NONE', #1424, #1289, #863, .T. ) ;
#525 = CARTESIAN_POINT ( 'NONE',  ( -5.785168164619442166, 89.77954018584898677, -19.47370661497184230 ) ) ;
#526 = CARTESIAN_POINT ( 'NONE',  ( -8.719909521984299356E-15, 8.980208330442826181, 47.46897651391098805 ) ) ;
#527 = CARTESIAN_POINT ( 'NONE',  ( 43.99999999999997158, 4.349999999999982769, 0.000000000000000000 ) ) ;
#528 = CIRCLE ( 'NONE', #1530, 20.00000000000000000 ) ;
#529 = CARTESIAN_POINT ( 'NONE',  ( -27.19349550499538282, 3.609166666666666412, 37.42863556748974929 ) ) ;
#530 = CARTESIAN_POINT ( 'NONE',  ( 6.446891726928376087, 88.85899705391777559, 24.13471225743203874 ) ) ;
#531 = CARTESIAN_POINT ( 'NONE',  ( -43.99999999999999289, 1.069166666666666377, -14.29646663424788144 ) ) ;
#532 = CARTESIAN_POINT ( 'NONE',  ( 27.90156433629465127, 4.958541663776159680, 38.40320870533926723 ) ) ;
#533 = CARTESIAN_POINT ( 'NONE',  ( -5.587173860912486134, 90.04260540629725540, 23.98760080091504676 ) ) ;
#534 = ADVANCED_FACE ( 'NONE', ( #3314 ), #571, .F. ) ;
#535 = CARTESIAN_POINT ( 'NONE',  ( 8.671345594148343494, 92.78156912596654138, 22.31444286493729123 ) ) ;
#536 = CARTESIAN_POINT ( 'NONE',  ( 2.773414328639489668, 78.02723724731001198, -23.78251777190506644 ) ) ;
#537 = CARTESIAN_POINT ( 'NONE',  ( -8.619511218041401079, 92.84807446630186689, 22.32485376869690796 ) ) ;
#538 = CARTESIAN_POINT ( 'NONE',  ( 27.90156433629465837, 9.562291663776157691, -38.40320870533926012 ) ) ;
#539 = CARTESIAN_POINT ( 'NONE',  ( 36.52362188585566827, 3.106458330442826377, -26.53596457686149890 ) ) ;
#540 = CYLINDRICAL_SURFACE ( 'NONE', #1951, 44.00000000000000000 ) ;
#541 = EDGE_LOOP ( 'NONE', ( #1699, #246, #2620, #394 ) ) ;
#542 = CARTESIAN_POINT ( 'NONE',  ( -13.95078216814732563, 3.794374997109493552, -42.93609260962512764 ) ) ;
#543 = CARTESIAN_POINT ( 'NONE',  ( -6.588172620811442393, 94.32093882100933513, -22.72564065044614878 ) ) ;
#544 = CARTESIAN_POINT ( 'NONE',  ( 27.90156433629465127, 9.191874997109492185, 38.40320870533926723 ) ) ;
#545 = DIRECTION ( 'NONE',  ( 0.000000000000000000, 0.000000000000000000, -1.000000000000000000 ) ) ;
#546 = VECTOR ( 'NONE', #1142, 1000.000000000000227 ) ;
#547 = CARTESIAN_POINT ( 'NONE',  ( -35.59674775249768430, 1.386666666666666270, 25.86255110086881004 ) ) ;
#548 = CARTESIAN_POINT ( 'NONE',  ( -8.374990316408821300, 78.13626565246035227, 25.26331849869763957 ) ) ;
#549 = CARTESIAN_POINT ( 'NONE',  ( 27.19349550499536150, 1.915833333333332833, 37.42863556748976350 ) ) ;
#550 = CARTESIAN_POINT ( 'NONE',  ( 13.59674775249768608, -1.592541666608856765, -41.84648671698675315 ) ) ;
#551 = CARTESIAN_POINT ( 'NONE',  ( -45.14567943541666040, 8.451041663776157620, -5.528751181591550879E-15 ) ) ;
#552 = CARTESIAN_POINT ( 'NONE',  ( -3.768662873611702935, 91.50821381166085189, 23.94197971784717893 ) ) ;
#553 = CARTESIAN_POINT ( 'NONE',  ( 40.09672713309704051, 4.660283300630905748E-17, 18.32750893678918658 ) ) ;
#554 = CARTESIAN_POINT ( 'NONE',  ( 6.812924780564345362, 81.85516799720312520, -21.05742806078734475 ) ) ;
#555 = CARTESIAN_POINT ( 'NONE',  ( 2.667360163309149214E-15, 0.6458333333333328152, -43.99999999999998579 ) ) ;
#556 = CARTESIAN_POINT ( 'NONE',  ( -45.14567943541665329, 8.080624997109493890, -14.66872044838375189 ) ) ;
#557 = CARTESIAN_POINT ( 'NONE',  ( 45.14567943541666040, 2.894791663776159929, 0.000000000000000000 ) ) ;
#558 = CARTESIAN_POINT ( 'NONE',  ( 0.000000000000000000, -800.0000000000000000, 0.000000000000000000 ) ) ;
#559 = VERTEX_POINT ( 'NONE', #1636 ) ;
#560 = CARTESIAN_POINT ( 'NONE',  ( -45.14567943541665329, 6.228541663776158366, -14.66872044838375189 ) ) ;
#561 = VERTEX_POINT ( 'NONE', #3003 ) ;
#562 = CARTESIAN_POINT ( 'NONE',  ( -3.923652604176805170, 91.41740912635982852, -23.94069658923044486 ) ) ;
#563 = CARTESIAN_POINT ( 'NONE',  ( 36.52362188585566116, 7.181041663776158934, 26.53596457686150956 ) ) ;
#564 = CARTESIAN_POINT ( 'NONE',  ( 0.000000000000000000, 166.1713933409486970, 0.000000000000000000 ) ) ;
#565 = CARTESIAN_POINT ( 'NONE',  ( -13.59674775249768075, -1.365000000000000213, -41.84648671698676026 ) ) ;
#566 = AXIS2_PLACEMENT_3D ( 'NONE', #376, #1671, #1156 ) ;
#567 = CARTESIAN_POINT ( 'NONE',  ( -3.795884033347201036, 78.49046912128126507, 26.30444250167382592 ) ) ;
#568 = CARTESIAN_POINT ( 'NONE',  ( 13.59674775249768608, 2.656666666666666732, -41.84648671698675315 ) ) ;
#569 = CARTESIAN_POINT ( 'NONE',  ( 35.59674775249767720, -0.1108749999421901195, 25.86255110086882425 ) ) ;
#570 = CARTESIAN_POINT ( 'NONE',  ( -27.90156433629465482, 3.900208330442826110, -38.40320870533926012 ) ) ;
#571 = CYLINDRICAL_SURFACE ( 'NONE', #2967, 44.00000000000000000 ) ;
#572 = CARTESIAN_POINT ( 'NONE',  ( -4.966016791150269505, 95.10537636469854306, 22.98824930976977399 ) ) ;
#573 = EDGE_CURVE ( 'NONE', #1868, #1989, #1280, .T. ) ;
#574 = CARTESIAN_POINT ( 'NONE',  ( 7.551097537692712969, 85.75343182506392736, -24.55028691055259671 ) ) ;
#575 = CARTESIAN_POINT ( 'NONE',  ( 45.14567943541665329, -0.9681250028905061811, -14.66872044838374300 ) ) ;
#576 = EDGE_CURVE ( 'NONE', #2936, #1709, #2975, .T. ) ;
#577 = CARTESIAN_POINT ( 'NONE',  ( -45.14567943541665329, 8.080624997109493890, -14.66872044838375189 ) ) ;
#578 = CARTESIAN_POINT ( 'NONE',  ( -2.666508769729682621E-06, 1.174664919227785376, 43.99999999999984368 ) ) ;
#579 = VERTEX_POINT ( 'NONE', #1468 ) ;
#580 = CARTESIAN_POINT ( 'NONE',  ( 45.14567943541666040, 5.011458330442827069, 0.000000000000000000 ) ) ;
#581 = CARTESIAN_POINT ( 'NONE',  ( 1.101007976153236978, 75.07355233971860287, 27.15799159011218578 ) ) ;
#582 = CARTESIAN_POINT ( 'NONE',  ( -35.59674775249767720, 3.079999999999999183, -25.86255110086882070 ) ) ;
#583 = CARTESIAN_POINT ( 'NONE',  ( -25.30454906158723460, 1.198185070835008086E-16, 37.29734034133815612 ) ) ;
#584 = CARTESIAN_POINT ( 'NONE',  ( 27.19349550499536150, 9.853333327552316945, 37.42863556748976350 ) ) ;
#585 = CARTESIAN_POINT ( 'NONE',  ( -27.19349550499538282, 1.476625000057809167, 37.42863556748974929 ) ) ;
#586 = CARTESIAN_POINT ( 'NONE',  ( -8.719909521984299356E-15, 2.630208330442826981, 47.46897651391098805 ) ) ;
#587 = DIRECTION ( 'NONE',  ( -0.000000000000000000, -1.000000000000000000, -0.000000000000000000 ) ) ;
#588 = CARTESIAN_POINT ( 'NONE',  ( -1.378326344624860589, 92.38017916562247933, 23.98227043999267138 ) ) ;
#589 = CARTESIAN_POINT ( 'NONE',  ( 6.402320580274810879, 76.69563187188120423, -26.11281046371928838 ) ) ;
#590 = CARTESIAN_POINT ( 'NONE',  ( 27.90156433629465837, -0.7564583362238395114, -38.40320870533926012 ) ) ;
#591 = CARTESIAN_POINT ( 'NONE',  ( -27.90156433629465482, 9.985624997109489698, -38.40320870533926012 ) ) ;
#592 = CARTESIAN_POINT ( 'NONE',  ( -43.99999999999998579, 0.5399999942189867008, -14.29646663424788322 ) ) ;
#593 = ORIENTED_EDGE ( 'NONE', *, *, #1592, .T. ) ;
#594 = CARTESIAN_POINT ( 'NONE',  ( 27.19349550499536505, 0.4341666666666578189, -37.42863556748974219 ) ) ;
#595 = CARTESIAN_POINT ( 'NONE',  ( -45.14567943541666040, 6.069791663776159751, -5.528751181591550879E-15 ) ) ;
#596 = CARTESIAN_POINT ( 'NONE',  ( 27.19349550499537216, 6.784166666666664902, -37.42863556748975640 ) ) ;
#597 =( BOUNDED_CURVE ( )  B_SPLINE_CURVE ( 2, ( #2010, #3382, #979, #397, #2046, #2332, #3079, #1462, #195, #3325, #383, #2533, #1446 ),
 .UNSPECIFIED., .F., .F. ) 
 B_SPLINE_CURVE_WITH_KNOTS ( ( 3, 2, 2, 2, 2, 2, 3 ),
 ( 0.1322948249001968390, 0.1411144834139381743, 0.1587537938406804461, 0.1763931042674227179, 0.1940324146941649897, 0.2116717251209072614, 0.2204913802780966714 ),
 .UNSPECIFIED. ) 
 CURVE ( )  GEOMETRIC_REPRESENTATION_ITEM ( )  RATIONAL_B_SPLINE_CURVE ( ( 0.9755282581475803738, 0.9755282489900978238, 1.000000000000000000, 0.9510565162951535312, 1.000000000000000000, 0.9510565162951535312, 1.000000000000000000, 0.9510565162951535312, 1.000000000000000000, 0.9510565162951535312, 1.000000000000000000, 0.9755282583034632360, 0.9755282581475768211 ) ) 
 REPRESENTATION_ITEM ( '' )  );
#598 = CARTESIAN_POINT ( 'NONE',  ( -14.68546354452136882, -1.025099599616685663E-16, 42.47825789930014651 ) ) ;
#599 = CARTESIAN_POINT ( 'NONE',  ( 35.59674775249767720, 9.959166660885653499, 25.86255110086882425 ) ) ;
#600 = CARTESIAN_POINT ( 'NONE',  ( -44.00000000000000000, 9.641666666666663943, -5.388445916248353619E-15 ) ) ;
#601 = ORIENTED_EDGE ( 'NONE', *, *, #1626, .F. ) ;
#602 = CARTESIAN_POINT ( 'NONE',  ( 45.14567943541666040, 3.159374997109493322, 0.000000000000000000 ) ) ;
#603 = DIRECTION ( 'NONE',  ( 0.000000000000000000, 0.000000000000000000, 1.000000000000000000 ) ) ;
#604 = CARTESIAN_POINT ( 'NONE',  ( -7.329377395771338399, 82.86191311543544202, 24.91560898944069535 ) ) ;
#605 = LINE ( 'NONE', #342, #1605 ) ;
#606 = CARTESIAN_POINT ( 'NONE',  ( 36.52362188585566827, 5.223124997109493073, -26.53596457686149890 ) ) ;
#607 = CARTESIAN_POINT ( 'NONE',  ( 45.14567943541666040, 9.244791663776156909, 0.000000000000000000 ) ) ;
#608 = CARTESIAN_POINT ( 'NONE',  ( -44.00000000000000000, 11.33499999421911397, 14.29646663424787079 ) ) ;
#609 =( BOUNDED_CURVE ( )  B_SPLINE_CURVE ( 2, ( #1265, #2582, #2327, #746, #2094, #2955, #277, #2395, #812, #3185, #1885, #518, #775 ),
 .UNSPECIFIED., .F., .T. ) 
 B_SPLINE_CURVE_WITH_KNOTS ( ( 3, 2, 2, 2, 2, 2, 3 ),
 ( 0.5732775927715502151, 0.5820972440824949690, 0.5997365545092372408, 0.6173758649359796236, 0.6350151753627217843, 0.6526544857894641671, 0.6614741410072653149 ),
 .UNSPECIFIED. ) 
 CURVE ( )  GEOMETRIC_REPRESENTATION_ITEM ( )  RATIONAL_B_SPLINE_CURVE ( ( 0.9755282581475814840, 0.9755282689755704340, 1.000000000000000000, 0.9510565162951535312, 1.000000000000000000, 0.9510565162951535312, 1.000000000000000000, 0.9510565162951535312, 1.000000000000000000, 0.9510565162951535312, 1.000000000000000000, 0.9755282581352848759, 0.9755282581475768211 ) ) 
 REPRESENTATION_ITEM ( '' )  );
#610 = ORIENTED_EDGE ( 'NONE', *, *, #1035, .F. ) ;
#611 = CARTESIAN_POINT ( 'NONE',  ( 3.493723847175320696, 91.67679977688224824, -23.94502339753855225 ) ) ;
#612 = CARTESIAN_POINT ( 'NONE',  ( 36.52362188585566827, 5.223124997109493073, -26.53596457686149890 ) ) ;
#613 = ADVANCED_FACE ( 'NONE', ( #965 ), #471, .F. ) ;
#614 = CARTESIAN_POINT ( 'NONE',  ( -44.00000000000000000, 5.408333333333332327, -5.388445916248353619E-15 ) ) ;
#615 = CARTESIAN_POINT ( 'NONE',  ( -5.795501802687741844, 80.09116395844769443, 25.69150557703179416 ) ) ;
#616 = CARTESIAN_POINT ( 'NONE',  ( 35.59674775249768430, 6.678333333333332789, -25.86255110086881714 ) ) ;
#617 = CARTESIAN_POINT ( 'NONE',  ( 35.59674775249768430, -1.804208333275523435, -25.86255110086881714 ) ) ;
#618 = CARTESIAN_POINT ( 'NONE',  ( 44.00000000000000000, 1.704166660885653606, 0.000000000000000000 ) ) ;
#619 = DIRECTION ( 'NONE',  ( 0.000000000000000000, 0.000000000000000000, -1.000000000000000000 ) ) ;
#620 = CARTESIAN_POINT ( 'NONE',  ( -7.223071880849844639, 82.92417718283643069, 20.48370707325007700 ) ) ;
#621 = CARTESIAN_POINT ( 'NONE',  ( 6.042107796586804191, 89.44966427098232487, 19.41192707645701887 ) ) ;
#622 = CARTESIAN_POINT ( 'NONE',  ( 0.6198868475016904300, 75.05005416809785856, -27.17375429886812555 ) ) ;
#623 = CARTESIAN_POINT ( 'NONE',  ( -45.14567943541666040, 8.186458330442826892, -5.528751181591550879E-15 ) ) ;
#624 = CARTESIAN_POINT ( 'NONE',  ( -35.59674775249767720, 0.4341666608856535325, -25.86255110086882070 ) ) ;
#625 = CARTESIAN_POINT ( 'NONE',  ( -8.719909521984299356E-15, 6.863541663776159041, 47.46897651391099515 ) ) ;
#626 = CONICAL_SURFACE ( 'NONE', #3418, 666.6666666666667425, 0.5880026035475676149 ) ;
#627 = VERTEX_POINT ( 'NONE', #356 ) ;
#628 = CARTESIAN_POINT ( 'NONE',  ( 1.412219615550952989, 77.62586464846353351, -24.12173129640241598 ) ) ;
#629 = EDGE_CURVE ( 'NONE', #3059, #559, #832, .T. ) ;
#630 = EDGE_CURVE ( 'NONE', #1971, #1063, #3141, .T. ) ;
#631 = CARTESIAN_POINT ( 'NONE',  ( -36.52362188585566827, 2.048124997109493250, 26.53596457686149535 ) ) ;
#632 = CARTESIAN_POINT ( 'NONE',  ( 35.59674775249767720, 4.138333333333332753, 25.86255110086882425 ) ) ;
#633 = CARTESIAN_POINT ( 'NONE',  ( 8.778769722833905220, 78.50542983565567567, 25.05590487370779584 ) ) ;
#634 = CARTESIAN_POINT ( 'NONE',  ( 43.99999999999999289, 4.455833333333331758, -14.29646663424787256 ) ) ;
#635 = CARTESIAN_POINT ( 'NONE',  ( 13.59674775249767720, 6.027458333391143341, 41.84648671698676026 ) ) ;
#636 = CARTESIAN_POINT ( 'NONE',  ( -8.498620992429152652E-15, 1.174999994218986821, 46.26433786648375701 ) ) ;
#637 = CARTESIAN_POINT ( 'NONE',  ( -28.15839591810420828, -3.121389352725819117E-17, -34.60063253790357862 ) ) ;
#638 = CARTESIAN_POINT ( 'NONE',  ( -11.89573139922833001, 85.66380869312999380, 22.26128704095753363 ) ) ;
#639 = CARTESIAN_POINT ( 'NONE',  ( 0.8615341476982484314, 77.53244055085809805, -24.20196043587062817 ) ) ;
#640 = CARTESIAN_POINT ( 'NONE',  ( -2.101002685912749968, 92.20932508406509953, 20.26209641800906169 ) ) ;
#641 = FACE_OUTER_BOUND ( 'NONE', #1533, .T. ) ;
#642 = CARTESIAN_POINT ( 'NONE',  ( -13.59674775249769141, 1.069166660885653597, 41.84648671698675315 ) ) ;
#643 = CARTESIAN_POINT ( 'NONE',  ( -36.52362188585566116, 8.239374997109493393, -26.53596457686150600 ) ) ;
#644 = ORIENTED_EDGE ( 'NONE', *, *, #1512, .T. ) ;
#645 = CARTESIAN_POINT ( 'NONE',  ( 41.39545876267576574, 2.548636069861873071E-15, 14.91361773104062571 ) ) ;
#646 = CARTESIAN_POINT ( 'NONE',  ( 35.59674775249768430, 8.265833327552320142, -25.86255110086881714 ) ) ;
#647 = CARTESIAN_POINT ( 'NONE',  ( 13.95078216814732031, 8.821458330442826679, 42.93609260962512764 ) ) ;
#648 = CARTESIAN_POINT ( 'NONE',  ( -27.19349550499538282, 5.725833333333331332, 37.42863556748974929 ) ) ;
#649 = CARTESIAN_POINT ( 'NONE',  ( 4.646201036655813965, 79.04730406571259493, 26.08046940732172914 ) ) ;
#650 = CARTESIAN_POINT ( 'NONE',  ( 35.59674775249768430, 6.662458333391143128, -25.86255110086881714 ) ) ;
#651 = VERTEX_POINT ( 'NONE', #423 ) ;
#652 = CARTESIAN_POINT ( 'NONE',  ( -13.59674775249769141, 1.069166660885653597, 41.84648671698675315 ) ) ;
#653 = CARTESIAN_POINT ( 'NONE',  ( 5.088240187682292692, 90.53224379059578553, 19.65124714918737325 ) ) ;
#654 = CARTESIAN_POINT ( 'NONE',  ( -8.906473818133855858, 78.60856767828157388, 24.99623462358555059 ) ) ;
#655 = CARTESIAN_POINT ( 'NONE',  ( 1.633672675315645861, 77.65167497981538247, -26.66338661435607804 ) ) ;
#656 = CARTESIAN_POINT ( 'NONE',  ( -7.500000000000003553, 84.99999999999997158, -19.68680216366898961 ) ) ;
#657 = CARTESIAN_POINT ( 'NONE',  ( -2.682247859938109436, 75.30341303983054502, -27.00508772310324801 ) ) ;
#658 = CARTESIAN_POINT ( 'NONE',  ( -1.364148164431329959E-11, 96.03909122581703173, -23.34500906948737153 ) ) ;
#659 = ORIENTED_EDGE ( 'NONE', *, *, #3095, .T. ) ;
#660 = CARTESIAN_POINT ( 'NONE',  ( 6.252311768366896704E-15, 0.000000000000000000, 51.05400000000000205 ) ) ;
#661 = CARTESIAN_POINT ( 'NONE',  ( -35.59674775249767720, 8.900833327552319929, -25.86255110086882070 ) ) ;
#662 = CARTESIAN_POINT ( 'NONE',  ( 2.952168261419954785E-05, 8.583333092788844709, -43.99999999999009503 ) ) ;
#663 = CARTESIAN_POINT ( 'NONE',  ( 36.52362188585566827, -1.126875002890506572, -26.53596457686149890 ) ) ;
#664 = B_SPLINE_CURVE_WITH_KNOTS ( 'NONE', 3,
 ( #897, #359, #2765, #1420, #168, #3055, #1755, #2003, #1967, #3088, #2510, #1985, #1223, #1172, #375, #102, #3072, #3037, #640, #3373, #674, #2270, #1721, #2288, #1738, #1437, #1705, #118, #969, #407 ),
 .UNSPECIFIED., .F., .F.,
 ( 4, 2, 2, 2, 2, 2, 2, 2, 2, 2, 2, 2, 2, 2, 4 ),
 ( 0.008371290026536398060, 0.009501157321376340129, 0.01063102461621628220, 0.01176089191105622253, 0.01289075920589616460, 0.01402062650073610667, 0.01515049379557604700, 0.01628036109041598734, 0.01741022838525593114, 0.01854009568009587494, 0.01966996297493581181, 0.02192969756461569594, 0.02418943215429557661, 0.02531929944913552388, 0.02644916674397547462 ),
 .UNSPECIFIED. ) ;
#665 = CARTESIAN_POINT ( 'NONE',  ( -45.14567943541665329, 6.228541663776159254, -14.66872044838375189 ) ) ;
#666 = CARTESIAN_POINT ( 'NONE',  ( 5.178544702319248572, 76.10017309399226804, 26.48810051562993095 ) ) ;
#667 = CARTESIAN_POINT ( 'NONE',  ( -43.99999999999999289, 7.403291666724475917, -14.29646663424788144 ) ) ;
#668 = CARTESIAN_POINT ( 'NONE',  ( -13.59674775249768075, 0.2224999942189869462, -41.84648671698676026 ) ) ;
#669 = CARTESIAN_POINT ( 'NONE',  ( 5.502411381143788915, 94.87758317064992752, 22.90825226365414835 ) ) ;
#670 = CARTESIAN_POINT ( 'NONE',  ( -7.493290141179821617, 84.59922749787557450, 19.80790769431501275 ) ) ;
#671 = CARTESIAN_POINT ( 'NONE',  ( -4.615381741848829655, 79.03076117461212391, -26.08758595851474738 ) ) ;
#672 = CARTESIAN_POINT ( 'NONE',  ( 13.59674775249767720, 4.773333333333314776, -41.84648671698672473 ) ) ;
#673 = EDGE_CURVE ( 'NONE', #651, #559, #687, .T. ) ;
#674 = CARTESIAN_POINT ( 'NONE',  ( -1.002970407807160624, 92.44220383420551457, 20.36706811993900601 ) ) ;
#675 = CARTESIAN_POINT ( 'NONE',  ( 4.661219335228884653, 79.11375406867445292, 22.90942277410970362 ) ) ;
#676 = CARTESIAN_POINT ( 'NONE',  ( 13.59674775249768608, 0.01083332755232041360, -41.84648671698675315 ) ) ;
#677 = EDGE_LOOP ( 'NONE', ( #209, #869, #315, #3287 ) ) ;
#678 = CARTESIAN_POINT ( 'NONE',  ( 13.59674775249767187, 1.809999999999982068, 41.84648671698673184 ) ) ;
#679 = ORIENTED_EDGE ( 'NONE', *, *, #1545, .T. ) ;
#680 = CARTESIAN_POINT ( 'NONE',  ( -44.00000000000000000, 9.218333327552318934, 14.29646663424786901 ) ) ;
#681 = LINE ( 'NONE', #2847, #2053 ) ;
#682 = CARTESIAN_POINT ( 'NONE',  ( -13.95078216814733629, 2.524374997109493091, 42.93609260962512053 ) ) ;
#683 = CARTESIAN_POINT ( 'NONE',  ( 6.419786490221750519, 81.09434873947958522, 21.51289197325105107 ) ) ;
#684 = CARTESIAN_POINT ( 'NONE',  ( -35.59674775249767720, 5.180791666724475775, -25.86255110086882070 ) ) ;
#685 = CARTESIAN_POINT ( 'NONE',  ( 27.19349550499537216, -0.09500000578101289173, -37.42863556748975640 ) ) ;
#686 = CARTESIAN_POINT ( 'NONE',  ( 0.9067364603540707391, 96.03260980304978034, 23.34237323558184585 ) ) ;
#687 = LINE ( 'NONE', #164, #906 ) ;
#688 = DIRECTION ( 'NONE',  ( 0.000000000000000000, 0.000000000000000000, -1.000000000000000000 ) ) ;
#689 = CARTESIAN_POINT ( 'NONE',  ( 35.59674775249765588, 4.138333333333314989, 25.86255110086880649 ) ) ;
#690 = CARTESIAN_POINT ( 'NONE',  ( 3.033112396774239272, 75.37844734641501532, -26.95541810958532025 ) ) ;
#691 = CARTESIAN_POINT ( 'NONE',  ( 6.949323674017278130, 82.15729923684416747, 20.88553207464526551 ) ) ;
#692 = SURFACE_STYLE_USAGE ( .BOTH. , #2840 ) ;
#693 = CARTESIAN_POINT ( 'NONE',  ( -36.52362188585566827, 10.77937499710949254, 26.53596457686149535 ) ) ;
#694 = CARTESIAN_POINT ( 'NONE',  ( -2.146045142684765317, 92.19415118123359321, -20.25548420702190455 ) ) ;
#695 = CARTESIAN_POINT ( 'NONE',  ( -6.480980419302603934, 81.21793008004529213, 21.43897195546161427 ) ) ;
#696 = CARTESIAN_POINT ( 'NONE',  ( -13.59674775249769141, 9.535833327552319716, 41.84648671698675315 ) ) ;
#697 = CARTESIAN_POINT ( 'NONE',  ( -45.14567943541666040, 8.186458330442826892, -5.528751181591550879E-15 ) ) ;
#698 = CARTESIAN_POINT ( 'NONE',  ( -13.59674775249769141, 3.714999999999999414, 41.84648671698675315 ) ) ;
#699 = CARTESIAN_POINT ( 'NONE',  ( -27.90156433629465482, 1.783541663776160302, -38.40320870533926012 ) ) ;
#700 = CARTESIAN_POINT ( 'NONE',  ( 5.877100360618976893, 80.33471253421475922, 22.01917130400755696 ) ) ;
#701 = CARTESIAN_POINT ( 'NONE',  ( 44.00000000000000000, 5.937499994218986998, 0.000000000000000000 ) ) ;
#702 = CARTESIAN_POINT ( 'NONE',  ( 4.705566957029380326, 90.86168860890595056, 19.75121234514102397 ) ) ;
#703 = FACE_OUTER_BOUND ( 'NONE', #3049, .T. ) ;
#704 = AXIS2_PLACEMENT_3D ( 'NONE', #1018, #2351, #184 ) ;
#705 = CARTESIAN_POINT ( 'NONE',  ( 10.13336903550141521, 80.03096547013201700, 24.24415277852642703 ) ) ;
#706 = CARTESIAN_POINT ( 'NONE',  ( 43.99999999999998579, 5.831666660885653108, 14.29646663424789033 ) ) ;
#707 = CARTESIAN_POINT ( 'NONE',  ( -7.473999992693009631, 85.67106144789259758, -19.51165649820382697 ) ) ;
#708 = CARTESIAN_POINT ( 'NONE',  ( 0.5010104713829963696, 77.50658990010107630, 24.22418657710812440 ) ) ;
#709 = CARTESIAN_POINT ( 'NONE',  ( -8.980112549807469572E-14, 6.995833333333332682, -43.99999999999998579 ) ) ;
#710 = CARTESIAN_POINT ( 'NONE',  ( 1.490060109308996683, 92.35802931318990261, -20.32859536302638404 ) ) ;
#711 = CARTESIAN_POINT ( 'NONE',  ( 13.95078216814733096, 1.201458330442826572, -42.93609260962512053 ) ) ;
#712 =( BOUNDED_SURFACE ( )  B_SPLINE_SURFACE ( 1, 2, ( 
 ( #1278, #2875, #3445, #755, #2857, #3125, #724, #1037, #1827, #477, #201, #3408, #3428, #459, #2337, #1523, #2072, #2644, #3144, #1539, #2610, #220, #770, #3161, #1575, #2910, #2892, #495, #255, #1558, #2391, #3463, #862, #308, #829, #586, #1650, #2929, #1370, #3002, #602, #2440, #70, #2712, #3235, #3215, #1399, #570, #2164, #1898, #2144, #1635, #1617, #1104, #2970, #2197, #2697, #532, #2679, #1385, #1914, #3249, #325, #54, #3196, #2182, #847, #1120, #2986, #1336, #2124, #273, #2455, #3265, #1931, #808, #2408, #1666, #2727, #1880, #339, #2950, #2471, #1054, #788, #1860, #1595, #2660, #16, #1071, #551, #293, #1353, #2425, #37, #1090, #2488, #1681, #2211, #3349, #2744, #402, #3313, #2247, #1202, #354, #2521, #1947, #83, #1997, #387, #1151, #945, #421, #2015 ),
 ( #3017, #2775, #3084, #685, #1451, #2539, #668, #909, #2227, #1484, #3050, #1168, #1980, #3295, #652, #636, #130, #1717, #2283, #1185, #618, #1700, #1467, #927, #2265, #1733, #3330, #3280, #3067, #2797, #146, #1751, #1415, #1136, #98, #2814, #877, #893, #1963, #3033, #2761, #371, #1433, #2506, #114, #1258, #753, #2889, #2085, #1295, #1824, #3443, #216, #2607, #3142, #1537, #455, #162, #3406, #1502, #701, #1219, #2370, #1768, #493, #2335, #1002, #234, #2832, #1276, #964, #2555, #1017, #2871, #181, #1034, #2908, #2103, #2350, #474, #2069, #3425, #2299, #3178, #3100, #1555, #511, #768, #2853, #3157, #738, #1808, #2626, #1840, #3367, #3388, #2032, #2572, #438, #1237, #2316, #3119, #1520, #983, #2050, #719, #1786, #2589, #198, #270, #288, #2946, #1332, #321, #2139 ) ),
 .UNSPECIFIED., .F., .F., .T. ) 
 B_SPLINE_SURFACE_WITH_KNOTS ( ( 2, 2 ),
 ( 3, 2, 2, 2, 2, 2, 2, 2, 2, 2, 2, 2, 2, 2, 2, 2, 2, 2, 2, 2, 2, 2, 2, 2, 2, 2, 2, 2, 2, 2, 2, 2, 2, 2, 2, 2, 2, 2, 2, 2, 2, 2, 2, 2, 2, 2, 2, 2, 2, 2, 2, 2, 2, 2, 2, 2, 2, 3 ),
 ( 0.000000000000000000, 1.000000000000000000 ),
 ( 0.000000000000000000, 0.01666666666666666644, 0.03333333333333333287, 0.05000000000000000278, 0.06666666666666666574, 0.08333333333333332871, 0.1000000000000000056, 0.1166666666666666685, 0.1333333333333333315, 0.1499999999999999944, 0.1666666666666666574, 0.1833333333333333204, 0.2000000000000000111, 0.2166666666666666741, 0.2333333333333333370, 0.2500000000000000000, 0.2666666666666666630, 0.2833333333333333259, 0.2999999999999999889, 0.3166666666666666519, 0.3333333333333333148, 0.3499999999999999778, 0.3666666666666666408, 0.3833333333333333592, 0.4000000000000000222, 0.4166666666666666852, 0.4333333333333333481, 0.4500000000000000111, 0.4666666666666666741, 0.4833333333333333370, 0.5000000000000000000, 0.5166666666666667185, 0.5333333333333333259, 0.5500000000000000444, 0.5666666666666666519, 0.5833333333333333703, 0.5999999999999999778, 0.6166666666666666963, 0.6333333333333333037, 0.6500000000000000222, 0.6666666666666666297, 0.6833333333333333481, 0.6999999999999999556, 0.7166666666666666741, 0.7333333333333332815, 0.7500000000000000000, 0.7666666666666667185, 0.7833333333333333259, 0.8000000000000000444, 0.8166666666666666519, 0.8333333333333333703, 0.8499999999999999778, 0.8666666666666666963, 0.8833333333333333037, 0.9000000000000000222, 0.9166666666666666297, 0.9333333333333333481, 0.9448593093185196912 ),
 .UNSPECIFIED. ) 
 GEOMETRIC_REPRESENTATION_ITEM ( )  RATIONAL_B_SPLINE_SURFACE ( (
 ( 1.000000000000000000, 0.9510565162951535312, 1.000000000000000000, 0.9510565162951535312, 1.000000000000000000, 0.9510565162951535312, 1.000000000000000000, 0.9510565162951535312, 1.000000000000000000, 0.9510565162951535312, 1.000000000000000000, 0.9510565162951535312, 1.000000000000000000, 0.9510565162951535312, 1.000000000000000000, 0.9510565162951535312, 1.000000000000000000, 0.9510565162951535312, 1.000000000000000000, 0.9510565162951535312, 1.000000000000000000, 0.9510565162951535312, 1.000000000000000000, 0.9510565162951535312, 1.000000000000000000, 0.9510565162951535312, 1.000000000000000000, 0.9510565162951535312, 1.000000000000000000, 0.9510565162951535312, 1.000000000000000000, 0.9510565162951535312, 1.000000000000000000, 0.9510565162951535312, 1.000000000000000000, 0.9510565162951535312, 1.000000000000000000, 0.9510565162951535312, 1.000000000000000000, 0.9510565162951535312, 1.000000000000000000, 0.9510565162951535312, 1.000000000000000000, 0.9510565162951535312, 1.000000000000000000, 0.9510565162951535312, 1.000000000000000000, 0.9510565162951535312, 1.000000000000000000, 0.9510565162951535312, 1.000000000000000000, 0.9510565162951535312, 1.000000000000000000, 0.9510565162951535312, 1.000000000000000000, 0.9510565162951535312, 1.000000000000000000, 0.9510565162951535312, 1.000000000000000000, 0.9510565162951535312, 1.000000000000000000, 0.9510565162951535312, 1.000000000000000000, 0.9510565162951535312, 1.000000000000000000, 0.9510565162951535312, 1.000000000000000000, 0.9510565162951535312, 1.000000000000000000, 0.9510565162951535312, 1.000000000000000000, 0.9510565162951535312, 1.000000000000000000, 0.9510565162951535312, 1.000000000000000000, 0.9510565162951535312, 1.000000000000000000, 0.9510565162951535312, 1.000000000000000000, 0.9510565162951535312, 1.000000000000000000, 0.9510565162951535312, 1.000000000000000000, 0.9510565162951535312, 1.000000000000000000, 0.9510565162951535312, 1.000000000000000000, 0.9510565162951535312, 1.000000000000000000, 0.9510565162951535312, 1.000000000000000000, 0.9510565162951535312, 1.000000000000000000, 0.9510565162951535312, 1.000000000000000000, 0.9510565162951535312, 1.000000000000000000, 0.9510565162951535312, 1.000000000000000000, 0.9510565162951535312, 1.000000000000000000, 0.9510565162951535312, 1.000000000000000000, 0.9510565162951535312, 1.000000000000000000, 0.9510565162951535312, 1.000000000000000000, 0.9510565162951535312, 1.000000000000000000, 0.9510565162951535312, 1.000000000000000000, 0.9510565162951535312, 1.000000000000000000, 0.9661527149311947005, 0.9791201892464063139),
 ( 1.000000000000000000, 0.9510565162951535312, 1.000000000000000000, 0.9510565162951535312, 1.000000000000000000, 0.9510565162951535312, 1.000000000000000000, 0.9510565162951535312, 1.000000000000000000, 0.9510565162951535312, 1.000000000000000000, 0.9510565162951535312, 1.000000000000000000, 0.9510565162951535312, 1.000000000000000000, 0.9510565162951535312, 1.000000000000000000, 0.9510565162951535312, 1.000000000000000000, 0.9510565162951535312, 1.000000000000000000, 0.9510565162951535312, 1.000000000000000000, 0.9510565162951535312, 1.000000000000000000, 0.9510565162951535312, 1.000000000000000000, 0.9510565162951535312, 1.000000000000000000, 0.9510565162951535312, 1.000000000000000000, 0.9510565162951535312, 1.000000000000000000, 0.9510565162951535312, 1.000000000000000000, 0.9510565162951535312, 1.000000000000000000, 0.9510565162951535312, 1.000000000000000000, 0.9510565162951535312, 1.000000000000000000, 0.9510565162951535312, 1.000000000000000000, 0.9510565162951535312, 1.000000000000000000, 0.9510565162951535312, 1.000000000000000000, 0.9510565162951535312, 1.000000000000000000, 0.9510565162951535312, 1.000000000000000000, 0.9510565162951535312, 1.000000000000000000, 0.9510565162951535312, 1.000000000000000000, 0.9510565162951535312, 1.000000000000000000, 0.9510565162951535312, 1.000000000000000000, 0.9510565162951535312, 1.000000000000000000, 0.9510565162951535312, 1.000000000000000000, 0.9510565162951535312, 1.000000000000000000, 0.9510565162951535312, 1.000000000000000000, 0.9510565162951535312, 1.000000000000000000, 0.9510565162951535312, 1.000000000000000000, 0.9510565162951535312, 1.000000000000000000, 0.9510565162951535312, 1.000000000000000000, 0.9510565162951535312, 1.000000000000000000, 0.9510565162951535312, 1.000000000000000000, 0.9510565162951535312, 1.000000000000000000, 0.9510565162951535312, 1.000000000000000000, 0.9510565162951535312, 1.000000000000000000, 0.9510565162951535312, 1.000000000000000000, 0.9510565162951535312, 1.000000000000000000, 0.9510565162951535312, 1.000000000000000000, 0.9510565162951535312, 1.000000000000000000, 0.9510565162951535312, 1.000000000000000000, 0.9510565162951535312, 1.000000000000000000, 0.9510565162951535312, 1.000000000000000000, 0.9510565162951535312, 1.000000000000000000, 0.9510565162951535312, 1.000000000000000000, 0.9510565162951535312, 1.000000000000000000, 0.9510565162951535312, 1.000000000000000000, 0.9510565162951535312, 1.000000000000000000, 0.9510565162951535312, 1.000000000000000000, 0.9510565162951535312, 1.000000000000000000, 0.9661527149311947005, 0.9791201892464063139) ) ) 
 REPRESENTATION_ITEM ( '' )  SURFACE ( )  );
#713 = CARTESIAN_POINT ( 'NONE',  ( 3.867672236798267504E-14, 1.704166666666667052, 44.00000000000000000 ) ) ;
#714 = CARTESIAN_POINT ( 'NONE',  ( 43.99999999999999289, 1.598333327552320382, 14.29646663424789210 ) ) ;
#715 = CARTESIAN_POINT ( 'NONE',  ( -43.99999999999998579, 9.006666660885652931, -14.29646663424788322 ) ) ;
#716 = CARTESIAN_POINT ( 'NONE',  ( 43.99999999999999289, 6.572499999999998899, -14.29646663424787256 ) ) ;
#717 = CARTESIAN_POINT ( 'NONE',  ( 27.90156433629465127, 4.958541663776159680, 38.40320870533926723 ) ) ;
#718 = CARTESIAN_POINT ( 'NONE',  ( 7.477363935672973305, 86.16883932602640073, 24.52553532180332496 ) ) ;
#719 = CARTESIAN_POINT ( 'NONE',  ( 2.832873664143050884E-15, 10.69999999421898629, -46.26433786648375701 ) ) ;
#720 = STYLED_ITEM ( 'NONE', ( #2307 ), #1629 ) ;
#721 = DIRECTION ( 'NONE',  ( 0.000000000000000000, 0.000000000000000000, 1.000000000000000000 ) ) ;
#722 = CARTESIAN_POINT ( 'NONE',  ( 8.077957057854616707, 93.29988201023641636, -22.43678393165961893 ) ) ;
#723 = CARTESIAN_POINT ( 'NONE',  ( -36.91289094807552118, 6.367929274825997302E-17, -25.34481896688174629 ) ) ;
#724 = CARTESIAN_POINT ( 'NONE',  ( -13.95078216814732563, -0.4389583362238397291, -42.93609260962512764 ) ) ;
#725 = CARTESIAN_POINT ( 'NONE',  ( -6.282441788654447024, 80.87689479184153640, -21.65259901163323164 ) ) ;
#726 = FACE_BOUND ( 'NONE', #282, .T. ) ;
#727 = CARTESIAN_POINT ( 'NONE',  ( -6.148299224709892208, 76.57874468029065440, -26.18778183344854327 ) ) ;
#728 = CARTESIAN_POINT ( 'NONE',  ( 8.772283586241728770, 92.72165245042286585, -22.29441756227341287 ) ) ;
#729 = ORIENTED_EDGE ( 'NONE', *, *, #925, .T. ) ;
#730 = CARTESIAN_POINT ( 'NONE',  ( 13.95078216814733096, -0.9152083362238397912, -42.93609260962512053 ) ) ;
#731 = VECTOR ( 'NONE', #3300, 1000.000000000000114 ) ;
#732 = CARTESIAN_POINT ( 'NONE',  ( 1.884934515405132080E-13, 9.112499999999998934, -43.99999999999998579 ) ) ;
#733 =( BOUNDED_SURFACE ( )  B_SPLINE_SURFACE ( 3, 2, ( 
 ( #548, #67, #1612 ),
 ( #3277, #615, #1678 ),
 ( #874, #2966, #1087 ),
 ( #2676, #1944, #271 ),
 ( #290, #2422, #34 ),
 ( #3232, #1333, #1647 ),
 ( #2161, #567, #1632 ),
 ( #2694, #305, #2709 ),
 ( #2194, #3262, #1663 ),
 ( #2724, #1410, #2483 ),
 ( #161, #3345, #419 ),
 ( #2263, #385, #1448 ),
 ( #3328, #3310, #2795 ),
 ( #1482, #924, #1148 ),
 ( #1995, #112, #3065 ),
 ( #1696, #2224, #95 ),
 ( #400, #1218, #2519 ),
 ( #963, #943, #1465 ),
 ( #905, #128, #1165 ),
 ( #2503, #2739, #1959 ),
 ( #666, #2013, #1976 ),
 ( #2298, #2537, #144 ),
 ( #1730, #649, #351 ),
 ( #2759, #890, #3292 ),
 ( #3047, #2773, #3366 ),
 ( #2554, #3030, #1200 ),
 ( #633, #2280, #3082 ),
 ( #2031, #3099, #700 ),
 ( #2244, #1714, #368 ),
 ( #1183, #1429, #683 ),
 ( #1749, #2812, #2315 ),
 ( #3118, #2049, #2870 ),
 ( #180, #1257, #2852 ),
 ( #982, #2334, #3387 ),
 ( #437, #1501, #1001 ),
 ( #2606, #454, #2067 ),
 ( #737, #3405, #1518 ),
 ( #2588, #718, #3140 ),
 ( #1767, #1235, #1536 ),
 ( #1807, #1784, #215 ),
 ( #1274, #2349, #473 ),
 ( #2830, #197, #2571 ),
 ( #740, #2319, #1316 ),
 ( #1858, #2926, #476 ),
 ( #2122, #2855, #985 ),
 ( #2052, #530, #1277 ),
 ( #2627, #457, #253 ),
 ( #218, #1521, #1591 ),
 ( #2873, #235, #1259 ),
 ( #2658, #1297, #1242 ) ),
 .UNSPECIFIED., .F., .F., .T. ) 
 B_SPLINE_SURFACE_WITH_KNOTS ( ( 4, 2, 2, 2, 2, 2, 2, 2, 2, 2, 2, 2, 2, 2, 2, 2, 2, 2, 2, 2, 2, 2, 2, 2, 4 ),
 ( 3, 3 ),
 ( 0.000000000000000000, 0.002090740775165526172, 0.003136111162748289258, 0.004181481550331052344, 0.006272222325496578516, 0.007317592713079341601, 0.008362963100662104687, 0.01045370387582763086, 0.01149907426341039395, 0.01254444465099315703, 0.01358981503857592012, 0.01463518542615868320, 0.01672592620132420937, 0.01777129658890697073, 0.01881666697648973555, 0.02090740775165526172, 0.02299814852682078789, 0.02404351891440355271, 0.02508888930198631406, 0.02717963007715184023, 0.02822500046473460505, 0.02927037085231736641, 0.03136111162748289605, 0.03240648201506565740, 0.03345185240264841875 ),
 ( 0.000000000000000000, 1.000000000000000000 ),
 .UNSPECIFIED. ) 
 GEOMETRIC_REPRESENTATION_ITEM ( )  RATIONAL_B_SPLINE_SURFACE ( (
 ( 1.000000000000000000, 0.6734869847999747083, 1.000000000000000000),
 ( 1.000000000000000000, 0.6870279071924082492, 1.000000000000000000),
 ( 1.000000000000000000, 0.6996043133607914299, 1.000000000000000000),
 ( 1.000000000000000000, 0.7166279554714706235, 1.000000000000000000),
 ( 1.000000000000000000, 0.7219957109166328380, 1.000000000000000000),
 ( 1.000000000000000000, 0.7320396274425962080, 1.000000000000000000),
 ( 1.000000000000000000, 0.7367353347836989030, 1.000000000000000000),
 ( 1.000000000000000000, 0.7495073335606767806, 1.000000000000000000),
 ( 1.000000000000000000, 0.7561156002932243325, 1.000000000000000000),
 ( 1.000000000000000000, 0.7629788778848755060, 1.000000000000000000),
 ( 1.000000000000000000, 0.7647560981311208872, 1.000000000000000000),
 ( 1.000000000000000000, 0.7672219235462923725, 1.000000000000000000),
 ( 1.000000000000000000, 0.7679013088693898981, 1.000000000000000000),
 ( 1.000000000000000000, 0.7682046525660557457, 1.000000000000000000),
 ( 1.000000000000000000, 0.7661579524741934932, 1.000000000000000000),
 ( 1.000000000000000000, 0.7598006787089468528, 1.000000000000000000),
 ( 1.000000000000000000, 0.7571163565220677683, 1.000000000000000000),
 ( 1.000000000000000000, 0.7508128901695860780, 1.000000000000000000),
 ( 1.000000000000000000, 0.7471834244939683511, 1.000000000000000000),
 ( 1.000000000000000000, 0.7390365925076658460, 1.000000000000000000),
 ( 1.000000000000000000, 0.7345189902256333836, 1.000000000000000000),
 ( 1.000000000000000000, 0.7246429667871717717, 1.000000000000000000),
 ( 1.000000000000000000, 0.7192903262049964441, 1.000000000000000000),
 ( 1.000000000000000000, 0.7023968488938086008, 1.000000000000000000),
 ( 1.000000000000000000, 0.6899261673160390629, 1.000000000000000000),
 ( 1.000000000000000000, 0.6698560761082387183, 1.000000000000000000),
 ( 1.000000000000000000, 0.6629249878909432292, 1.000000000000000000),
 ( 1.000000000000000000, 0.6489392106644671365, 1.000000000000000000),
 ( 1.000000000000000000, 0.6418554066453644458, 1.000000000000000000),
 ( 1.000000000000000000, 0.6204841358828545594, 1.000000000000000000),
 ( 1.000000000000000000, 0.6060510940025632953, 1.000000000000000000),
 ( 1.000000000000000000, 0.5779200910533438540, 1.000000000000000000),
 ( 1.000000000000000000, 0.5646369044264450965, 1.000000000000000000),
 ( 1.000000000000000000, 0.5468775167446741081, 1.000000000000000000),
 ( 1.000000000000000000, 0.5413218469627700813, 1.000000000000000000),
 ( 1.000000000000000000, 0.5311490796103229828, 1.000000000000000000),
 ( 1.000000000000000000, 0.5265114123356892106, 1.000000000000000000),
 ( 1.000000000000000000, 0.5145182138869457411, 1.000000000000000000),
 ( 1.000000000000000000, 0.5092149148062008468, 1.000000000000000000),
 ( 1.000000000000000000, 0.5058003006389601985, 1.000000000000000000),
 ( 1.000000000000000000, 0.5054153824154008490, 1.000000000000000000),
 ( 1.000000000000000000, 0.5061808954506099578, 1.000000000000000000),
 ( 1.000000000000000000, 0.5073450201463044484, 1.000000000000000000),
 ( 1.000000000000000000, 0.5128747827249529045, 1.000000000000000000),
 ( 1.000000000000000000, 0.5192777828800732021, 1.000000000000000000),
 ( 1.000000000000000000, 0.5316026200851161621, 1.000000000000000000),
 ( 1.000000000000000000, 0.5361705806399689189, 1.000000000000000000),
 ( 1.000000000000000000, 0.5457430285585097574, 1.000000000000000000),
 ( 1.000000000000000000, 0.5507701806325479010, 1.000000000000000000),
 ( 1.000000000000000000, 0.5559077204869526945, 1.000000000000000000) ) ) 
 REPRESENTATION_ITEM ( '' )  SURFACE ( )  );
#734 = CARTESIAN_POINT ( 'NONE',  ( -44.00000000000000000, 0.6458333275523202577, -5.388445916248353619E-15 ) ) ;
#735 = CARTESIAN_POINT ( 'NONE',  ( 45.14567943541665329, 5.170208330442826572, 14.66872044838375899 ) ) ;
#736 = CARTESIAN_POINT ( 'NONE',  ( 45.14567943541665329, 5.170208330442826572, 14.66872044838375899 ) ) ;
#737 = CARTESIAN_POINT ( 'NONE',  ( 11.85704066351614117, 84.79576223957704428, 22.46139737449183826 ) ) ;
#738 = CARTESIAN_POINT ( 'NONE',  ( -44.00000000000000000, 9.112499994218985933, -5.388445916248353619E-15 ) ) ;
#739 =( LENGTH_UNIT ( ) NAMED_UNIT ( * ) SI_UNIT ( .MILLI., .METRE. ) );
#740 = CARTESIAN_POINT ( 'NONE',  ( 11.30447762836701742, 88.90858153837909583, 21.90263466732748299 ) ) ;
#741 = CARTESIAN_POINT ( 'NONE',  ( -43.99999999999998579, 3.397499999999997300, 14.29646663424786723 ) ) ;
#742 = CARTESIAN_POINT ( 'NONE',  ( -7.439755367308660716, 86.30031658686893081, -24.51761712221277278 ) ) ;
#743 = CARTESIAN_POINT ( 'NONE',  ( 35.59674775249768430, 4.032499994218986750, -25.86255110086881714 ) ) ;
#744 = CARTESIAN_POINT ( 'NONE',  ( 8.083209464676246014, 93.29909012045742145, 22.43595722185965258 ) ) ;
#745 = CARTESIAN_POINT ( 'NONE',  ( 4.403133123034735696, 91.09585717426355700, -23.94080028547938355 ) ) ;
#746 = CARTESIAN_POINT ( 'NONE',  ( -27.19349550499536861, 6.678333327552318011, -37.42863556748975640 ) ) ;
#747 = CARTESIAN_POINT ( 'NONE',  ( 6.968890776013619615, 4.295756071048024261, -44.00000799246110006 ) ) ;
#748 = CARTESIAN_POINT ( 'NONE',  ( 38.50538894123017286, 10.00000000000000000, 21.29166556389116494 ) ) ;
#749 = ORIENTED_EDGE ( 'NONE', *, *, #2590, .T. ) ;
#750 = CARTESIAN_POINT ( 'NONE',  ( -44.00000000000000000, 2.762499994218986732, -5.388445916248353619E-15 ) ) ;
#751 = CARTESIAN_POINT ( 'NONE',  ( -30.35509595722944098, -2.115511122413166848E-13, 33.41706930765766259 ) ) ;
#752 = CARTESIAN_POINT ( 'NONE',  ( -13.95078216814733629, 0.1431249971094933904, 42.93609260962512053 ) ) ;
#753 = CARTESIAN_POINT ( 'NONE',  ( -13.59674775249768075, 4.455833327552319645, -41.84648671698676026 ) ) ;
#754 = CARTESIAN_POINT ( 'NONE',  ( 11.59000080535282429, 83.27873777524946775, -22.91156972359175370 ) ) ;
#755 = CARTESIAN_POINT ( 'NONE',  ( 27.90156433629465837, -0.7564583362238395114, -38.40320870533926012 ) ) ;
#756 = CARTESIAN_POINT ( 'NONE',  ( -11.89365210777613768, 85.44099342851492906, -22.30850167641023774 ) ) ;
#757 = CARTESIAN_POINT ( 'NONE',  ( 13.59674775249768608, 4.244166660885654530, -41.84648671698675315 ) ) ;
#758 = CARTESIAN_POINT ( 'NONE',  ( 8.671345594148343494, 92.78156912596654138, 22.31444286493729123 ) ) ;
#759 = CARTESIAN_POINT ( 'NONE',  ( 0.000000000000000000, 200.0000000000000000, 0.000000000000000000 ) ) ;
#760 = ORIENTED_EDGE ( 'NONE', *, *, #995, .F. ) ;
#761 = CARTESIAN_POINT ( 'NONE',  ( -13.95078216814733629, 0.1431249971094933904, 42.93609260962512053 ) ) ;
#762 = CARTESIAN_POINT ( 'NONE',  ( -45.14567943541665329, 1.730624997109492691, -14.66872044838375189 ) ) ;
#763 = CARTESIAN_POINT ( 'NONE',  ( 7.401356834728979095, 86.25335737665486135, -19.39719061135308564 ) ) ;
#764 = CARTESIAN_POINT ( 'NONE',  ( -44.00000000000000000, 0.7516666608856537035, 14.29646663424786901 ) ) ;
#765 = CARTESIAN_POINT ( 'NONE',  ( -45.14567943541666040, 4.217708330442826892, -5.528751181591550879E-15 ) ) ;
#766 = CARTESIAN_POINT ( 'NONE',  ( -5.383322587089354627, 90.28206369015853738, -23.96677744082281691 ) ) ;
#767 = CARTESIAN_POINT ( 'NONE',  ( 1.544827043026889448E-06, 9.641862909853948338, 43.99999999999994316 ) ) ;
#768 = CARTESIAN_POINT ( 'NONE',  ( -27.19349550499536861, 8.794999994218986927, -37.42863556748975640 ) ) ;
#769 = CARTESIAN_POINT ( 'NONE',  ( 8.691954822506508194, 78.40860434615690622, -25.10803007032903977 ) ) ;
#770 = CARTESIAN_POINT ( 'NONE',  ( 36.52362188585566827, 1.254374997109493739, -26.53596457686149890 ) ) ;
#771 = CARTESIAN_POINT ( 'NONE',  ( -5.690614657177327729, 89.91096106262949661, 19.49678868303048773 ) ) ;
#772 = CARTESIAN_POINT ( 'NONE',  ( 13.59674775249767720, 3.397499994218986519, 41.84648671698676026 ) ) ;
#773 = CARTESIAN_POINT ( 'NONE',  ( 7.453311535893642592, 93.77166229050138213, 22.56211689889508065 ) ) ;
#774 = CARTESIAN_POINT ( 'NONE',  ( -5.825553011531884096, 80.26610495785087096, -22.06546376447244029 ) ) ;
#775 = CARTESIAN_POINT ( 'NONE',  ( 3.425293311235561261E-09, 7.525000453773856179, 44.00000000000000000 ) ) ;
#776 = CARTESIAN_POINT ( 'NONE',  ( -36.52362188585566116, -0.4918750028905065630, -26.53596457686150600 ) ) ;
#777 = ORIENTED_EDGE ( 'NONE', *, *, #881, .F. ) ;
#778 = CARTESIAN_POINT ( 'NONE',  ( -45.14567943541666040, -0.2802083362238398934, -5.528751181591550879E-15 ) ) ;
#779 = EDGE_LOOP ( 'NONE', ( #2880, #2959, #1744, #2383, #2062, #1785, #2096, #3323, #1476, #2258, #3257, #2689, #777 ) ) ;
#780 = CARTESIAN_POINT ( 'NONE',  ( 13.95078216814732031, 4.852708330442826679, 42.93609260962512764 ) ) ;
#781 = CARTESIAN_POINT ( 'NONE',  ( -2.086616481093984454, 92.20826750134264671, -20.26179592054014478 ) ) ;
#782 = CARTESIAN_POINT ( 'NONE',  ( 45.14567943541665329, 9.403541663776159965, 14.66872044838375899 ) ) ;
#783 = CARTESIAN_POINT ( 'NONE',  ( -45.11106150061011988, -1.129662624468342480E-16, -1.512917660311386525 ) ) ;
#784 = CARTESIAN_POINT ( 'NONE',  ( -43.99999999999999289, -1.047500000000000098, -14.29646663424788144 ) ) ;
#785 = AXIS2_PLACEMENT_3D ( 'NONE', #303, #2420, #2981 ) ;
#786 = CARTESIAN_POINT ( 'NONE',  ( 6.364955453887406911, 76.68305042463940424, -26.12159146986785885 ) ) ;
#787 = CARTESIAN_POINT ( 'NONE',  ( -21.36863402905036935, 11.58807791377465790, 38.46272844888295595 ) ) ;
#788 = CARTESIAN_POINT ( 'NONE',  ( 13.95078216814733096, 7.816041663776158721, -42.93609260962512053 ) ) ;
#789 = CARTESIAN_POINT ( 'NONE',  ( -11.58885101383362404, 88.09019972740487958, 21.92255915350978768 ) ) ;
#790 = CYLINDRICAL_SURFACE ( 'NONE', #2035, 44.00000000000000000 ) ;
#791 = CARTESIAN_POINT ( 'NONE',  ( 3.661896764283289141, 78.43665618266268780, -23.44486040325529430 ) ) ;
#792 = CARTESIAN_POINT ( 'NONE',  ( -2.765925112780758699, 95.76873953654511240, 23.23652449197882675 ) ) ;
#793 = CARTESIAN_POINT ( 'NONE',  ( 45.14567943541666040, 7.128124997109492433, 0.000000000000000000 ) ) ;
#794 = CARTESIAN_POINT ( 'NONE',  ( -27.90156433629465482, 1.518958330442826687, -38.40320870533926012 ) ) ;
#795 = CARTESIAN_POINT ( 'NONE',  ( -6.968915374279600172, 5.883255885362904891, 43.99999999999997158 ) ) ;
#796 = ORIENTED_EDGE ( 'NONE', *, *, #1815, .F. ) ;
#797 = CARTESIAN_POINT ( 'NONE',  ( 27.90156433629465127, 4.958541663776159680, 38.40320870533926012 ) ) ;
#798 = CARTESIAN_POINT ( 'NONE',  ( -5.708751635016030335, 89.91924155789139661, -23.99497649673395472 ) ) ;
#799 = CARTESIAN_POINT ( 'NONE',  ( 27.19349550499536150, 9.853333327552316945, 37.42863556748976350 ) ) ;
#800 = CARTESIAN_POINT ( 'NONE',  ( -43.99999999999999289, 9.519958333391139504, -14.29646663424788144 ) ) ;
#801 = CIRCLE ( 'NONE', #1977, 3.000000000000003109 ) ;
#802 = CARTESIAN_POINT ( 'NONE',  ( -27.19349550499538282, -0.6241666666666670915, 37.42863556748974929 ) ) ;
#803 =( BOUNDED_CURVE ( )  B_SPLINE_CURVE ( 2, ( #899, #377, #1390, #2767, #2430, #3256, #1969, #1095, #2461, #2703, #345, #853, #2733, #608, #2992, #1141, #1127 ),
 .UNSPECIFIED., .F., .F. ) 
 B_SPLINE_CURVE_WITH_KNOTS ( ( 3, 2, 2, 2, 2, 2, 2, 2, 3 ),
 ( 0.000000000000000000, 0.02224080471415592133, 0.04996145502832444185, 0.07768210534249314625, 0.1054027556566616564, 0.1331234059708303608, 0.1608440562849988709, 0.1885647065991675475, 0.2077351638213620899 ),
 .UNSPECIFIED. ) 
 CURVE ( )  GEOMETRIC_REPRESENTATION_ITEM ( )  RATIONAL_B_SPLINE_CURVE ( ( 0.9844748121402194796, 0.9607317126123271489, 1.000000000000000000, 0.9510565162951535312, 1.000000000000000000, 0.9510565162951535312, 1.000000000000000000, 0.9510565162951535312, 1.000000000000000000, 0.9510565162951535312, 1.000000000000000000, 0.9510565162951535312, 1.000000000000000000, 0.9510565162951535312, 1.000000000000000000, 0.9661527074568894147, 0.9791201949734773535 ) ) 
 REPRESENTATION_ITEM ( '' )  );
#804 = CARTESIAN_POINT ( 'NONE',  ( -9.400272017015929293, 4.422554944357801398E-17, 43.88038097382418101 ) ) ;
#805 = UNCERTAINTY_MEASURE_WITH_UNIT (LENGTH_MEASURE( 1.000000000000000082E-05 ), #1227, 'distance_accuracy_value', 'NONE');
#806 = CARTESIAN_POINT ( 'NONE',  ( 27.19349550499537216, -1.682499999999999885, -37.42863556748975640 ) ) ;
#807 = CARTESIAN_POINT ( 'NONE',  ( 43.99999999999999289, 8.689166666666666927, -14.29646663424787256 ) ) ;
#808 = CARTESIAN_POINT ( 'NONE',  ( -8.719909521984299356E-15, 6.863541663776158153, 47.46897651391098805 ) ) ;
#809 = CARTESIAN_POINT ( 'NONE',  ( -3.522794852359142581, 91.64306595303094127, 23.94519397303062291 ) ) ;
#810 = CARTESIAN_POINT ( 'NONE',  ( -6.968915331000786750, 2.287577441852528093, -44.00000001406213812 ) ) ;
#811 = CARTESIAN_POINT ( 'NONE',  ( 8.159369985987263263, 77.94217694329465473, -25.37287304680414479 ) ) ;
#812 = CARTESIAN_POINT ( 'NONE',  ( -35.59674775249768430, 7.207499994218985684, 25.86255110086881004 ) ) ;
#813 = CARTESIAN_POINT ( 'NONE',  ( 45.14567943541665329, 7.233958330442825435, -14.66872044838374300 ) ) ;
#814 = ORIENTED_EDGE ( 'NONE', *, *, #2535, .T. ) ;
#815 = CARTESIAN_POINT ( 'NONE',  ( -27.90156433629466548, 2.153958330442826252, 38.40320870533925302 ) ) ;
#816 = CARTESIAN_POINT ( 'NONE',  ( 2.191598817318479497, 95.87414329133193291, -23.27853463691903357 ) ) ;
#817 = ORIENTED_EDGE ( 'NONE', *, *, #1704, .T. ) ;
#818 = CARTESIAN_POINT ( 'NONE',  ( 2.906636507328099785E-15, 5.805208330442826359, -47.46897651391099515 ) ) ;
#819 = CARTESIAN_POINT ( 'NONE',  ( 1.039592631363899233, 92.43445167604323842, -23.98633308957284171 ) ) ;
#820 = B_SPLINE_CURVE_WITH_KNOTS ( 'NONE', 3,
 ( #535, #2895, #744, #773, #1561, #2108, #1282, #2913, #1541, #480, #2340, #1263, #257, #516, #1338, #2630 ),
 .UNSPECIFIED., .F., .F.,
 ( 4, 2, 2, 2, 2, 2, 2, 4 ),
 ( 0.03340022951181172151, 0.03459952120552865773, 0.03579881289924559395, 0.03699810459296253018, 0.03819739628667946640, 0.03939668798039640263, 0.04059597967411333885, 0.04299456306154721130 ),
 .UNSPECIFIED. ) ;
#821 = CARTESIAN_POINT ( 'NONE',  ( -45.14567943541666040, 8.451041663776157620, -5.528751181591550879E-15 ) ) ;
#822 = FACE_OUTER_BOUND ( 'NONE', #300, .T. ) ;
#823 = CARTESIAN_POINT ( 'NONE',  ( 35.59674775249767720, -0.09500000000000025091, 25.86255110086882425 ) ) ;
#824 = CARTESIAN_POINT ( 'NONE',  ( -0.3443207151945219535, -3.646119447706284536E-16, 44.74545588780072336 ) ) ;
#825 = CARTESIAN_POINT ( 'NONE',  ( 2.832873664143050884E-15, 0.6458333333333329263, -46.26433786648375701 ) ) ;
#826 = ADVANCED_FACE ( 'NONE', ( #1770 ), #1221, .F. ) ;
#827 = CARTESIAN_POINT ( 'NONE',  ( -43.99999999999999289, -1.063374999942189758, -14.29646663424788144 ) ) ;
#828 =( BOUNDED_CURVE ( )  B_SPLINE_CURVE ( 2, ( #2446, #2977, #835, #1111, #624, #592, #2236, #868, #60, #1904, #642, #1707, #578 ),
 .UNSPECIFIED., .F., .T. ) 
 B_SPLINE_CURVE_WITH_KNOTS ( ( 3, 2, 2, 2, 2, 2, 3 ),
 ( 0.04409827625800376988, 0.05291793128022682230, 0.07055724170696908715, 0.08819655213371135893, 0.1058358625604536307, 0.1234751729871959025, 0.1322948249001968390 ),
 .UNSPECIFIED. ) 
 CURVE ( )  GEOMETRIC_REPRESENTATION_ITEM ( )  RATIONAL_B_SPLINE_CURVE ( ( 0.9755282581475767101, 0.9755282586779518983, 1.000000000000000000, 0.9510565162951535312, 1.000000000000000000, 0.9510565162951535312, 1.000000000000000000, 0.9510565162951535312, 1.000000000000000000, 0.9510565162951535312, 1.000000000000000000, 0.9755282673050558184, 0.9755282581475803738 ) ) 
 REPRESENTATION_ITEM ( '' )  );
#829 = CARTESIAN_POINT ( 'NONE',  ( -13.95078216814733629, 2.524374997109493091, 42.93609260962512053 ) ) ;
#830 = CARTESIAN_POINT ( 'NONE',  ( -6.674690593585419940, 88.43584258193415337, 24.20852377668486000 ) ) ;
#831 = CARTESIAN_POINT ( 'NONE',  ( 10.75574302655850367, 81.13632642180577648, -23.74578714070807806 ) ) ;
#832 =( BOUNDED_CURVE ( )  B_SPLINE_CURVE ( 2, ( #1153, #132, #2508, #116, #1187, #1735, #1204, #3267, #1933, #2729, #2213, #879, #966 ),
 .UNSPECIFIED., .F., .T. ) 
 B_SPLINE_CURVE_WITH_KNOTS ( ( 3, 2, 2, 2, 2, 2, 3 ),
 ( 0.6614741410072653149, 0.6702937962162063279, 0.6879331066429487107, 0.7055724170696908715, 0.7232117274964332543, 0.7408510379231754150, 0.7496706744556336233 ),
 .UNSPECIFIED. ) 
 CURVE ( )  GEOMETRIC_REPRESENTATION_ITEM ( )  RATIONAL_B_SPLINE_CURVE ( ( 0.9755282581475768211, 0.9755282581598687663, 1.000000000000000000, 0.9510565162951535312, 1.000000000000000000, 0.9510565162951535312, 1.000000000000000000, 0.9510565162951535312, 1.000000000000000000, 0.9510565162951535312, 1.000000000000000000, 0.9755283099811766778, 0.9755282581476865111 ) ) 
 REPRESENTATION_ITEM ( '' )  );
#833 = CARTESIAN_POINT ( 'NONE',  ( -21.92503793228911846, 10.66203621726816486, 39.46422536111771251 ) ) ;
#834 = CARTESIAN_POINT ( 'NONE',  ( 36.52362188585566116, 4.799791663776159290, 26.53596457686150956 ) ) ;
#835 = CARTESIAN_POINT ( 'NONE',  ( -13.59674775249768075, 0.2224999942189869462, -41.84648671698676026 ) ) ;
#836 = B_SPLINE_CURVE_WITH_KNOTS ( 'NONE', 3,
 ( #1968, #3089, #3073, #1262, #428, #2022, #691, #2004, #1491, #1473, #971, #1757, #1208, #675, #2289, #2562, #1246, #1774, #3106, #2579, #2821, #2782, #1722, #708, #2039, #1795, #170, #2839, #2596, #188, #444, #951, #2545, #1226, #2803, #3375, #1739, #915 ),
 .UNSPECIFIED., .F., .F.,
 ( 4, 2, 2, 2, 2, 2, 2, 2, 2, 2, 2, 2, 2, 2, 2, 2, 2, 2, 4 ),
 ( 0.03223016644383193408, 0.03341844425499337912, 0.03460672206615482416, 0.03579499987731627614, 0.03698327768847772118, 0.03817155549963916622, 0.03935983331080061820, 0.04054811112196206324, 0.04173638893312350828, 0.04292466674428495332, 0.04351880564986568278, 0.04411294455544640530, 0.04530122236660786422, 0.04589536127218858674, 0.04648950017776931620, 0.04767777798893077512, 0.04886605580009223404, 0.05005433361125369296, 0.05124261142241514494 ),
 .UNSPECIFIED. ) ;
#837 = ORIENTED_EDGE ( 'NONE', *, *, #573, .T. ) ;
#838 = CARTESIAN_POINT ( 'NONE',  ( -2.398806201415747186, 92.11915433958593269, -23.96534375684836959 ) ) ;
#839 = VECTOR ( 'NONE', #603, 1000.000000000000000 ) ;
#840 = CARTESIAN_POINT ( 'NONE',  ( -27.90156433629466548, 4.270624997109491616, 38.40320870533924591 ) ) ;
#841 = CARTESIAN_POINT ( 'NONE',  ( -21.36863402905036935, 9.984702919613484440, 38.46272844888295595 ) ) ;
#842 = FACE_OUTER_BOUND ( 'NONE', #779, .T. ) ;
#843 = AXIS2_PLACEMENT_3D ( 'NONE', #2894, #1039, #1300 ) ;
#844 = CARTESIAN_POINT ( 'NONE',  ( 1.474479125742094388, -1.197375213956229853E-16, 44.67986438017480566 ) ) ;
#845 = CARTESIAN_POINT ( 'NONE',  ( -44.00000000000000000, -0.8358333333333332060, 14.29646663424786901 ) ) ;
#846 = CARTESIAN_POINT ( 'NONE',  ( -27.19349550499536861, 9.324166666666663161, -37.42863556748975640 ) ) ;
#847 = CARTESIAN_POINT ( 'NONE',  ( -13.95078216814732563, 5.911041663776159361, -42.93609260962512764 ) ) ;
#848 = CARTESIAN_POINT ( 'NONE',  ( 1.696016199344990106E-06, 3.291882592272202590, 43.99999999999993605 ) ) ;
#849 = CARTESIAN_POINT ( 'NONE',  ( -8.248322946807698841, 93.16284538241988855, 22.40179995037403060 ) ) ;
#850 = CARTESIAN_POINT ( 'NONE',  ( 11.53615704937190323, 83.00717104015168957, -22.99503577493733530 ) ) ;
#851 = CARTESIAN_POINT ( 'NONE',  ( -45.14567943541666040, 6.069791663776159751, -5.528751181591550879E-15 ) ) ;
#852 = CARTESIAN_POINT ( 'NONE',  ( -36.52362188585566827, 10.51479166377615826, 26.53596457686149535 ) ) ;
#853 = CARTESIAN_POINT ( 'NONE',  ( -43.99999999999998579, 11.12333332755244619, -14.29646663424788500 ) ) ;
#854 = VERTEX_POINT ( 'NONE', #2034 ) ;
#855 = CARTESIAN_POINT ( 'NONE',  ( 13.59674775249768253, 0.5399999999999910427, -41.84648671698673894 ) ) ;
#856 = CARTESIAN_POINT ( 'NONE',  ( 36.52362188585566827, 3.106458330442826377, -26.53596457686149890 ) ) ;
#857 = CARTESIAN_POINT ( 'NONE',  ( -27.19349550499538282, 7.826625000057807924, 37.42863556748974929 ) ) ;
#858 = CARTESIAN_POINT ( 'NONE',  ( -44.00000000000000000, 1.174999999999999822, -5.388445916248353619E-15 ) ) ;
#859 = CARTESIAN_POINT ( 'NONE',  ( 13.96147143554432368, 1.821307091399319081E-16, 42.29292449783277164 ) ) ;
#860 = CARTESIAN_POINT ( 'NONE',  ( -35.59674775249767720, -1.153333333333333544, -25.86255110086882070 ) ) ;
#861 = CARTESIAN_POINT ( 'NONE',  ( 44.00000000000000000, 2.217458333391143288, 0.000000000000000000 ) ) ;
#862 = CARTESIAN_POINT ( 'NONE',  ( -36.52362188585566827, 2.312708330442827087, 26.53596457686149535 ) ) ;
#863 = LINE ( 'NONE', #3266, #839 ) ;
#864 = CARTESIAN_POINT ( 'NONE',  ( -11.67374972591299631, 83.62057582294876568, 22.79892746369586476 ) ) ;
#865 = CARTESIAN_POINT ( 'NONE',  ( 4.345837064590776677, 78.81123966985992979, -26.17280126723123246 ) ) ;
#866 = CARTESIAN_POINT ( 'NONE',  ( 27.90156433629465837, 5.328958330442824298, -38.40320870533926012 ) ) ;
#867 = CARTESIAN_POINT ( 'NONE',  ( 13.95078216814732031, 6.704791663776159538, 42.93609260962512764 ) ) ;
#868 = CARTESIAN_POINT ( 'NONE',  ( -44.00000000000000000, 0.7516666608856537035, 14.29646663424786901 ) ) ;
#869 = ORIENTED_EDGE ( 'NONE', *, *, #1499, .T. ) ;
#870 = ADVANCED_FACE ( 'NONE', ( #703 ), #1298, .F. ) ;
#871 = DIRECTION ( 'NONE',  ( -0.000000000000000000, -1.000000000000000000, -0.000000000000000000 ) ) ;
#872 = CARTESIAN_POINT ( 'NONE',  ( 27.90156433629465837, 1.095624997109493570, -38.40320870533925302 ) ) ;
#873 = CARTESIAN_POINT ( 'NONE',  ( -13.59674775249769141, 7.948333333333331474, 41.84648671698675315 ) ) ;
#874 = CARTESIAN_POINT ( 'NONE',  ( -7.271369232260060045, 77.24284110667707637, 25.78074772589160801 ) ) ;
#875 = CARTESIAN_POINT ( 'NONE',  ( -43.99999999999999289, 5.302499999999999325, -14.29646663424788144 ) ) ;
#876 = CARTESIAN_POINT ( 'NONE',  ( -44.00000000000000000, -0.8517083332755230884, 14.29646663424786901 ) ) ;
#877 = CARTESIAN_POINT ( 'NONE',  ( 13.59674775249767720, 3.397499994218986519, 41.84648671698676026 ) ) ;
#878 = CARTESIAN_POINT ( 'NONE',  ( -22.88142691114958538, 1.558261178089299545E-17, -38.19638581326012172 ) ) ;
#879 = CARTESIAN_POINT ( 'NONE',  ( 6.968929764853974973, 8.529089100902981002, -43.99999532421894344 ) ) ;
#880 = DIRECTION ( 'NONE',  ( 0.000000000000000000, 1.000000000000000000, 0.000000000000000000 ) ) ;
#881 = EDGE_CURVE ( 'NONE', #627, #26, #1659, .T. ) ;
#882 = CARTESIAN_POINT ( 'NONE',  ( -21.92503793228911846, 10.86047371726816380, 39.46422536111771251 ) ) ;
#883 = CARTESIAN_POINT ( 'NONE',  ( -13.59674775249767364, 9.218333333333314172, -41.84648671698673894 ) ) ;
#884 = CARTESIAN_POINT ( 'NONE',  ( -27.90156433629466548, 8.768541663776158401, 38.40320870533924591 ) ) ;
#885 = ORIENTED_EDGE ( 'NONE', *, *, #64, .F. ) ;
#886 = COLOUR_RGB ( '',0.7921568627450980005, 0.8196078431372548767, 0.9333333333333333481 ) ;
#887 = CARTESIAN_POINT ( 'NONE',  ( 6.812340859704468343, 81.84704019434344957, -21.06040792657064742 ) ) ;
#888 = CARTESIAN_POINT ( 'NONE',  ( -36.52362188585566827, 6.281458330442825755, 26.53596457686149535 ) ) ;
#889 = CARTESIAN_POINT ( 'NONE',  ( 35.59674775249768430, 8.794999999999998153, -25.86255110086881714 ) ) ;
#890 = CARTESIAN_POINT ( 'NONE',  ( 5.317990167037553562, 79.59298974307355934, 25.87118729422110164 ) ) ;
#891 = CARTESIAN_POINT ( 'NONE',  ( -44.00000000000000000, 5.514166666666666217, 14.29646663424786901 ) ) ;
#892 = CARTESIAN_POINT ( 'NONE',  ( -13.59674775249769141, 3.699125000057809753, 41.84648671698675315 ) ) ;
#893 = CARTESIAN_POINT ( 'NONE',  ( 27.19349550499536150, 3.503333327552319965, 37.42863556748976350 ) ) ;
#894 = CARTESIAN_POINT ( 'NONE',  ( -41.46785457327197832, 4.151241199865268858E-17, 17.90804078071888128 ) ) ;
#895 = CARTESIAN_POINT ( 'NONE',  ( -7.418523724143041065, 83.87079755166577399, 20.07307973261255540 ) ) ;
#896 = CARTESIAN_POINT ( 'NONE',  ( -21.92503793228911846, 10.92661955058099821, 39.46422536111771251 ) ) ;
#897 = CARTESIAN_POINT ( 'NONE',  ( -7.500000000000003553, 85.00000000000000000, 19.68680216366897895 ) ) ;
#898 = CARTESIAN_POINT ( 'NONE',  ( -13.95078216814733629, 6.493124997109492647, 42.93609260962512053 ) ) ;
#899 = CARTESIAN_POINT ( 'NONE',  ( 38.50538894123017286, 10.00000000000000000, 21.29166556389116494 ) ) ;
#900 = CARTESIAN_POINT ( 'NONE',  ( 45.14567943541666040, 9.509374997109491190, 0.000000000000000000 ) ) ;
#901 = VERTEX_POINT ( 'NONE', #2720 ) ;
#902 = CARTESIAN_POINT ( 'NONE',  ( -44.00000000000000000, 4.984999994218987318, 14.29646663424786901 ) ) ;
#903 = CARTESIAN_POINT ( 'NONE',  ( 45.14567943541666040, 0.7781249971094933437, 0.000000000000000000 ) ) ;
#904 = CARTESIAN_POINT ( 'NONE',  ( -29.87620938443987484, 9.925379682308840046, 33.73619668602526644 ) ) ;
#905 = CARTESIAN_POINT ( 'NONE',  ( 4.118979312933078951, 75.69532931523281150, 26.74839491106315492 ) ) ;
#906 = VECTOR ( 'NONE', #3351, 1000.000000000000000 ) ;
#907 = VERTEX_POINT ( 'NONE', #2705 ) ;
#908 = CARTESIAN_POINT ( 'NONE',  ( 44.00000000000000000, 6.450791666724476237, 0.000000000000000000 ) ) ;
#909 = CARTESIAN_POINT ( 'NONE',  ( -27.19349550499536861, 0.3283333275523202532, -37.42863556748975640 ) ) ;
#910 = CARTESIAN_POINT ( 'NONE',  ( 2.521791292683285501, -5.716774528298861420E-17, -44.13410546659032718 ) ) ;
#911 = CARTESIAN_POINT ( 'NONE',  ( -11.83552775922028033, 86.70187448684372100, 22.07838441564546272 ) ) ;
#912 = CARTESIAN_POINT ( 'NONE',  ( -2.575609133988249422, 75.28707630017240149, -27.01603414057337105 ) ) ;
#913 = B_SPLINE_CURVE_WITH_KNOTS ( 'NONE', 3,
 ( #1737, #406, #783, #2656, #2287, #3353, #185, #3391, #1189, #986, #2269, #3124, #723, #1792, #2856, #3334, #458, #1314, #3460, #637, #2713, #1667, #2698, #878, #372, #2441, #2507, #2987, #99, #3281, #1434, #71, #2728, #1948, #55, #326, #910, #355, #2183, #1981, #1400, #1915 ),
 .UNSPECIFIED., .F., .F.,
 ( 4, 2, 2, 2, 2, 2, 2, 2, 2, 2, 1, 2, 2, 2, 2, 2, 1, 2, 2, 2, 2, 4 ),
 ( 0.000000000000000000, 0.005486580717812080191, 0.01097316143562416038, 0.01645974215343624578, 0.02194632287124833117, 0.02743290358906042004, 0.03017619394796645579, 0.03291948430687249849, 0.03840606502468457001, 0.04114935538359059536, 0.04389264574249662765, 0.04663593610140265994, 0.04937922646030869916, 0.05486580717812076374, 0.06035238789593283526, 0.06309567825483887449, 0.06583896861374489984, 0.06858225897265092519, 0.07132554933155696442, 0.07681213004936902899, 0.08229871076718109357, 0.08778529148499317203 ),
 .UNSPECIFIED. ) ;
#914 = DIRECTION ( 'NONE',  ( 0.000000000000000000, 0.000000000000000000, -1.000000000000000000 ) ) ;
#915 = CARTESIAN_POINT ( 'NONE',  ( -5.318823596841181001, 79.71226744760238603, 22.46206637671761541 ) ) ;
#916 = CARTESIAN_POINT ( 'NONE',  ( -11.78711385625192065, 84.23630601764762105, -22.61358634031205384 ) ) ;
#917 = CARTESIAN_POINT ( 'NONE',  ( 2.906636507328099785E-15, 10.03854166377615798, -47.46897651391099515 ) ) ;
#918 = ORIENTED_EDGE ( 'NONE', *, *, #1240, .T. ) ;
#919 = DIRECTION ( 'NONE',  ( 0.000000000000000000, 0.000000000000000000, -1.000000000000000000 ) ) ;
#920 = CARTESIAN_POINT ( 'NONE',  ( 13.59674775249767720, 3.397499994218986519, 41.84648671698676026 ) ) ;
#921 = CARTESIAN_POINT ( 'NONE',  ( 36.52362188585566827, 7.339791663776160213, -26.53596457686149890 ) ) ;
#922 = CARTESIAN_POINT ( 'NONE',  ( 45.14567943541666040, -1.338541669557173019, 0.000000000000000000 ) ) ;
#923 = CARTESIAN_POINT ( 'NONE',  ( -27.90156433629465482, 6.016874997109491474, -38.40320870533926012 ) ) ;
#924 = CARTESIAN_POINT ( 'NONE',  ( 0.5244783106803921902, 77.49405978556320918, 26.73422147665891302 ) ) ;
#925 = EDGE_CURVE ( 'NONE', #2431, #2115, #2256, .T. ) ;
#926 = CARTESIAN_POINT ( 'NONE',  ( 13.59674775249768608, 2.640791666724476627, -41.84648671698675315 ) ) ;
#927 = CARTESIAN_POINT ( 'NONE',  ( 27.19349550499537216, 2.021666660885653499, -37.42863556748975640 ) ) ;
#928 = CARTESIAN_POINT ( 'NONE',  ( -43.44327392218403361, -5.723707775708457027E-17, 12.37021299856519363 ) ) ;
#929 = CARTESIAN_POINT ( 'NONE',  ( -7.489398192842233293, 86.07116633207454015, 24.53142618280990561 ) ) ;
#930 = CARTESIAN_POINT ( 'NONE',  ( 3.625766803371757607, 75.54249218638913987, -26.84798982998767869 ) ) ;
#931 = EDGE_CURVE ( 'NONE', #1603, #561, #967, .T. ) ;
#932 = CARTESIAN_POINT ( 'NONE',  ( 27.19349550499534374, 4.032499999999981988, 37.42863556748973508 ) ) ;
#933 = CARTESIAN_POINT ( 'NONE',  ( 0.000000000000000000, 170.0000000000000000, -20.00000000000000000 ) ) ;
#934 = DIRECTION ( 'NONE',  ( 0.000000000000000000, -1.000000000000000000, 0.000000000000000000 ) ) ;
#935 = CARTESIAN_POINT ( 'NONE',  ( -11.64468785747655843, 87.84949275892269327, -21.94312391329374634 ) ) ;
#936 = CARTESIAN_POINT ( 'NONE',  ( -13.95078216814733629, 6.757708330442826039, 42.93609260962512053 ) ) ;
#937 = ORIENTED_EDGE ( 'NONE', *, *, #2020, .F. ) ;
#938 = LINE ( 'NONE', #2344, #2065 ) ;
#939 = CARTESIAN_POINT ( 'NONE',  ( -44.00000000000000000, 9.112499994218985933, -5.388445916248353619E-15 ) ) ;
#940 = CARTESIAN_POINT ( 'NONE',  ( -13.95078216814732563, 7.763124997109493108, -42.93609260962512764 ) ) ;
#941 = CARTESIAN_POINT ( 'NONE',  ( -13.59674775249769141, 5.831666666666665222, 41.84648671698675315 ) ) ;
#942 = CARTESIAN_POINT ( 'NONE',  ( -13.95078216814732563, 1.677708330442826412, -42.93609260962512764 ) ) ;
#943 = CARTESIAN_POINT ( 'NONE',  ( 2.862071025938180746, 78.04352771763498708, 26.49272739400752386 ) ) ;
#944 = CARTESIAN_POINT ( 'NONE',  ( -44.00000000000000000, 3.381625000057809416, 14.29646663424786901 ) ) ;
#945 = CARTESIAN_POINT ( 'NONE',  ( -36.52362188585566827, 10.77937499710949254, 26.53596457686149535 ) ) ;
#946 = CARTESIAN_POINT ( 'NONE',  ( 2.525264417617255397, 92.06650372925822978, 20.20039063227495646 ) ) ;
#947 = CARTESIAN_POINT ( 'NONE',  ( -4.703801128477846483, 79.13937976090227266, -22.88820260001271123 ) ) ;
#948 = CARTESIAN_POINT ( 'NONE',  ( -3.494533556220293491, 78.34604787756192934, -23.51788751852200221 ) ) ;
#949 = CARTESIAN_POINT ( 'NONE',  ( 11.69210030324862082, 87.62477286952695010, 21.96391304442094849 ) ) ;
#950 = CARTESIAN_POINT ( 'NONE',  ( 0.000000000000000000, 168.2030292472766462, 0.000000000000000000 ) ) ;
#951 = CARTESIAN_POINT ( 'NONE',  ( -2.926269334218866369, 78.08383467583152537, 23.73513724444532258 ) ) ;
#952 = CARTESIAN_POINT ( 'NONE',  ( -9.707752671566112213, 79.52039568226841482, -24.51313902033676939 ) ) ;
#953 = CARTESIAN_POINT ( 'NONE',  ( 0.000000000000000000, 10.00000000000000000, -44.00000000000000000 ) ) ;
#954 = ORIENTED_EDGE ( 'NONE', *, *, #3166, .F. ) ;
#955 =( BOUNDED_CURVE ( )  B_SPLINE_CURVE ( 2, ( #1837, #2400, #523, #1551, #2604, #3155, #2134, #1586, #507, #231, #1031, #2385, #211, #1291, #3137, #2886, #283, #1822, #1570, #2100, #2622, #2366, #2940, #2638, #2083, #1534, #1345, #2417, #27, #2653, #264, #3440, #1328, #1870, #3174, #1080, #542, #1604, #9, #1064, #765, #3207, #248, #3457, #1047, #2116, #780, #797, #2669, #735, #2868, #1272, #2347, #3420, #1016, #818, #1890, #3225, #2960, #560, #2154, #1440, #1458, #2006, #936, #625, #2217, #2237, #3286, #3091, #2513, #154, #393, #1689, #1475, #1970, #121, #2024, #643, #3302, #90, #1175, #2805, #884, #2528, #2254, #1723, #3320, #1741, #1192, #900, #1954, #2495, #2547, #2273, #917, #3040, #378, #2784, #3024, #1708, #2291, #693, #362, #2752 ),
 .UNSPECIFIED., .F., .F. ) 
 B_SPLINE_CURVE_WITH_KNOTS ( ( 3, 2, 2, 2, 2, 2, 2, 2, 2, 2, 2, 2, 2, 2, 2, 2, 2, 2, 2, 2, 2, 2, 2, 2, 2, 2, 2, 2, 2, 2, 2, 2, 2, 2, 2, 2, 2, 2, 2, 2, 2, 2, 2, 2, 2, 2, 2, 2, 2, 2, 2, 2, 3 ),
 ( 0.08461293183508461491, 0.1000000000000000056, 0.1166666666666666685, 0.1333333333333333315, 0.1499999999999999944, 0.1666666666666666574, 0.1833333333333332926, 0.2000000000000000111, 0.2166666666666666741, 0.2333333333333333370, 0.2500000000000000000, 0.2666666666666666630, 0.2833333333333333259, 0.2999999999999999889, 0.3166666666666666519, 0.3333333333333333148, 0.3499999999999999778, 0.3666666666666666408, 0.3833333333333333592, 0.3999999999999999667, 0.4166666666666666852, 0.4333333333333333481, 0.4499999999999999556, 0.4666666666666666741, 0.4833333333333333370, 0.5000000000000000000, 0.5166666666666667185, 0.5333333333333333259, 0.5500000000000000444, 0.5666666666666666519, 0.5833333333333333703, 0.5999999999999998668, 0.6166666666666666963, 0.6333333333333333037, 0.6499999999999999112, 0.6666666666666665186, 0.6833333333333333481, 0.6999999999999999556, 0.7166666666666665630, 0.7333333333333331705, 0.7500000000000000000, 0.7666666666666666075, 0.7833333333333332149, 0.8000000000000000444, 0.8166666666666666519, 0.8333333333333332593, 0.8499999999999998668, 0.8666666666666666963, 0.8833333333333333037, 0.8999999999999999112, 0.9166666666666665186, 0.9333333333333333481, 0.9448593093217045880 ),
 .UNSPECIFIED. ) 
 CURVE ( )  GEOMETRIC_REPRESENTATION_ITEM ( )  RATIONAL_B_SPLINE_CURVE ( ( 0.9930616376710292847, 0.9548141968003061031, 1.000000000000000000, 0.9510565162951535312, 1.000000000000000000, 0.9510565162951535312, 1.000000000000000000, 0.9510565162951535312, 1.000000000000000000, 0.9510565162951535312, 1.000000000000000000, 0.9510565162951535312, 1.000000000000000000, 0.9510565162951535312, 1.000000000000000000, 0.9510565162951535312, 1.000000000000000000, 0.9510565162951535312, 1.000000000000000000, 0.9510565162951535312, 1.000000000000000000, 0.9510565162951535312, 1.000000000000000000, 0.9510565162951535312, 1.000000000000000000, 0.9510565162951535312, 1.000000000000000000, 0.9510565162951535312, 1.000000000000000000, 0.9510565162951535312, 1.000000000000000000, 0.9510565162951535312, 1.000000000000000000, 0.9510565162951535312, 1.000000000000000000, 0.9510565162951535312, 1.000000000000000000, 0.9510565162951535312, 1.000000000000000000, 0.9510565162951535312, 1.000000000000000000, 0.9510565162951535312, 1.000000000000000000, 0.9510565162951535312, 1.000000000000000000, 0.9510565162951535312, 1.000000000000000000, 0.9510565162951535312, 1.000000000000000000, 0.9510565162951535312, 1.000000000000000000, 0.9510565162951535312, 1.000000000000000000, 0.9510565162951535312, 1.000000000000000000, 0.9510565162951535312, 1.000000000000000000, 0.9510565162951535312, 1.000000000000000000, 0.9510565162951535312, 1.000000000000000000, 0.9510565162951535312, 1.000000000000000000, 0.9510565162951535312, 1.000000000000000000, 0.9510565162951535312, 1.000000000000000000, 0.9510565162951535312, 1.000000000000000000, 0.9510565162951535312, 1.000000000000000000, 0.9510565162951535312, 1.000000000000000000, 0.9510565162951535312, 1.000000000000000000, 0.9510565162951535312, 1.000000000000000000, 0.9510565162951535312, 1.000000000000000000, 0.9510565162951535312, 1.000000000000000000, 0.9510565162951535312, 1.000000000000000000, 0.9510565162951535312, 1.000000000000000000, 0.9510565162951535312, 1.000000000000000000, 0.9510565162951535312, 1.000000000000000000, 0.9510565162951535312, 1.000000000000000000, 0.9510565162951535312, 1.000000000000000000, 0.9510565162951535312, 1.000000000000000000, 0.9510565162951535312, 1.000000000000000000, 0.9510565162951535312, 1.000000000000000000, 0.9510565162951535312, 1.000000000000000000, 0.9510565162951535312, 1.000000000000000000, 0.9661527149218416266, 0.9791201892535730256 ) ) 
 REPRESENTATION_ITEM ( '' )  );
#956 = VECTOR ( 'NONE', #2159, 1000.000000000000000 ) ;
#957 = CARTESIAN_POINT ( 'NONE',  ( 6.968915374279606390, 1.758410781303727299, 43.99999999999996447 ) ) ;
#958 = CARTESIAN_POINT ( 'NONE',  ( -27.19349550499538282, 7.313333327552320462, 37.42863556748974929 ) ) ;
#959 = CARTESIAN_POINT ( 'NONE',  ( 36.52362188585566116, 9.033124997109492682, 26.53596457686150956 ) ) ;
#960 = CARTESIAN_POINT ( 'NONE',  ( -35.59674775249767720, 3.079999999999999183, -25.86255110086882070 ) ) ;
#961 =( BOUNDED_SURFACE ( )  B_SPLINE_SURFACE ( 1, 2, ( 
 ( #210, #3136, #2331, #2082, #3456, #998, #2621, #1271, #2603, #2346, #734, #764, #1836, #2846, #450, #2904, #489, #2099, #3419, #714, #2063, #1515, #2585, #3173, #1253, #3401, #1804, #2867, #1015, #3154, #750, #1290, #1478, #2027, #2045, #2311, #920, #2516, #2567, #3306, #1426, #1445, #2500, #3381, #1726, #2826, #3078, #1162, #125, #3113, #2550, #902, #1693, #2532, #3324, #433, #157, #1495, #1214, #1745, #977, #140, #2294, #3094, #1178, #2009, #1196, #1231, #2756, #365, #1711, #2789, #3361, #958, #396, #2240, #175, #109, #3044, #1973, #1990, #1461, #646, #2259, #2771, #2276, #382, #3061, #661, #3341, #939, #680, #2808, #415, #696, #1763, #272, #584, #599, #2984, #2725, #2179, #3233, #1367, #2141, #68, #1633, #1648, #323, #2677, #2710, #2695, #291, #3247, #787 ),
 ( #1929, #3263, #1070, #806, #3195, #1383, #2453, #1118, #860, #2195, #3000, #845, #1912, #306, #1102, #35, #1859, #1088, #1664, #337, #1397, #1593, #2162, #2469, #2927, #825, #81, #1334, #2123, #531, #2659, #2407, #2438, #3213, #15, #1878, #2948, #549, #1614, #1351, #52, #2423, #1896, #2968, #568, #1497, #1960, #417, #960, #2810, #1216, #1480, #2569, #3031, #698, #1697, #1765, #1233, #3097, #2552, #3293, #634, #2209, #1945, #352, #1133, #2225, #2848, #1149, #875, #3383, #891, #1781, #159, #452, #177, #2296, #3363, #2485, #3015, #3278, #716, #616, #2313, #1679, #2828, #2029, #980, #2741, #2047, #1411, #3115, #435, #96, #3016, #1634, #3248, #1913, #1879, #2678, #3214, #807, #1368, #2696, #292, #3279, #2949, #846, #1649, #307, #600, #1680, #1119, #1352, #2985 ),
 ( #3001, #2210, #617, #1414, #550, #1089, #2142, #1897, #2742, #827, #1615, #876, #2969, #353, #2439, #2487, #338, #3234, #569, #2163, #2424, #97, #1135, #36, #2196, #1946, #2711, #53, #1665, #1103, #2726, #2181, #3264, #585, #324, #1384, #2454, #69, #1398, #2470, #861, #82, #1930, #3311, #926, #2774, #370, #2538, #2520, #1750, #145, #944, #386, #1978, #892, #2226, #1449, #2014, #3066, #1201, #1731, #2282, #3083, #2813, #3294, #1961, #113, #2760, #684, #420, #3348, #1431, #2505, #3032, #401, #1150, #635, #1698, #1166, #2246, #908, #3048, #650, #1715, #129, #2264, #1184, #3329, #1996, #667, #2796, #1466, #3260, #857, #32, #287, #65, #3210, #2403, #2674, #12, #1926, #3230, #1381, #2435, #1067, #1348, #2997, #3244, #800, #268, #1630, #1085, #1115, #841 ) ),
 .UNSPECIFIED., .F., .F., .T. ) 
 B_SPLINE_SURFACE_WITH_KNOTS ( ( 2, 1, 2 ),
 ( 3, 2, 2, 2, 2, 2, 2, 2, 2, 2, 2, 2, 2, 2, 2, 2, 2, 2, 2, 2, 2, 2, 2, 2, 2, 2, 2, 2, 2, 2, 2, 2, 2, 2, 2, 2, 2, 2, 2, 2, 2, 2, 2, 2, 2, 2, 2, 2, 2, 2, 2, 2, 2, 2, 2, 2, 2, 3 ),
 ( 0.000000000000000000, 1.000000000000000000, 1.010000000000000009 ),
 ( 0.000000000000000000, 0.01666666666666666644, 0.03333333333333333287, 0.05000000000000000278, 0.06666666666666666574, 0.08333333333333332871, 0.1000000000000000056, 0.1166666666666666685, 0.1333333333333333315, 0.1499999999999999944, 0.1666666666666666574, 0.1833333333333333204, 0.2000000000000000111, 0.2166666666666666741, 0.2333333333333333370, 0.2500000000000000000, 0.2666666666666666630, 0.2833333333333333259, 0.2999999999999999889, 0.3166666666666666519, 0.3333333333333333148, 0.3499999999999999778, 0.3666666666666666408, 0.3833333333333333592, 0.4000000000000000222, 0.4166666666666666852, 0.4333333333333333481, 0.4500000000000000111, 0.4666666666666666741, 0.4833333333333333370, 0.5000000000000000000, 0.5166666666666667185, 0.5333333333333333259, 0.5500000000000000444, 0.5666666666666666519, 0.5833333333333333703, 0.5999999999999999778, 0.6166666666666666963, 0.6333333333333333037, 0.6500000000000000222, 0.6666666666666666297, 0.6833333333333333481, 0.6999999999999999556, 0.7166666666666666741, 0.7333333333333332815, 0.7500000000000000000, 0.7666666666666667185, 0.7833333333333333259, 0.8000000000000000444, 0.8166666666666666519, 0.8333333333333333703, 0.8499999999999999778, 0.8666666666666666963, 0.8833333333333333037, 0.9000000000000000222, 0.9166666666666666297, 0.9333333333333333481, 0.9448593118637360622 ),
 .UNSPECIFIED. ) 
 GEOMETRIC_REPRESENTATION_ITEM ( )  RATIONAL_B_SPLINE_SURFACE ( (
 ( 1.000000000000000000, 0.9510565162951535312, 1.000000000000000000, 0.9510565162951535312, 1.000000000000000000, 0.9510565162951535312, 1.000000000000000000, 0.9510565162951535312, 1.000000000000000000, 0.9510565162951535312, 1.000000000000000000, 0.9510565162951535312, 1.000000000000000000, 0.9510565162951535312, 1.000000000000000000, 0.9510565162951535312, 1.000000000000000000, 0.9510565162951535312, 1.000000000000000000, 0.9510565162951535312, 1.000000000000000000, 0.9510565162951535312, 1.000000000000000000, 0.9510565162951535312, 1.000000000000000000, 0.9510565162951535312, 1.000000000000000000, 0.9510565162951535312, 1.000000000000000000, 0.9510565162951535312, 1.000000000000000000, 0.9510565162951535312, 1.000000000000000000, 0.9510565162951535312, 1.000000000000000000, 0.9510565162951535312, 1.000000000000000000, 0.9510565162951535312, 1.000000000000000000, 0.9510565162951535312, 1.000000000000000000, 0.9510565162951535312, 1.000000000000000000, 0.9510565162951535312, 1.000000000000000000, 0.9510565162951535312, 1.000000000000000000, 0.9510565162951535312, 1.000000000000000000, 0.9510565162951535312, 1.000000000000000000, 0.9510565162951535312, 1.000000000000000000, 0.9510565162951535312, 1.000000000000000000, 0.9510565162951535312, 1.000000000000000000, 0.9510565162951535312, 1.000000000000000000, 0.9510565162951535312, 1.000000000000000000, 0.9510565162951535312, 1.000000000000000000, 0.9510565162951535312, 1.000000000000000000, 0.9510565162951535312, 1.000000000000000000, 0.9510565162951535312, 1.000000000000000000, 0.9510565162951535312, 1.000000000000000000, 0.9510565162951535312, 1.000000000000000000, 0.9510565162951535312, 1.000000000000000000, 0.9510565162951535312, 1.000000000000000000, 0.9510565162951535312, 1.000000000000000000, 0.9510565162951535312, 1.000000000000000000, 0.9510565162951535312, 1.000000000000000000, 0.9510565162951535312, 1.000000000000000000, 0.9510565162951535312, 1.000000000000000000, 0.9510565162951535312, 1.000000000000000000, 0.9510565162951535312, 1.000000000000000000, 0.9510565162951535312, 1.000000000000000000, 0.9510565162951535312, 1.000000000000000000, 0.9510565162951535312, 1.000000000000000000, 0.9510565162951535312, 1.000000000000000000, 0.9510565162951535312, 1.000000000000000000, 0.9510565162951535312, 1.000000000000000000, 0.9510565162951535312, 1.000000000000000000, 0.9510565162951535312, 1.000000000000000000, 0.9510565162951535312, 1.000000000000000000, 0.9510565162951535312, 1.000000000000000000, 0.9510565162951535312, 1.000000000000000000, 0.9661527074568893036, 0.9791201949734773535),
 ( 1.000000000000000000, 0.9510565162951535312, 1.000000000000000000, 0.9510565162951535312, 1.000000000000000000, 0.9510565162951535312, 1.000000000000000000, 0.9510565162951535312, 1.000000000000000000, 0.9510565162951535312, 1.000000000000000000, 0.9510565162951535312, 1.000000000000000000, 0.9510565162951535312, 1.000000000000000000, 0.9510565162951535312, 1.000000000000000000, 0.9510565162951535312, 1.000000000000000000, 0.9510565162951535312, 1.000000000000000000, 0.9510565162951535312, 1.000000000000000000, 0.9510565162951535312, 1.000000000000000000, 0.9510565162951535312, 1.000000000000000000, 0.9510565162951535312, 1.000000000000000000, 0.9510565162951535312, 1.000000000000000000, 0.9510565162951535312, 1.000000000000000000, 0.9510565162951535312, 1.000000000000000000, 0.9510565162951535312, 1.000000000000000000, 0.9510565162951535312, 1.000000000000000000, 0.9510565162951535312, 1.000000000000000000, 0.9510565162951535312, 1.000000000000000000, 0.9510565162951535312, 1.000000000000000000, 0.9510565162951535312, 1.000000000000000000, 0.9510565162951535312, 1.000000000000000000, 0.9510565162951535312, 1.000000000000000000, 0.9510565162951535312, 1.000000000000000000, 0.9510565162951535312, 1.000000000000000000, 0.9510565162951535312, 1.000000000000000000, 0.9510565162951535312, 1.000000000000000000, 0.9510565162951535312, 1.000000000000000000, 0.9510565162951535312, 1.000000000000000000, 0.9510565162951535312, 1.000000000000000000, 0.9510565162951535312, 1.000000000000000000, 0.9510565162951535312, 1.000000000000000000, 0.9510565162951535312, 1.000000000000000000, 0.9510565162951535312, 1.000000000000000000, 0.9510565162951535312, 1.000000000000000000, 0.9510565162951535312, 1.000000000000000000, 0.9510565162951535312, 1.000000000000000000, 0.9510565162951535312, 1.000000000000000000, 0.9510565162951535312, 1.000000000000000000, 0.9510565162951535312, 1.000000000000000000, 0.9510565162951535312, 1.000000000000000000, 0.9510565162951535312, 1.000000000000000000, 0.9510565162951535312, 1.000000000000000000, 0.9510565162951535312, 1.000000000000000000, 0.9510565162951535312, 1.000000000000000000, 0.9510565162951535312, 1.000000000000000000, 0.9510565162951535312, 1.000000000000000000, 0.9510565162951535312, 1.000000000000000000, 0.9510565162951535312, 1.000000000000000000, 0.9510565162951535312, 1.000000000000000000, 0.9510565162951535312, 1.000000000000000000, 0.9510565162951535312, 1.000000000000000000, 0.9510565162951535312, 1.000000000000000000, 0.9510565162951535312, 1.000000000000000000, 0.9661527074568893036, 0.9791201949734773535),
 ( 1.000000000000000000, 0.9510565162951535312, 1.000000000000000000, 0.9510565162951535312, 1.000000000000000000, 0.9510565162951535312, 1.000000000000000000, 0.9510565162951535312, 1.000000000000000000, 0.9510565162951535312, 1.000000000000000000, 0.9510565162951535312, 1.000000000000000000, 0.9510565162951535312, 1.000000000000000000, 0.9510565162951535312, 1.000000000000000000, 0.9510565162951535312, 1.000000000000000000, 0.9510565162951535312, 1.000000000000000000, 0.9510565162951535312, 1.000000000000000000, 0.9510565162951535312, 1.000000000000000000, 0.9510565162951535312, 1.000000000000000000, 0.9510565162951535312, 1.000000000000000000, 0.9510565162951535312, 1.000000000000000000, 0.9510565162951535312, 1.000000000000000000, 0.9510565162951535312, 1.000000000000000000, 0.9510565162951535312, 1.000000000000000000, 0.9510565162951535312, 1.000000000000000000, 0.9510565162951535312, 1.000000000000000000, 0.9510565162951535312, 1.000000000000000000, 0.9510565162951535312, 1.000000000000000000, 0.9510565162951535312, 1.000000000000000000, 0.9510565162951535312, 1.000000000000000000, 0.9510565162951535312, 1.000000000000000000, 0.9510565162951535312, 1.000000000000000000, 0.9510565162951535312, 1.000000000000000000, 0.9510565162951535312, 1.000000000000000000, 0.9510565162951535312, 1.000000000000000000, 0.9510565162951535312, 1.000000000000000000, 0.9510565162951535312, 1.000000000000000000, 0.9510565162951535312, 1.000000000000000000, 0.9510565162951535312, 1.000000000000000000, 0.9510565162951535312, 1.000000000000000000, 0.9510565162951535312, 1.000000000000000000, 0.9510565162951535312, 1.000000000000000000, 0.9510565162951535312, 1.000000000000000000, 0.9510565162951535312, 1.000000000000000000, 0.9510565162951535312, 1.000000000000000000, 0.9510565162951535312, 1.000000000000000000, 0.9510565162951535312, 1.000000000000000000, 0.9510565162951535312, 1.000000000000000000, 0.9510565162951535312, 1.000000000000000000, 0.9510565162951535312, 1.000000000000000000, 0.9510565162951535312, 1.000000000000000000, 0.9510565162951535312, 1.000000000000000000, 0.9510565162951535312, 1.000000000000000000, 0.9510565162951535312, 1.000000000000000000, 0.9510565162951535312, 1.000000000000000000, 0.9510565162951535312, 1.000000000000000000, 0.9510565162951535312, 1.000000000000000000, 0.9510565162951535312, 1.000000000000000000, 0.9510565162951535312, 1.000000000000000000, 0.9510565162951535312, 1.000000000000000000, 0.9510565162951535312, 1.000000000000000000, 0.9510565162951535312, 1.000000000000000000, 0.9661527074568893036, 0.9791201949734773535) ) ) 
 REPRESENTATION_ITEM ( '' )  SURFACE ( )  );
#962 = CARTESIAN_POINT ( 'NONE',  ( -45.14567943541666040, 2.206874997109493197, 14.66872044838374123 ) ) ;
#963 = CARTESIAN_POINT ( 'NONE',  ( 3.754494387265741029, 75.58023292985232899, 26.82340293452998736 ) ) ;
#964 = CARTESIAN_POINT ( 'NONE',  ( -44.00000000000000000, 6.995833327552319680, -5.388445916248353619E-15 ) ) ;
#965 = FACE_OUTER_BOUND ( 'NONE', #468, .T. ) ;
#966 = CARTESIAN_POINT ( 'NONE',  ( 2.952168261419954785E-05, 8.583333092788844709, -43.99999999999009503 ) ) ;
#967 = CIRCLE ( 'NONE', #3291, 10.53390018782090465 ) ;
#968 = CARTESIAN_POINT ( 'NONE',  ( 11.20034012805908930, 82.09890234759423322, 23.34385443314495134 ) ) ;
#969 = CARTESIAN_POINT ( 'NONE',  ( 5.175770766585385374, 90.44036327069208880, 19.62883648483367693 ) ) ;
#970 = CARTESIAN_POINT ( 'NONE',  ( -11.56221010047046960, 88.18818686601480294, -21.91727901333104356 ) ) ;
#971 = CARTESIAN_POINT ( 'NONE',  ( 5.900465762693714922, 80.35711336218412271, 22.00247193103993837 ) ) ;
#972 =( NAMED_UNIT ( * ) PLANE_ANGLE_UNIT ( ) SI_UNIT ( $, .RADIAN. ) );
#973 = CARTESIAN_POINT ( 'NONE',  ( -43.99999999999998579, 7.630833333333322699, 14.29646663424786546 ) ) ;
#974 = CARTESIAN_POINT ( 'NONE',  ( 1.813620617891466447, 92.28498542189605303, -20.29550500345487762 ) ) ;
#975 = MECHANICAL_DESIGN_GEOMETRIC_PRESENTATION_REPRESENTATION (  '', ( #720 ), #2155 ) ;
#976 = CARTESIAN_POINT ( 'NONE',  ( 0.000000000000000000, 10.00000000000000000, 0.000000000000000000 ) ) ;
#977 = CARTESIAN_POINT ( 'NONE',  ( 44.00000000000000000, 5.937499994218986998, 0.000000000000000000 ) ) ;
#978 = EDGE_CURVE ( 'NONE', #3240, #1424, #2792, .T. ) ;
#979 = CARTESIAN_POINT ( 'NONE',  ( 13.59674775249767720, 1.280833327552320267, 41.84648671698676026 ) ) ;
#980 = CARTESIAN_POINT ( 'NONE',  ( -27.19349550499536861, 7.207499999999998685, -37.42863556748975640 ) ) ;
#981 = CARTESIAN_POINT ( 'NONE',  ( -13.95078216814733629, 4.641041663776159787, 42.93609260962512053 ) ) ;
#982 = CARTESIAN_POINT ( 'NONE',  ( 11.63505704681906217, 83.45319444575517309, 22.85303803557902214 ) ) ;
#983 = CARTESIAN_POINT ( 'NONE',  ( 27.19349550499537216, 10.48833332755231851, -37.42863556748975640 ) ) ;
#984 = CARTESIAN_POINT ( 'NONE',  ( -5.942738817053492717, 76.44391812031017253, 26.26927199714845074 ) ) ;
#985 = CARTESIAN_POINT ( 'NONE',  ( 6.619533541417759182, 88.56165206520832101, 19.29382831219540151 ) ) ;
#986 = CARTESIAN_POINT ( 'NONE',  ( -39.81596728246671546, -7.265315858779392068E-17, -20.69877110352119587 ) ) ;
#987 = CARTESIAN_POINT ( 'NONE',  ( 2.667360163309149214E-15, 2.762499999999999289, -43.99999999999998579 ) ) ;
#988 = CARTESIAN_POINT ( 'NONE',  ( -7.220067609532122788, 82.49289777608785812, -24.99207760632947739 ) ) ;
#989 = CARTESIAN_POINT ( 'NONE',  ( 0.000000000000000000, 168.2030292472766462, -10.16278006173203430 ) ) ;
#990 = CARTESIAN_POINT ( 'NONE',  ( -10.36747691140164918, 80.44812894684345395, -24.05708438460462162 ) ) ;
#991 = CARTESIAN_POINT ( 'NONE',  ( -6.197675103011521358, 80.76494941260867222, -21.72855247783821042 ) ) ;
#992 = CARTESIAN_POINT ( 'NONE',  ( -5.697168788202968237, 89.88908310472756114, -19.49493875122247033 ) ) ;
#993 = CARTESIAN_POINT ( 'NONE',  ( 27.90156433629465127, 2.577291663776159591, 38.40320870533926723 ) ) ;
#994 = EDGE_CURVE ( 'NONE', #414, #651, #2088, .T. ) ;
#995 = EDGE_CURVE ( 'NONE', #3378, #1406, #1335, .T. ) ;
#996 = CARTESIAN_POINT ( 'NONE',  ( 2.667360163309149214E-15, 2.762499999999999289, -43.99999999999998579 ) ) ;
#997 = ORIENTED_EDGE ( 'NONE', *, *, #358, .F. ) ;
#998 = CARTESIAN_POINT ( 'NONE',  ( 2.832873664143050884E-15, 0.1166666608856536669, -46.26433786648375701 ) ) ;
#999 = CARTESIAN_POINT ( 'NONE',  ( 45.14567943541665329, 9.350624997109491687, -14.66872044838374478 ) ) ;
#1000 = CARTESIAN_POINT ( 'NONE',  ( 45.14567943541666040, 5.276041663776160462, 0.000000000000000000 ) ) ;
#1001 = CARTESIAN_POINT ( 'NONE',  ( 7.398248757831450639, 83.74528662467980666, 20.12386940135018776 ) ) ;
#1002 = CARTESIAN_POINT ( 'NONE',  ( -13.59674775249768075, 6.572499994218985897, -41.84648671698676026 ) ) ;
#1003 = CARTESIAN_POINT ( 'NONE',  ( 11.59458237111994805, 88.04338274698054079, -21.92917482767524362 ) ) ;
#1004 = CARTESIAN_POINT ( 'NONE',  ( 13.59674775249768608, 6.360833327552319894, -41.84648671698675315 ) ) ;
#1005 = CARTESIAN_POINT ( 'NONE',  ( -8.997227603121423556, 78.72514295726111300, -24.93573718260680749 ) ) ;
#1006 = CARTESIAN_POINT ( 'NONE',  ( 35.59674775249767720, 3.609166660885653410, 25.86255110086882425 ) ) ;
#1007 = CARTESIAN_POINT ( 'NONE',  ( -6.968913770854969769, 3.237422558729190047, 44.00000052098423708 ) ) ;
#1008 = CARTESIAN_POINT ( 'NONE',  ( 6.752478169965716148, 88.28691596274268250, -24.23638542116291461 ) ) ;
#1009 = CARTESIAN_POINT ( 'NONE',  ( -4.757269675736253589, 90.80758096789342915, -19.73654461960241235 ) ) ;
#1010 = CARTESIAN_POINT ( 'NONE',  ( -45.14567943541665329, 3.847291663776160053, -14.66872044838375189 ) ) ;
#1011 = VERTEX_POINT ( 'NONE', #2601 ) ;
#1012 = VECTOR ( 'NONE', #3022, 1000.000000000000000 ) ;
#1013 = DIRECTION ( 'NONE',  ( -0.000000000000000000, -1.000000000000000000, -0.000000000000000000 ) ) ;
#1014 = ORIENTED_EDGE ( 'NONE', *, *, #2780, .T. ) ;
#1015 = CARTESIAN_POINT ( 'NONE',  ( -35.59674775249767720, 2.550833327552320284, -25.86255110086882070 ) ) ;
#1016 = CARTESIAN_POINT ( 'NONE',  ( 13.95078216814733096, 5.699374997109493357, -42.93609260962512053 ) ) ;
#1017 = CARTESIAN_POINT ( 'NONE',  ( -35.59674775249768430, 7.207499994218985684, 25.86255110086881004 ) ) ;
#1018 = CARTESIAN_POINT ( 'NONE',  ( 0.000000000000000000, 0.000000000000000000, 0.000000000000000000 ) ) ;
#1019 = CARTESIAN_POINT ( 'NONE',  ( 9.615577620733171571, 91.81386371284274617, -22.12098343671932810 ) ) ;
#1020 = DIRECTION ( 'NONE',  ( 0.000000000000000000, 0.000000000000000000, -1.000000000000000000 ) ) ;
#1021 = CARTESIAN_POINT ( 'NONE',  ( -6.736546025139175775, 88.30634369622663371, -19.28402417742819708 ) ) ;
#1022 = CARTESIAN_POINT ( 'NONE',  ( -27.19349550499535795, 1.492499999999979288, 37.42863556748972087 ) ) ;
#1023 = DIRECTION ( 'NONE',  ( 0.000000000000000000, 0.000000000000000000, -1.000000000000000000 ) ) ;
#1024 = CARTESIAN_POINT ( 'NONE',  ( -7.054319045529488186, 82.43339476943748423, -20.73774601543944129 ) ) ;
#1025 = CARTESIAN_POINT ( 'NONE',  ( 32.12251141006170485, 1.440395141554022588E-16, 30.47301387537549289 ) ) ;
#1026 = CARTESIAN_POINT ( 'NONE',  ( -36.52362188585566827, 4.164791663776159503, 26.53596457686149535 ) ) ;
#1027 = CARTESIAN_POINT ( 'NONE',  ( 2.906636507328100180E-15, 5.540624997109492078, -47.46897651391098805 ) ) ;
#1028 = DIRECTION ( 'NONE',  ( -0.000000000000000000, -1.000000000000000000, -0.000000000000000000 ) ) ;
#1029 = VERTEX_POINT ( 'NONE', #660 ) ;
#1030 = CARTESIAN_POINT ( 'NONE',  ( 0.000000000000000000, 0.000000000000000000, -51.05400000000000205 ) ) ;
#1031 = CARTESIAN_POINT ( 'NONE',  ( 45.14567943541666040, 1.042708330442826847, 0.000000000000000000 ) ) ;
#1032 = CARTESIAN_POINT ( 'NONE',  ( -6.372543358010884340, 88.96274168547274996, -19.34057999461140298 ) ) ;
#1033 = CARTESIAN_POINT ( 'NONE',  ( -30.65413110062897317, 10.85142134697425753, 34.61462557601966950 ) ) ;
#1034 = CARTESIAN_POINT ( 'NONE',  ( -8.498620992429152652E-15, 7.524999994218985577, 46.26433786648375701 ) ) ;
#1035 = EDGE_CURVE ( 'NONE', #2007, #138, #449, .T. ) ;
#1036 = CARTESIAN_POINT ( 'NONE',  ( 8.988239387365080546, 92.48146573611803944, -22.24881649853153576 ) ) ;
#1037 = CARTESIAN_POINT ( 'NONE',  ( -27.90156433629465482, -0.3331250028905063387, -38.40320870533926012 ) ) ;
#1038 = CARTESIAN_POINT ( 'NONE',  ( -10.94595650223366157, 81.51376316141015366, -23.58245427045580911 ) ) ;
#1039 = DIRECTION ( 'NONE',  ( 0.000000000000000000, -1.000000000000000000, 0.000000000000000000 ) ) ;
#1040 = DIRECTION ( 'NONE',  ( -0.000000000000000000, -1.000000000000000000, -0.000000000000000000 ) ) ;
#1041 = CARTESIAN_POINT ( 'NONE',  ( -4.966914136414366965, 79.34526425782844683, -22.72791361203530158 ) ) ;
#1042 = CARTESIAN_POINT ( 'NONE',  ( -10.80284119721791569, 90.02259632524371114, 21.92767704273805052 ) ) ;
#1043 = CARTESIAN_POINT ( 'NONE',  ( 13.95078216814733096, 3.318124997109493268, -42.93609260962512053 ) ) ;
#1044 = CARTESIAN_POINT ( 'NONE',  ( -27.90156433629465482, 5.752291663776159858, -38.40320870533926012 ) ) ;
#1045 = CARTESIAN_POINT ( 'NONE',  ( -13.59674775249768430, 5.831666666666651011, 41.84648671698673184 ) ) ;
#1046 = EDGE_LOOP ( 'NONE', ( #2704, #659, #2753 ) ) ;
#1047 = CARTESIAN_POINT ( 'NONE',  ( -13.95078216814733629, 4.641041663776159787, 42.93609260962512053 ) ) ;
#1048 = CARTESIAN_POINT ( 'NONE',  ( -4.118798333237490894, 91.27274828239671933, -19.89089928117732242 ) ) ;
#1049 = CARTESIAN_POINT ( 'NONE',  ( 45.14567943541666040, 9.509374997109491190, 0.000000000000000000 ) ) ;
#1050 = CARTESIAN_POINT ( 'NONE',  ( 11.10068238060633306, 81.85986658438814345, 23.43983406245811807 ) ) ;
#1051 = CARTESIAN_POINT ( 'NONE',  ( -35.59674775249768430, 3.503333333333332078, 25.86255110086881004 ) ) ;
#1052 = CARTESIAN_POINT ( 'NONE',  ( 11.66024389254198645, 83.56675983782704975, -22.81671285054091314 ) ) ;
#1053 = CONICAL_SURFACE ( 'NONE', #1782, 666.6666666666667425, 0.5880026035475676149 ) ;
#1054 = CARTESIAN_POINT ( 'NONE',  ( 27.90156433629465837, 7.710208330442826608, -38.40320870533926012 ) ) ;
#1055 = CARTESIAN_POINT ( 'NONE',  ( -6.412763159917741262, 88.89728112180141295, 19.33313505493042328 ) ) ;
#1056 = CARTESIAN_POINT ( 'NONE',  ( -5.046215854864628385E-05, 4.350000419153359665, -43.99999999997105959 ) ) ;
#1057 = CARTESIAN_POINT ( 'NONE',  ( 3.580362009740392981, 78.37373227537132436, -26.35280817034542977 ) ) ;
#1058 = CARTESIAN_POINT ( 'NONE',  ( -4.363083475563048985, 95.33428673878282211, 23.07058390472263909 ) ) ;
#1059 = CARTESIAN_POINT ( 'NONE',  ( 36.52362188585566116, 9.033124997109492682, 26.53596457686150956 ) ) ;
#1060 = ORIENTED_EDGE ( 'NONE', *, *, #2850, .F. ) ;
#1061 = CARTESIAN_POINT ( 'NONE',  ( 2.906636507328100180E-15, 1.307291663776159796, -47.46897651391098805 ) ) ;
#1062 = CARTESIAN_POINT ( 'NONE',  ( 2.728421726103956946, 95.77617402916177980, -23.23946524746263620 ) ) ;
#1063 = VERTEX_POINT ( 'NONE', #174 ) ;
#1064 = CARTESIAN_POINT ( 'NONE',  ( -45.14567943541665329, 4.111874997109493890, -14.66872044838375189 ) ) ;
#1065 = CARTESIAN_POINT ( 'NONE',  ( -0.1117747477836454756, 92.50335084746325265, -20.39539546578571461 ) ) ;
#1066 = CARTESIAN_POINT ( 'NONE',  ( -36.52362188585566827, 10.77937499710949254, 26.53596457686149535 ) ) ;
#1067 = CARTESIAN_POINT ( 'NONE',  ( 2.832873664143050884E-15, 9.096625000057809274, -46.26433786648375701 ) ) ;
#1068 = CARTESIAN_POINT ( 'NONE',  ( 2.832873664143050884E-15, 0.6458333333333329263, -46.26433786648375701 ) ) ;
#1069 = CARTESIAN_POINT ( 'NONE',  ( 17.36155510780283961, 7.610474831588286933E-17, 40.99423653060112116 ) ) ;
#1070 = CARTESIAN_POINT ( 'NONE',  ( 35.59674775249768430, -1.788333333333333330, -25.86255110086881714 ) ) ;
#1071 = CARTESIAN_POINT ( 'NONE',  ( -45.14567943541665329, 8.345208330442824618, -14.66872044838375189 ) ) ;
#1072 = CARTESIAN_POINT ( 'NONE',  ( -10.78508000675756762, 90.06204430032100561, 21.92878916208811901 ) ) ;
#1073 = CARTESIAN_POINT ( 'NONE',  ( -44.00000000000000000, 4.984999994218986430, 14.29646663424786901 ) ) ;
#1074 = CARTESIAN_POINT ( 'NONE',  ( 11.89441207330105321, 85.02601616094716519, -22.39403287451696656 ) ) ;
#1075 = CARTESIAN_POINT ( 'NONE',  ( -3.836748711113132870, 95.50102206958534623, 23.13344607001697639 ) ) ;
#1076 = CARTESIAN_POINT ( 'NONE',  ( 13.95078216814732031, 8.821458330442826679, 42.93609260962512764 ) ) ;
#1077 = CARTESIAN_POINT ( 'NONE',  ( -8.719909521984299356E-15, 0.2489583304428268362, 47.46897651391098805 ) ) ;
#1078 = CARTESIAN_POINT ( 'NONE',  ( 3.939340755141764738, 91.38213086789038186, -19.93075455085821446 ) ) ;
#1079 = ORIENTED_EDGE ( 'NONE', *, *, #2475, .T. ) ;
#1080 = CARTESIAN_POINT ( 'NONE',  ( 2.906636507328099785E-15, 3.688541663776160107, -47.46897651391099515 ) ) ;
#1081 = EDGE_LOOP ( 'NONE', ( #284, #2617, #3321, #1979 ) ) ;
#1082 = CARTESIAN_POINT ( 'NONE',  ( 0.7499040139227179935, 92.46880451002213874, -23.98903379961055293 ) ) ;
#1083 = EDGE_CURVE ( 'NONE', #363, #464, #1369, .T. ) ;
#1084 = CARTESIAN_POINT ( 'NONE',  ( -27.90156433629466548, 8.768541663776158401, 38.40320870533925302 ) ) ;
#1085 = CARTESIAN_POINT ( 'NONE',  ( -35.59674775249768430, 9.837458333391142062, 25.86255110086881004 ) ) ;
#1086 = CARTESIAN_POINT ( 'NONE',  ( 27.19349550499537216, 2.550833333333333286, -37.42863556748975640 ) ) ;
#1087 = CARTESIAN_POINT ( 'NONE',  ( -4.621568671851103538, 79.07410705800874950, 22.93949823100846075 ) ) ;
#1088 = CARTESIAN_POINT ( 'NONE',  ( 27.19349550499536150, -0.2008333333333336690, 37.42863556748976350 ) ) ;
#1089 = CARTESIAN_POINT ( 'NONE',  ( 2.832873664143050884E-15, -1.486708333275523541, -46.26433786648375701 ) ) ;
#1090 = CARTESIAN_POINT ( 'NONE',  ( -8.719909521984299356E-15, 8.980208330442826181, 47.46897651391098805 ) ) ;
#1091 = CARTESIAN_POINT ( 'NONE',  ( -3.855398016540152906, 95.50839663726158335, 23.13474291180924425 ) ) ;
#1092 = CARTESIAN_POINT ( 'NONE',  ( 7.408293745949345421, 86.42882739064360464, -24.50926126465502009 ) ) ;
#1093 = CARTESIAN_POINT ( 'NONE',  ( 13.95078216814733096, 7.551458330442825329, -42.93609260962512053 ) ) ;
#1094 = CARTESIAN_POINT ( 'NONE',  ( -45.14567943541666040, 4.058958330442826501, 14.66872044838374123 ) ) ;
#1095 = CARTESIAN_POINT ( 'NONE',  ( 2.832873664143050884E-15, 10.69999999421911241, -46.26433786648375701 ) ) ;
#1096 = ORIENTED_EDGE ( 'NONE', *, *, #2068, .F. ) ;
#1097 = CARTESIAN_POINT ( 'NONE',  ( -4.326362849713391689, 91.13150337066417706, -19.84185132811926877 ) ) ;
#1098 = CARTESIAN_POINT ( 'NONE',  ( -27.90156433629465482, 1.518958330442826687, -38.40320870533925302 ) ) ;
#1099 = LINE ( 'NONE', #2945, #956 ) ;
#1100 = CARTESIAN_POINT ( 'NONE',  ( -13.59674775249768075, 2.868333333333333179, -41.84648671698676026 ) ) ;
#1101 = CARTESIAN_POINT ( 'NONE',  ( -3.985610947326760023, 5.203531843183220901E-17, 44.59883727727650182 ) ) ;
#1102 = CARTESIAN_POINT ( 'NONE',  ( -13.59674775249769141, -0.5183333333333335347, 41.84648671698675315 ) ) ;
#1103 = CARTESIAN_POINT ( 'NONE',  ( -43.99999999999999289, 1.053291666724476272, -14.29646663424788144 ) ) ;
#1104 = CARTESIAN_POINT ( 'NONE',  ( -27.90156433629466548, 4.535208330442826785, 38.40320870533925302 ) ) ;
#1105 = CARTESIAN_POINT ( 'NONE',  ( -37.19124234079392011, -2.812607183127110944E-17, 25.63470738073667476 ) ) ;
#1106 = CARTESIAN_POINT ( 'NONE',  ( -6.901811538022006864, 87.93946791752497916, 24.30228344247911565 ) ) ;
#1107 = CARTESIAN_POINT ( 'NONE',  ( 9.635842185630476564, 79.42028045768880418, -24.56252880620104406 ) ) ;
#1108 = CARTESIAN_POINT ( 'NONE',  ( -8.719909521984299356E-15, 6.598958330442823872, 47.46897651391098805 ) ) ;
#1109 = B_SPLINE_CURVE_WITH_KNOTS ( 'NONE', 3,
 ( #727, #3357, #2040, #1775, #3337, #1758, #952, #990, #1796, #2860, #2527, #2580, #2005, #2272, #153, #916, #1247, #2058, #2783, #1987, #120, #171, #935, #2325, #2290, #392, #2253, #3128, #1439, #2512, #1174, #2804, #3057, #3376, #2546, #1209, #3319, #2822, #2023, #658 ),
 .UNSPECIFIED., .F., .F.,
 ( 4, 2, 2, 2, 2, 2, 2, 2, 2, 2, 2, 2, 2, 2, 2, 2, 2, 2, 2, 4 ),
 ( 0.07193382602858874875, 0.07378036269242313483, 0.07562689935625752091, 0.07747343602009189312, 0.07931997268392627920, 0.08024324101584345836, 0.08116650934776062365, 0.08208977767967780281, 0.08301304601159498198, 0.08393631434351214726, 0.08485958267542932643, 0.08670611933926367088, 0.08762938767118083616, 0.08855265600309798757, 0.09039919266693229039, 0.09224572933076660708, 0.09409226599460090990, 0.09778533932226952941, 0.09963187598610384610, 0.1014784126499381489 ),
 .UNSPECIFIED. ) ;
#1110 = CARTESIAN_POINT ( 'NONE',  ( -27.90156433629466548, 6.387291663776157868, 38.40320870533925302 ) ) ;
#1111 = CARTESIAN_POINT ( 'NONE',  ( -27.19349550499536861, 0.3283333275523202532, -37.42863556748975640 ) ) ;
#1112 = VERTEX_POINT ( 'NONE', #139 ) ;
#1113 = CARTESIAN_POINT ( 'NONE',  ( 3.645375656520099206, 78.43754822398516069, -23.44455217015695681 ) ) ;
#1114 = CARTESIAN_POINT ( 'NONE',  ( -36.52362188585566116, 3.741458330442826163, -26.53596457686150600 ) ) ;
#1115 = CARTESIAN_POINT ( 'NONE',  ( -29.87620800797902021, 9.909504699702251784, 33.73619858056110132 ) ) ;
#1116 = CARTESIAN_POINT ( 'NONE',  ( 13.59674775249767720, -0.3066666666666668650, 41.84648671698676026 ) ) ;
#1117 = CARTESIAN_POINT ( 'NONE',  ( -17.24157527926994860, -1.025099599616683937E-16, 41.51435566102471597 ) ) ;
#1118 = CARTESIAN_POINT ( 'NONE',  ( -27.19349550499536861, -1.259166666666666767, -37.42863556748975640 ) ) ;
#1119 = CARTESIAN_POINT ( 'NONE',  ( -35.59674775249768430, 9.853333333333331723, 25.86255110086881004 ) ) ;
#1120 = CARTESIAN_POINT ( 'NONE',  ( -27.90156433629465482, 6.016874997109491474, -38.40320870533926012 ) ) ;
#1121 = CARTESIAN_POINT ( 'NONE',  ( -21.40130768263925276, 10.00014609880414262, 38.44453968031030655 ) ) ;
#1122 = CARTESIAN_POINT ( 'NONE',  ( -5.418939824185266652, 90.22444308800429269, 23.97381541516030623 ) ) ;
#1123 = CARTESIAN_POINT ( 'NONE',  ( 5.182781479554664728, 79.57363265530862861, -22.56320078407828333 ) ) ;
#1124 = ADVANCED_FACE ( 'NONE', ( #1494 ), #1194, .F. ) ;
#1125 = CARTESIAN_POINT ( 'NONE',  ( -36.52362188585566116, -0.2272916695571730594, -26.53596457686150600 ) ) ;
#1126 = CARTESIAN_POINT ( 'NONE',  ( -45.14567943541665329, 10.19729166377615925, -14.66872044838375189 ) ) ;
#1127 = CARTESIAN_POINT ( 'NONE',  ( -21.36863773743963435, 11.58807788100331670, 38.46272638862293292 ) ) ;
#1128 = EDGE_LOOP ( 'NONE', ( #2361, #61, #2920, #502, #3076, #1195 ) ) ;
#1129 = CARTESIAN_POINT ( 'NONE',  ( 3.939340755141768735, 91.38213086789038186, -19.93075455085821091 ) ) ;
#1130 = CARTESIAN_POINT ( 'NONE',  ( -13.95078216814732563, 3.529791663776159716, -42.93609260962512764 ) ) ;
#1131 = CARTESIAN_POINT ( 'NONE',  ( -44.00000000000000000, 7.630833333333332469, 14.29646663424786901 ) ) ;
#1132 = CARTESIAN_POINT ( 'NONE',  ( 14.81861200417090174, 7.610474831588283236E-17, 41.98806698469976340 ) ) ;
#1134 = EDGE_CURVE ( 'NONE', #1406, #3378, #7, .T. ) ;
#1133 = CARTESIAN_POINT ( 'NONE',  ( 2.832873664143050884E-15, 4.879166666666665542, -46.26433786648375701 ) ) ;
#1135 = CARTESIAN_POINT ( 'NONE',  ( 35.59674775249768430, 0.3124583333911434280, -25.86255110086881714 ) ) ;
#1136 = CARTESIAN_POINT ( 'NONE',  ( -27.19349550499538282, 3.079999994218986181, 37.42863556748974929 ) ) ;
#1137 = CARTESIAN_POINT ( 'NONE',  ( -30.35509595722944098, -2.115511122413166848E-13, 33.41706930765766259 ) ) ;
#1138 = CARTESIAN_POINT ( 'NONE',  ( -6.468350877569738699, 80.97350526680688176, 25.40229021436183743 ) ) ;
#1139 = CARTESIAN_POINT ( 'NONE',  ( 5.430287034625496112, 90.17319850011367066, 19.56367207862215452 ) ) ;
#1140 = DIRECTION ( 'NONE',  ( 0.000000000000000000, 0.000000000000000000, -1.000000000000000000 ) ) ;
#1141 = CARTESIAN_POINT ( 'NONE',  ( -29.87620800797901666, 11.51287969386355670, 33.73619858056110132 ) ) ;
#1142 = DIRECTION ( 'NONE',  ( 0.000000000000000000, -0.8320502943378437211, -0.5547001962252290364 ) ) ;
#1143 = ORIENTED_EDGE ( 'NONE', *, *, #1255, .T. ) ;
#1144 =( GEOMETRIC_REPRESENTATION_CONTEXT ( 3 ) GLOBAL_UNCERTAINTY_ASSIGNED_CONTEXT ( ( #1613 ) ) GLOBAL_UNIT_ASSIGNED_CONTEXT ( ( #739, #217, #1789 ) ) REPRESENTATION_CONTEXT ( 'NONE', 'WORKASPACE' ) );
#1145 = CARTESIAN_POINT ( 'NONE',  ( 6.210040677563006817, 80.74836974702667192, -21.73053715482637571 ) ) ;
#1146 = CARTESIAN_POINT ( 'NONE',  ( 45.14567943541665329, 7.022291663776159432, 14.66872044838375899 ) ) ;
#1147 = CARTESIAN_POINT ( 'NONE',  ( -13.59674775249768075, 7.101666666666665684, -41.84648671698676026 ) ) ;
#1148 = CARTESIAN_POINT ( 'NONE',  ( 0.4352206709326439382, 77.49578869413952020, 24.23355731364598498 ) ) ;
#1149 = CARTESIAN_POINT ( 'NONE',  ( -35.59674775249767720, 5.196666666666665435, -25.86255110086882070 ) ) ;
#1150 = CARTESIAN_POINT ( 'NONE',  ( -8.498620992429152652E-15, 5.921625000057808563, 46.26433786648375701 ) ) ;
#1151 = CARTESIAN_POINT ( 'NONE',  ( -45.14567943541666040, 10.67354166377615954, 14.66872044838374123 ) ) ;
#1152 = DIRECTION ( 'NONE',  ( 0.7240382712833995926, 0.6897598000151548003, 0.000000000000000000 ) ) ;
#1153 = CARTESIAN_POINT ( 'NONE',  ( 3.425293311235561261E-09, 7.525000453773856179, 44.00000000000000000 ) ) ;
#1154 = CARTESIAN_POINT ( 'NONE',  ( 6.571164389035437203, 88.64698585855289537, 19.30184786773664030 ) ) ;
#1155 = CARTESIAN_POINT ( 'NONE',  ( 1.537467778533328167, 75.12536223103610666, -27.12347653423049110 ) ) ;
#1156 = DIRECTION ( 'NONE',  ( -0.4856508521109457743, 0.000000000000000000, 0.8741528755566226883 ) ) ;
#1157 = CARTESIAN_POINT ( 'NONE',  ( 13.59674775249767187, 6.043333333333320567, 41.84648671698673894 ) ) ;
#1158 = CARTESIAN_POINT ( 'NONE',  ( 0.000000000000000000, 10.00000000000000000, 0.000000000000000000 ) ) ;
#1159 = VERTEX_POINT ( 'NONE', #3340 ) ;
#1160 = VECTOR ( 'NONE', #2903, 1000.000000000000114 ) ;
#1161 = CARTESIAN_POINT ( 'NONE',  ( 43.99999999999997868, 0.2224999999999909273, -14.29646663424787079 ) ) ;
#1162 = CARTESIAN_POINT ( 'NONE',  ( -27.19349550499536861, 4.561666660885651758, -37.42863556748975640 ) ) ;
#1163 = CARTESIAN_POINT ( 'NONE',  ( -45.14567943541666040, 1.836458330442826803, -5.528751181591550879E-15 ) ) ;
#1164 = CARTESIAN_POINT ( 'NONE',  ( -44.00000000000000000, 9.747499999999996945, 14.29646663424786901 ) ) ;
#1165 = CARTESIAN_POINT ( 'NONE',  ( 2.621298375115804102, 77.96874149232426987, 23.83133790913059613 ) ) ;
#1166 = CARTESIAN_POINT ( 'NONE',  ( 35.59674775249767720, 6.239125000057808457, 25.86255110086882425 ) ) ;
#1167 = AXIS2_PLACEMENT_3D ( 'NONE', #1404, #2477, #1140 ) ;
#1168 = CARTESIAN_POINT ( 'NONE',  ( -44.00000000000000000, 0.7516666608856537035, 14.29646663424786901 ) ) ;
#1169 = DIRECTION ( 'NONE',  ( -0.000000000000000000, -1.000000000000000000, -0.000000000000000000 ) ) ;
#1170 = CARTESIAN_POINT ( 'NONE',  ( -7.503471183138492151, 85.08908390523556875, 19.65842586225228672 ) ) ;
#1171 = CARTESIAN_POINT ( 'NONE',  ( 0.1608565204546940075, 75.03408227699593169, -27.18443761186806285 ) ) ;
#1172 = CARTESIAN_POINT ( 'NONE',  ( -4.418970164000911360, 91.07112815344325440, 19.82010460088137194 ) ) ;
#1173 = CARTESIAN_POINT ( 'NONE',  ( 13.95078216814733096, 7.551458330442825329, -42.93609260962512053 ) ) ;
#1174 = CARTESIAN_POINT ( 'NONE',  ( -8.897494720077572694, 92.58887162349323319, -22.26789813065627044 ) ) ;
#1175 = CARTESIAN_POINT ( 'NONE',  ( -45.14567943541666040, 8.556874997109490621, 14.66872044838374300 ) ) ;
#1176 = ORIENTED_EDGE ( 'NONE', *, *, #267, .F. ) ;
#1177 = CARTESIAN_POINT ( 'NONE',  ( 2.667360163309149214E-15, 0.6458333333333328152, -43.99999999999998579 ) ) ;
#1178 = CARTESIAN_POINT ( 'NONE',  ( 13.59674775249768608, 6.360833327552319894, -41.84648671698675315 ) ) ;
#1179 = CARTESIAN_POINT ( 'NONE',  ( -45.14567943541665329, 10.19729166377615925, -14.66872044838375189 ) ) ;
#1180 = CARTESIAN_POINT ( 'NONE',  ( 13.59674775249767720, 6.043333333333333002, 41.84648671698676026 ) ) ;
#1181 = EDGE_CURVE ( 'NONE', #3041, #3378, #938, .T. ) ;
#1182 = CARTESIAN_POINT ( 'NONE',  ( -36.52362188585566827, 4.429374997109492895, 26.53596457686149535 ) ) ;
#1183 = CARTESIAN_POINT ( 'NONE',  ( 10.12533871261832452, 80.07117946095105765, 24.23653759935366381 ) ) ;
#1184 = CARTESIAN_POINT ( 'NONE',  ( -13.59674775249768075, 7.085791666724476023, -41.84648671698676026 ) ) ;
#1185 = CARTESIAN_POINT ( 'NONE',  ( 43.99999999999999289, 1.598333327552320382, 14.29646663424789210 ) ) ;
#1186 = CARTESIAN_POINT ( 'NONE',  ( -0.2968442945041631087, 96.04173837041535933, 23.34608559169585007 ) ) ;
#1187 = CARTESIAN_POINT ( 'NONE',  ( 35.59674775249767720, 7.842499994218986359, 25.86255110086882425 ) ) ;
#1188 = CARTESIAN_POINT ( 'NONE',  ( -4.803653946100922667, 75.92582305965726164, -26.59902384039613921 ) ) ;
#1189 = CARTESIAN_POINT ( 'NONE',  ( -41.41071496618481973, -7.265315858779390835E-17, -17.41271239457350006 ) ) ;
#1190 = FACE_OUTER_BOUND ( 'NONE', #347, .T. ) ;
#1191 = CARTESIAN_POINT ( 'NONE',  ( -4.249955097702027729, 75.69802333496693336, -26.74585075813414292 ) ) ;
#1192 = CARTESIAN_POINT ( 'NONE',  ( 45.14567943541665329, 9.403541663776158188, 14.66872044838375899 ) ) ;
#1193 = ORIENTED_EDGE ( 'NONE', *, *, #629, .T. ) ;
#1194 = CYLINDRICAL_SURFACE ( 'NONE', #1616, 44.00000000000000000 ) ;
#1195 = ORIENTED_EDGE ( 'NONE', *, *, #524, .F. ) ;
#1196 = CARTESIAN_POINT ( 'NONE',  ( -13.59674775249768075, 6.572499994218985897, -41.84648671698676026 ) ) ;
#1197 = CARTESIAN_POINT ( 'NONE',  ( -27.19349550499536861, 8.794999994218986927, -37.42863556748975640 ) ) ;
#1198 = CARTESIAN_POINT ( 'NONE',  ( 27.19349550499536150, 4.032499999999999751, 37.42863556748976350 ) ) ;
#1199 = CARTESIAN_POINT ( 'NONE',  ( -45.14567943541666040, 0.09020833044282698665, 14.66872044838374123 ) ) ;
#1200 = CARTESIAN_POINT ( 'NONE',  ( 5.411603796763631458, 79.80186903393584430, 22.39594398916673157 ) ) ;
#1201 = CARTESIAN_POINT ( 'NONE',  ( 43.99999999999999289, 4.228291666724476094, 14.29646663424789210 ) ) ;
#1202 = CARTESIAN_POINT ( 'NONE',  ( 13.95078216814733096, 9.932708330442824973, -42.93609260962512053 ) ) ;
#1203 = CARTESIAN_POINT ( 'NONE',  ( 1.805694268302466599, 92.28377835698910303, 20.29524539221088375 ) ) ;
#1204 = CARTESIAN_POINT ( 'NONE',  ( 44.00000000000000000, 8.054166660885652362, 0.000000000000000000 ) ) ;
#1205 = PLANE ( 'NONE',  #1430 ) ;
#1206 = CARTESIAN_POINT ( 'NONE',  ( 10.56711611319545163, 90.44504449838342452, 21.95670050850922905 ) ) ;
#1207 = DIRECTION ( 'NONE',  ( 0.000000000000000000, 0.000000000000000000, -1.000000000000000000 ) ) ;
#1208 = CARTESIAN_POINT ( 'NONE',  ( 5.193986695381139107, 79.57806685181735418, 22.55899954271786356 ) ) ;
#1209 = CARTESIAN_POINT ( 'NONE',  ( -3.046609075592088267, 95.71057265583897333, -23.21354452494755805 ) ) ;
#1210 = CARTESIAN_POINT ( 'NONE',  ( -3.020741334232082214E-07, 0.1166666632369150330, -44.00000000000000000 ) ) ;
#1211 = EDGE_LOOP ( 'NONE', ( #2636, #500, #1519, #2255 ) ) ;
#1212 = DIRECTION ( 'NONE',  ( 0.000000000000000000, 0.000000000000000000, -1.000000000000000000 ) ) ;
#1213 =( BOUNDED_CURVE ( )  B_SPLINE_CURVE ( 2, ( #2107, #2376, #772, #3447, #1006, #238, #2629, #2074, #743, #2877, #757, #747, #1833 ),
 .UNSPECIFIED., .F., .T. ) 
 B_SPLINE_CURVE_WITH_KNOTS ( ( 3, 2, 2, 2, 2, 2, 3 ),
 ( 0.3086879345494518145, 0.3175075876813608922, 0.3351468981081031639, 0.3527862085348454357, 0.3704255189615877075, 0.3880648293883299793, 0.3968845165335745384 ),
 .UNSPECIFIED. ) 
 CURVE ( )  GEOMETRIC_REPRESENTATION_ITEM ( )  RATIONAL_B_SPLINE_CURVE ( ( 0.9755282581475780423, 0.9755282639229727604, 1.000000000000000000, 0.9510565162951535312, 1.000000000000000000, 0.9510565162951535312, 1.000000000000000000, 0.9510565162951535312, 1.000000000000000000, 0.9510565162951535312, 1.000000000000000000, 0.9755281695467704628, 0.9755282581478975645 ) ) 
 REPRESENTATION_ITEM ( '' )  );
#1214 = CARTESIAN_POINT ( 'NONE',  ( 35.59674775249767720, 5.725833327552320107, 25.86255110086882425 ) ) ;
#1215 = CARTESIAN_POINT ( 'NONE',  ( -35.59674775249768430, 9.324166660885653712, 25.86255110086881004 ) ) ;
#1216 = CARTESIAN_POINT ( 'NONE',  ( -44.00000000000000000, 3.291666666666665630, -5.388445916248353619E-15 ) ) ;
#1217 = CARTESIAN_POINT ( 'NONE',  ( -45.14567943541666040, 2.101041663776160640, -5.528751181591550879E-15 ) ) ;
#1218 = CARTESIAN_POINT ( 'NONE',  ( 2.299373378819629998, 77.84417574770048986, 26.57902388959388418 ) ) ;
#1219 = CARTESIAN_POINT ( 'NONE',  ( 43.99999999999999289, 6.043333327552320000, -14.29646663424787256 ) ) ;
#1220 = CARTESIAN_POINT ( 'NONE',  ( 2.357089043554249308, 92.13259627896094628, 23.96601580623869765 ) ) ;
#1221 = CYLINDRICAL_SURFACE ( 'NONE', #3379, 44.00000000000000000 ) ;
#1222 = CARTESIAN_POINT ( 'NONE',  ( 11.89837678709108637, 86.00023147995922557, 22.19021163021179532 ) ) ;
#1223 = CARTESIAN_POINT ( 'NONE',  ( -4.993045479184684332, 90.60851060520121791, 19.67669397946728793 ) ) ;
#1224 = CARTESIAN_POINT ( 'NONE',  ( -11.72655076804807628, 87.50812632706860938, -21.96967627726591488 ) ) ;
#1225 = EDGE_CURVE ( 'NONE', #2769, #1832, #3360, .T. ) ;
#1226 = CARTESIAN_POINT ( 'NONE',  ( -3.921335623540590287, 78.59606413802983127, 23.31676423421075484 ) ) ;
#1227 =( LENGTH_UNIT ( ) NAMED_UNIT ( * ) SI_UNIT ( .MILLI., .METRE. ) );
#1228 = DIRECTION ( 'NONE',  ( 0.000000000000000000, 0.000000000000000000, -1.000000000000000000 ) ) ;
#1229 = CARTESIAN_POINT ( 'NONE',  ( 3.660239279443957550, 91.55440496267088690, -19.99316474829263868 ) ) ;
#1230 = CARTESIAN_POINT ( 'NONE',  ( -6.813767716478904113, 81.85656197226546738, 21.05638101039589216 ) ) ;
#1231 = CARTESIAN_POINT ( 'NONE',  ( -27.19349550499536861, 6.678333327552319787, -37.42863556748975640 ) ) ;
#1232 = CARTESIAN_POINT ( 'NONE',  ( -21.92503803500559911, 10.66203621549843028, 39.46422530405177298 ) ) ;
#1233 = CARTESIAN_POINT ( 'NONE',  ( 27.19349550499536150, 4.032499999999999751, 37.42863556748976350 ) ) ;
#1234 = CARTESIAN_POINT ( 'NONE',  ( -27.90156433629465482, 3.900208330442826110, -38.40320870533926012 ) ) ;
#1235 = CARTESIAN_POINT ( 'NONE',  ( 7.398177817505222187, 86.48417478287048255, 24.50827733121857932 ) ) ;
#1236 = ADVANCED_BREP_SHAPE_REPRESENTATION ( 'NSCN2', ( #1629, #704 ), #1144 ) ;
#1237 = CARTESIAN_POINT ( 'NONE',  ( 43.99999999999999289, 10.06499999421898650, 14.29646663424789210 ) ) ;
#1238 = CARTESIAN_POINT ( 'NONE',  ( 5.176907989144741151, 90.48522311075257107, 23.95521700716080815 ) ) ;
#1239 = CARTESIAN_POINT ( 'NONE',  ( -4.324232722514741667, 78.85290157906895558, -23.11202839534057318 ) ) ;
#1240 = EDGE_CURVE ( 'NONE', #1657, #1011, #2941, .T. ) ;
#1241 = ADVANCED_FACE ( 'NONE', ( #3223 ), #540, .F. ) ;
#1242 = CARTESIAN_POINT ( 'NONE',  ( 5.430287034625492559, 90.17319850011368487, 19.56367207862215096 ) ) ;
#1243 = CARTESIAN_POINT ( 'NONE',  ( 7.164045906972928535, 77.18186871315261044, 25.81797250008935052 ) ) ;
#1244 = CARTESIAN_POINT ( 'NONE',  ( -6.968915374279590402, 2.816744114637075747, -43.99999999999999289 ) ) ;
#1245 = CARTESIAN_POINT ( 'NONE',  ( -7.034637978035152450, 87.61304877353758513, -19.27336698418728034 ) ) ;
#1246 = CARTESIAN_POINT ( 'NONE',  ( 3.440144217628947843, 78.32508027241280502, 23.53621694135234677 ) ) ;
#1247 = CARTESIAN_POINT ( 'NONE',  ( -11.82789300163207358, 84.53448820747559012, -22.53068758384490167 ) ) ;
#1248 = CARTESIAN_POINT ( 'NONE',  ( 10.59714359287264607, 90.43927816989621249, -21.94505489193181091 ) ) ;
#1249 = CARTESIAN_POINT ( 'NONE',  ( -7.392576697214471082, 86.30691035516633747, -19.38823289442405340 ) ) ;
#1250 = CARTESIAN_POINT ( 'NONE',  ( 36.52362188585566116, 2.683124997109493481, 26.53596457686150956 ) ) ;
#1251 = CONICAL_SURFACE ( 'NONE', #3219, 20.00000000000000000, 0.1806785052468092012 ) ;
#1252 = DIRECTION ( 'NONE',  ( 0.000000000000000000, -0.9837219938267964814, -0.1796970752723372755 ) ) ;
#1253 = CARTESIAN_POINT ( 'NONE',  ( 13.59674775249768608, 2.127499994218986945, -41.84648671698675315 ) ) ;
#1254 = CARTESIAN_POINT ( 'NONE',  ( -45.14567943541666040, 8.292291663776159893, 14.66872044838374300 ) ) ;
#1255 = EDGE_CURVE ( 'NONE', #2917, #907, #1993, .T. ) ;
#1256 = CARTESIAN_POINT ( 'NONE',  ( 36.52362188585566827, 5.487708330442826465, -26.53596457686149890 ) ) ;
#1257 = CARTESIAN_POINT ( 'NONE',  ( 7.598064571034520931, 84.17685278670778359, 24.68729832835118287 ) ) ;
#1258 = CARTESIAN_POINT ( 'NONE',  ( 2.832873664143050884E-15, 4.349999994218987531, -46.26433786648375701 ) ) ;
#1259 = CARTESIAN_POINT ( 'NONE',  ( 5.601920304304215392, 89.99303570160009258, 19.51972840296083689 ) ) ;
#1260 = CARTESIAN_POINT ( 'NONE',  ( 43.99999999999998579, 6.043333327552320000, -14.29646663424787434 ) ) ;
#1261 = CARTESIAN_POINT ( 'NONE',  ( -11.88299968554337838, 86.13379345439751944, -22.17069499842501656 ) ) ;
#1262 = CARTESIAN_POINT ( 'NONE',  ( 7.360896439132099900, 83.51639627614648020, 20.21669535868752021 ) ) ;
#1263 = CARTESIAN_POINT ( 'NONE',  ( 3.148698880972665037, 95.67812347361750369, 23.20140018891426337 ) ) ;
#1264 = CARTESIAN_POINT ( 'NONE',  ( -13.59674775249767720, 7.101666666666657690, -41.84648671698674605 ) ) ;
#1265 = CARTESIAN_POINT ( 'NONE',  ( -6.166965052981478526E-06, 6.466666721700472742, -43.99999999999956657 ) ) ;
#1266 = CARTESIAN_POINT ( 'NONE',  ( -13.95078216814732563, 1.413124997109493020, -42.93609260962512764 ) ) ;
#1267 = PRODUCT_DEFINITION_FORMATION_WITH_SPECIFIED_SOURCE ( 'ANY', '', #1934, .NOT_KNOWN. ) ;
#1268 = ORIENTED_EDGE ( 'NONE', *, *, #3054, .F. ) ;
#1269 = DIRECTION ( 'NONE',  ( 0.000000000000000000, 0.000000000000000000, -1.000000000000000000 ) ) ;
#1270 = ORIENTED_EDGE ( 'NONE', *, *, #1083, .T. ) ;
#1271 = CARTESIAN_POINT ( 'NONE',  ( -27.19349550499536861, 0.3283333275523202532, -37.42863556748975640 ) ) ;
#1272 = CARTESIAN_POINT ( 'NONE',  ( 45.14567943541665329, 5.381874997109493464, -14.66872044838374478 ) ) ;
#1273 = DIRECTION ( 'NONE',  ( 6.793118197936355954E-17, -0.8320502943378437211, 0.5547001962252290364 ) ) ;
#1274 = CARTESIAN_POINT ( 'NONE',  ( 11.62117393573288204, 87.88719775692864289, 21.94739228907578976 ) ) ;
#1275 = ORIENTED_EDGE ( 'NONE', *, *, #2484, .F. ) ;
#1276 = CARTESIAN_POINT ( 'NONE',  ( -43.99999999999999289, 6.889999994218984902, -14.29646663424788144 ) ) ;
#1277 = CARTESIAN_POINT ( 'NONE',  ( 6.217867297205414978, 89.20137164616899383, 19.37224878947474949 ) ) ;
#1278 = CARTESIAN_POINT ( 'NONE',  ( 45.14567943541666040, -1.073958336223839627, 0.000000000000000000 ) ) ;
#1279 = CARTESIAN_POINT ( 'NONE',  ( -10.72779442865843613, 90.16797240064549612, -21.93514813907273364 ) ) ;
#1280 = CIRCLE ( 'NONE', #1902, 2.999999999999996891 ) ;
#1281 = DIRECTION ( 'NONE',  ( 0.000000000000000000, 0.000000000000000000, -1.000000000000000000 ) ) ;
#1282 = CARTESIAN_POINT ( 'NONE',  ( 6.097839541797872798, 94.58939442245298324, 22.81159818663194017 ) ) ;
#1283 = CARTESIAN_POINT ( 'NONE',  ( -7.157174511237887060, 82.73565366363416729, -20.58212264652099677 ) ) ;
#1284 = CARTESIAN_POINT ( 'NONE',  ( -2.466578087372503614, 92.09050227422187618, -20.21022139530899153 ) ) ;
#1285 = CARTESIAN_POINT ( 'NONE',  ( 36.52362188585566116, 4.799791663776159290, 26.53596457686150956 ) ) ;
#1286 = AXIS2_PLACEMENT_3D ( 'NONE', #1560, #1844, #1281 ) ;
#1287 = CARTESIAN_POINT ( 'NONE',  ( 13.95078216814733096, 5.434791663776159076, -42.93609260962512053 ) ) ;
#1288 = FACE_OUTER_BOUND ( 'NONE', #541, .T. ) ;
#1289 = VERTEX_POINT ( 'NONE', #1326 ) ;
#1290 = CARTESIAN_POINT ( 'NONE',  ( -44.00000000000000000, 2.868333327552320178, 14.29646663424786901 ) ) ;
#1291 = CARTESIAN_POINT ( 'NONE',  ( 27.90156433629465837, 1.360208330442826741, -38.40320870533925302 ) ) ;
#1292 = ADVANCED_FACE ( 'NONE', ( #1288 ), #2382, .F. ) ;
#1293 = CARTESIAN_POINT ( 'NONE',  ( 2.626438193441137603, 95.80916641853841043, -23.25260307465877929 ) ) ;
#1294 = CARTESIAN_POINT ( 'NONE',  ( 13.95078216814733096, 9.932708330442824973, -42.93609260962512053 ) ) ;
#1295 = CARTESIAN_POINT ( 'NONE',  ( -43.99999999999999289, 4.773333327552318650, -14.29646663424788144 ) ) ;
#1296 = CYLINDRICAL_SURFACE ( 'NONE', #2215, 7.500000000000003553 ) ;
#1297 = CARTESIAN_POINT ( 'NONE',  ( 5.817528286770044410, 89.76671281224639642, 24.01427651558850584 ) ) ;
#1298 =( BOUNDED_SURFACE ( )  B_SPLINE_SURFACE ( 3, 2, ( 
 ( #440, #1504, #2574 ),
 ( #183, #2285, #1239 ),
 ( #2318, #3389, #947 ),
 ( #496, #2323, #1299 ),
 ( #169, #3393, #2820 ),
 ( #1005, #1559, #2375 ),
 ( #3105, #2355, #1794 ),
 ( #427, #1828, #725 ),
 ( #3446, #988, #2578 ),
 ( #3374, #1490, #1507 ),
 ( #1038, #2858, #2893 ),
 ( #2628, #1540, #237 ),
 ( #3162, #187, #3145 ),
 ( #3181, #2106, #2056 ),
 ( #460, #2073, #1524 ),
 ( #3126, #2611, #2595 ),
 ( #756, #478, #202 ),
 ( #1261, #742, #2305 ),
 ( #1756, #2561, #707 ),
 ( #1224, #443, #221 ),
 ( #970, #2338, #1773 ),
 ( #2838, #2038, #1245 ),
 ( #3409, #1812, #2876 ),
 ( #1279, #3429, #1021 ),
 ( #2090, #2624, #2418 ),
 ( #301, #2386, #1032 ),
 ( #30, #1838, #491 ),
 ( #2117, #3458, #2962 ),
 ( #3175, #3208, #525 ),
 ( #249, #798, #1873 ),
 ( #265, #766, #2922 ),
 ( #2906, #2671, #1097 ),
 ( #543, #1587, #1048 ),
 ( #1311, #3441, #2432 ),
 ( #1329, #562, #2943 ),
 ( #3190, #1361, #2101 ),
 ( #2690, #2654, #3242 ),
 ( #1571, #10, #508 ),
 ( #47, #838, #781 ),
 ( #2887, #1854, #2173 ),
 ( #2401, #2640, #1606 ),
 ( #1553, #232, #1065 ),
 ( #1627, #2135, #285 ),
 ( #1346, #1082, #2157 ),
 ( #3228, #819, #1891 ),
 ( #1293, #2367, #3010 ),
 ( #124, #108, #3026 ),
 ( #77, #611, #333 ),
 ( #1444, #1407, #2735 ),
 ( #3288, #2497, #1129 ) ),
 .UNSPECIFIED., .F., .F., .T. ) 
 B_SPLINE_SURFACE_WITH_KNOTS ( ( 4, 2, 2, 2, 2, 2, 2, 2, 2, 2, 2, 2, 2, 2, 2, 2, 2, 2, 2, 2, 2, 2, 2, 2, 4 ),
 ( 3, 3 ),
 ( 0.000000000000000000, 0.002104334863700132920, 0.003156502295550199164, 0.004208669727400265841, 0.006313004591100398327, 0.007365172022950465004, 0.008417339454800531681, 0.01052167431850066504, 0.01157384175035073084, 0.01262600918220079665, 0.01473034404590093001, 0.01578251147775099755, 0.01683467890960106336, 0.01788684634145112917, 0.01893901377330119845, 0.02104334863700133007, 0.02209551606885139588, 0.02314768350070146169, 0.02419985093255152750, 0.02525201836440159331, 0.02735635322810172493, 0.02840852065995179421, 0.02946068809180186002, 0.03156502295550199511, 0.03366935781920212672 ),
 ( 0.000000000000000000, 1.000000000000000000 ),
 .UNSPECIFIED. ) 
 GEOMETRIC_REPRESENTATION_ITEM ( )  RATIONAL_B_SPLINE_SURFACE ( (
 ( 1.000000000000000000, 0.7197689256254229395, 1.000000000000000000),
 ( 1.000000000000000000, 0.7089191811001157584, 1.000000000000000000),
 ( 1.000000000000000000, 0.6968340202595816324, 1.000000000000000000),
 ( 1.000000000000000000, 0.6773343139341364560, 1.000000000000000000),
 ( 1.000000000000000000, 0.6706048982546233272, 1.000000000000000000),
 ( 1.000000000000000000, 0.6567635579455841643, 1.000000000000000000),
 ( 1.000000000000000000, 0.6496876170812022622, 1.000000000000000000),
 ( 1.000000000000000000, 0.6283903529713106284, 1.000000000000000000),
 ( 1.000000000000000000, 0.6139909429191433565, 1.000000000000000000),
 ( 1.000000000000000000, 0.5928116405809696898, 1.000000000000000000),
 ( 1.000000000000000000, 0.5857940317925999230, 1.000000000000000000),
 ( 1.000000000000000000, 0.5722127276300720267, 1.000000000000000000),
 ( 1.000000000000000000, 0.5656842970812926419, 1.000000000000000000),
 ( 1.000000000000000000, 0.5471302569196927479, 1.000000000000000000),
 ( 1.000000000000000000, 0.5361217409525340649, 1.000000000000000000),
 ( 1.000000000000000000, 0.5228658004102547663, 1.000000000000000000),
 ( 1.000000000000000000, 0.5189740731160484843, 1.000000000000000000),
 ( 1.000000000000000000, 0.5126519947694755386, 1.000000000000000000),
 ( 1.000000000000000000, 0.5102096946151700729, 1.000000000000000000),
 ( 1.000000000000000000, 0.5051273605713124670, 1.000000000000000000),
 ( 1.000000000000000000, 0.5047555726038787105, 1.000000000000000000),
 ( 1.000000000000000000, 0.5087130124457994729, 1.000000000000000000),
 ( 1.000000000000000000, 0.5107643147371709880, 1.000000000000000000),
 ( 1.000000000000000000, 0.5160696661427941478, 1.000000000000000000),
 ( 1.000000000000000000, 0.5193275376298037704, 1.000000000000000000),
 ( 1.000000000000000000, 0.5268127357401347632, 1.000000000000000000),
 ( 1.000000000000000000, 0.5310399508601995056, 1.000000000000000000),
 ( 1.000000000000000000, 0.5402227763322935417, 1.000000000000000000),
 ( 1.000000000000000000, 0.5451273761760027092, 1.000000000000000000),
 ( 1.000000000000000000, 0.5602502585153253944, 1.000000000000000000),
 ( 1.000000000000000000, 0.5709149872090855116, 1.000000000000000000),
 ( 1.000000000000000000, 0.5864209371663418047, 1.000000000000000000),
 ( 1.000000000000000000, 0.5914790562103710014, 1.000000000000000000),
 ( 1.000000000000000000, 0.6010495476306761953, 1.000000000000000000),
 ( 1.000000000000000000, 0.6055851141341430655, 1.000000000000000000),
 ( 1.000000000000000000, 0.6140087412985786308, 1.000000000000000000),
 ( 1.000000000000000000, 0.6178972436053513650, 1.000000000000000000),
 ( 1.000000000000000000, 0.6248878132160839982, 1.000000000000000000),
 ( 1.000000000000000000, 0.6280012694025218778, 1.000000000000000000),
 ( 1.000000000000000000, 0.6357980189987415542, 1.000000000000000000),
 ( 1.000000000000000000, 0.6390039397947866462, 1.000000000000000000),
 ( 1.000000000000000000, 0.6405756453545393692, 1.000000000000000000),
 ( 1.000000000000000000, 0.6405587140510322630, 1.000000000000000000),
 ( 1.000000000000000000, 0.6394056357859128070, 1.000000000000000000),
 ( 1.000000000000000000, 0.6382801925703155410, 1.000000000000000000),
 ( 1.000000000000000000, 0.6333654982375811482, 1.000000000000000000),
 ( 1.000000000000000000, 0.6280357564190565123, 1.000000000000000000),
 ( 1.000000000000000000, 0.6138304813905833823, 1.000000000000000000),
 ( 1.000000000000000000, 0.6050953165772596787, 1.000000000000000000),
 ( 1.000000000000000000, 0.5955203978059064873, 1.000000000000000000) ) ) 
 REPRESENTATION_ITEM ( '' )  SURFACE ( )  );
#1299 = CARTESIAN_POINT ( 'NONE',  ( -5.226839781314311040, 79.61615383194616413, -22.53179217838246373 ) ) ;
#1300 = DIRECTION ( 'NONE',  ( 0.000000000000000000, 0.000000000000000000, -1.000000000000000000 ) ) ;
#1301 = CARTESIAN_POINT ( 'NONE',  ( 0.000000000000000000, 181.9722436226800539, 0.000000000000000000 ) ) ;
#1302 = CARTESIAN_POINT ( 'NONE',  ( 9.298093344186836973, 92.18770289960576747, -22.18291365852422459 ) ) ;
#1303 = VERTEX_POINT ( 'NONE', #748 ) ;
#1304 = CARTESIAN_POINT ( 'NONE',  ( 45.14567943541665329, 0.6722916637761600089, 14.66872044838375899 ) ) ;
#1305 = ORIENTED_EDGE ( 'NONE', *, *, #254, .T. ) ;
#1306 = CARTESIAN_POINT ( 'NONE',  ( -13.95078216814733629, 2.259791663776159698, 42.93609260962512053 ) ) ;
#1307 = CARTESIAN_POINT ( 'NONE',  ( 5.826518895541667575, 94.73194555028818797, -22.85776610708070322 ) ) ;
#1308 = ORIENTED_EDGE ( 'NONE', *, *, #413, .T. ) ;
#1309 = CARTESIAN_POINT ( 'NONE',  ( -10.65201103934148463, 80.93069068810872579, 23.83506903169008240 ) ) ;
#1310 = CARTESIAN_POINT ( 'NONE',  ( 1.544827043026889448E-06, 9.641862909853948338, 43.99999999999994316 ) ) ;
#1311 = CARTESIAN_POINT ( 'NONE',  ( -5.911276143739365274, 94.68370210595242042, -22.84260058920832748 ) ) ;
#1312 = CARTESIAN_POINT ( 'NONE',  ( 2.906636507328100180E-15, 7.921874997109491723, -47.46897651391098805 ) ) ;
#1313 =( BOUNDED_CURVE ( )  B_SPLINE_CURVE ( 2, ( #430, #3075, #676, #410, #1210 ),
 .UNSPECIFIED., .F., .T. ) 
 B_SPLINE_CURVE_WITH_KNOTS ( ( 3, 2, 3 ),
 ( 0.03433664778224365666, 0.03527862085348544563, 0.04409827625800376988 ),
 .UNSPECIFIED. ) 
 CURVE ( )  GEOMETRIC_REPRESENTATION_ITEM ( )  RATIONAL_B_SPLINE_CURVE ( ( 0.9950517984970823626, 0.9973863239238175415, 1.000000000000000000, 0.9755282576172015219, 0.9755282581475767101 ) ) 
 REPRESENTATION_ITEM ( '' )  );
#1314 = CARTESIAN_POINT ( 'NONE',  ( -30.25437144806473100, -1.037079321985878745E-17, -32.83310137854557809 ) ) ;
#1315 = CARTESIAN_POINT ( 'NONE',  ( -8.498620992429152652E-15, 1.704166666666665941, 46.26433786648375701 ) ) ;
#1316 = CARTESIAN_POINT ( 'NONE',  ( 7.107790911689931157, 87.40677879476400847, 19.28014591962559976 ) ) ;
#1317 = CARTESIAN_POINT ( 'NONE',  ( -3.043693882039121712E-06, 5.407942311339990482, 43.99999999999978684 ) ) ;
#1318 = CARTESIAN_POINT ( 'NONE',  ( -3.982927323366515893, 91.35986215834896029, 19.92179275115439552 ) ) ;
#1319 = CARTESIAN_POINT ( 'NONE',  ( 1.544827043026889448E-06, 9.641862909853948338, 43.99999999999994316 ) ) ;
#1320 = CARTESIAN_POINT ( 'NONE',  ( 7.593372228692907733, 84.09264717455394589, -24.69698104278379702 ) ) ;
#1321 = CARTESIAN_POINT ( 'NONE',  ( -9.390964493648228384, 92.06827274721129584, 22.16623688901298905 ) ) ;
#1322 =( BOUNDED_CURVE ( )  B_SPLINE_CURVE ( 2, ( #2019, #3192, #2801, #932, #689, #3071, #527, #1505, #2388, #2576, #672, #2559, #1589 ),
 .UNSPECIFIED., .F., .F. ) 
 B_SPLINE_CURVE_WITH_KNOTS ( ( 3, 2, 2, 2, 2, 2, 3 ),
 ( 0.4999097989050401147, 0.5137565917350086497, 0.5414501773949458308, 0.5691437630548831228, 0.5968373487148204148, 0.6245309343747574848, 0.6383777272047260753 ),
 .UNSPECIFIED. ) 
 CURVE ( )  GEOMETRIC_REPRESENTATION_ITEM ( )  RATIONAL_B_SPLINE_CURVE ( ( 0.9755282581475768211, 0.9755282581475768211, 1.000000000000000000, 0.9510565162951535312, 1.000000000000000000, 0.9510565162951535312, 1.000000000000000000, 0.9510565162951535312, 1.000000000000000000, 0.9510565162951535312, 1.000000000000000000, 0.9755282581475769321, 0.9755282581475768211 ) ) 
 REPRESENTATION_ITEM ( '' )  );
#1323 = CARTESIAN_POINT ( 'NONE',  ( -45.14567943541666040, -0.2802083362238398934, -5.528751181591550879E-15 ) ) ;
#1324 = EDGE_LOOP ( 'NONE', ( #1724, #1673, #1391 ) ) ;
#1325 = CARTESIAN_POINT ( 'NONE',  ( -45.14567943541666040, 6.069791663776159751, -5.528751181591550879E-15 ) ) ;
#1326 = CARTESIAN_POINT ( 'NONE',  ( 7.500000000000003553, 85.00000000000001421, 19.68680216366901803 ) ) ;
#1327 = ORIENTED_EDGE ( 'NONE', *, *, #3166, .T. ) ;
#1328 = CARTESIAN_POINT ( 'NONE',  ( 36.52362188585566827, 3.371041663776159769, -26.53596457686149890 ) ) ;
#1329 = CARTESIAN_POINT ( 'NONE',  ( -5.563513867698081761, 94.84965546639756440, -22.89886685161711100 ) ) ;
#1330 = CARTESIAN_POINT ( 'NONE',  ( 45.14567943541665329, 7.286874997109492824, 14.66872044838375899 ) ) ;
#1331 = FACE_OUTER_BOUND ( 'NONE', #3169, .T. ) ;
#1332 = CARTESIAN_POINT ( 'NONE',  ( -35.59674775249768430, 11.44083332755231908, 25.86255110086881004 ) ) ;
#1333 = CARTESIAN_POINT ( 'NONE',  ( -4.049161609588750821, 78.64016848369482204, 26.24298056127234346 ) ) ;
#1334 = CARTESIAN_POINT ( 'NONE',  ( -27.19349550499536861, 0.8574999999999995959, -37.42863556748975640 ) ) ;
#1335 = CIRCLE ( 'NONE', #2844, 39.06182047493748399 ) ;
#1336 = CARTESIAN_POINT ( 'NONE',  ( -45.14567943541665329, 6.228541663776159254, -14.66872044838375189 ) ) ;
#1337 = CARTESIAN_POINT ( 'NONE',  ( -3.330337164529021177, 91.72467002825874260, 20.05973343463184833 ) ) ;
#1338 = CARTESIAN_POINT ( 'NONE',  ( 0.7924960005530967688, 96.03909122581698909, 23.34500906948734666 ) ) ;
#1339 = CARTESIAN_POINT ( 'NONE',  ( 11.86457369872958267, 86.40879950443421365, -22.12356071764115129 ) ) ;
#1340 = CARTESIAN_POINT ( 'NONE',  ( -5.397055150224500331, 94.93123098602050902, 22.92645052047975440 ) ) ;
#1341 = CARTESIAN_POINT ( 'NONE',  ( -27.90156433629465482, 7.868958330442825222, -38.40320870533926012 ) ) ;
#1342 = CARTESIAN_POINT ( 'NONE',  ( -45.14567943541665329, 3.847291663776160053, -14.66872044838375189 ) ) ;
#1343 = CARTESIAN_POINT ( 'NONE',  ( 4.475202639132695559, 91.05137259883747447, -19.81092986740269168 ) ) ;
#1344 = EDGE_LOOP ( 'NONE', ( #2961, #3130, #796, #3172 ) ) ;
#1345 = CARTESIAN_POINT ( 'NONE',  ( 13.95078216814732031, 2.736041663776159538, 42.93609260962512764 ) ) ;
#1346 = CARTESIAN_POINT ( 'NONE',  ( 1.036802707052695283, 96.00596875988091483, -23.33155823921013905 ) ) ;
#1347 = LINE ( 'NONE', #2605, #3254 ) ;
#1348 = CARTESIAN_POINT ( 'NONE',  ( -13.59674775249768075, 9.202458333391140499, -41.84648671698676026 ) ) ;
#1349 = CARTESIAN_POINT ( 'NONE',  ( 13.59674775249768608, 0.5399999999999997025, -41.84648671698675315 ) ) ;
#1350 = CARTESIAN_POINT ( 'NONE',  ( 3.292538802649063623, -1.197375213956229606E-16, 44.55855793674042076 ) ) ;
#1351 = CARTESIAN_POINT ( 'NONE',  ( 43.99999999999999289, 2.127499999999998614, 14.29646663424789210 ) ) ;
#1352 = CARTESIAN_POINT ( 'NONE',  ( -29.87620800797902021, 9.925379699644443221, 33.73619858056110132 ) ) ;
#1353 = CARTESIAN_POINT ( 'NONE',  ( -36.52362188585566827, 8.662708330442825400, 26.53596457686149535 ) ) ;
#1354 = CARTESIAN_POINT ( 'NONE',  ( -7.343498260652733478, 93.84674226144029774, 22.58353732183341833 ) ) ;
#1355 = CARTESIAN_POINT ( 'NONE',  ( 38.48929013893319251, 4.660283300630903283E-17, 21.59839555758981788 ) ) ;
#1356 = CARTESIAN_POINT ( 'NONE',  ( 7.507217128035663656, 84.63351781078218039, -19.78767081115471882 ) ) ;
#1357 = CARTESIAN_POINT ( 'NONE',  ( -45.14567943541666040, 6.175624997109492753, 14.66872044838374123 ) ) ;
#1358 = CARTESIAN_POINT ( 'NONE',  ( -36.52362188585566116, 3.741458330442826163, -26.53596457686150600 ) ) ;
#1359 = CARTESIAN_POINT ( 'NONE',  ( 9.513584582469297048E-14, 4.879166666666665542, -43.99999999999998579 ) ) ;
#1360 = EDGE_LOOP ( 'NONE', ( #1565, #1820, #1096, #610 ) ) ;
#1361 = CARTESIAN_POINT ( 'NONE',  ( -3.443703464896552102, 91.68341298959225583, -23.94623041350695658 ) ) ;
#1362 = CARTESIAN_POINT ( 'NONE',  ( 27.90156433629465127, 2.577291663776159591, 38.40320870533926012 ) ) ;
#1363 = EDGE_CURVE ( 'NONE', #1889, #2431, #219, .T. ) ;
#1364 = DIRECTION ( 'NONE',  ( -0.000000000000000000, -1.000000000000000000, -0.000000000000000000 ) ) ;
#1365 = CARTESIAN_POINT ( 'NONE',  ( -27.19349550499536861, 0.8574999999999995959, -37.42863556748975640 ) ) ;
#1366 = CARTESIAN_POINT ( 'NONE',  ( -21.38806664569784033, -1.142017141409617562E-16, 39.62609315388402109 ) ) ;
#1367 = CARTESIAN_POINT ( 'NONE',  ( 27.19349550499537216, 10.48833332755231851, -37.42863556748975640 ) ) ;
#1368 = CARTESIAN_POINT ( 'NONE',  ( 35.59674775249768430, 8.794999999999998153, -25.86255110086881714 ) ) ;
#1369 = B_SPLINE_CURVE_WITH_KNOTS ( 'NONE', 3,
 ( #2293, #1460, #2845, #2026, #695, #3060, #1230, #2825, #1725, #2788, #395, #2584, #3380, #208 ),
 .UNSPECIFIED., .F., .F.,
 ( 4, 2, 2, 2, 2, 2, 4 ),
 ( 0.001855953710225179045, 0.003484787789302964175, 0.004299204828841859775, 0.005113621868380754942, 0.006742455947458576501, 0.007556872986997486413, 0.008371290026536398060 ),
 .UNSPECIFIED. ) ;
#1370 = CARTESIAN_POINT ( 'NONE',  ( 36.52362188585566116, 2.947708330442826874, 26.53596457686150956 ) ) ;
#1371 = FACE_OUTER_BOUND ( 'NONE', #1584, .T. ) ;
#1372 = CARTESIAN_POINT ( 'NONE',  ( -1.506282112521846628, 95.96231496009905015, 23.31391319757636893 ) ) ;
#1373 = CARTESIAN_POINT ( 'NONE',  ( 6.633774197745190726, 81.24120351147973906, -25.32161633754158814 ) ) ;
#1374 = CARTESIAN_POINT ( 'NONE',  ( -13.95078216814732563, 9.879791663776158472, -42.93609260962512764 ) ) ;
#1375 = CARTESIAN_POINT ( 'NONE',  ( 45.14567943541665329, 9.350624997109491687, -14.66872044838374300 ) ) ;
#1376 = CARTESIAN_POINT ( 'NONE',  ( -8.980112549807469572E-14, 6.995833333333332682, -43.99999999999998579 ) ) ;
#1377 = B_SPLINE_CURVE_WITH_KNOTS ( 'NONE', 3,
 ( #2176, #1909, #581, #1646, #2707, #320, #1754, #2054, #1771, #2818, #1243, #3372, #150, #1522, #705, #2924, #2593, #1050, #968, #425, #2002, #2036, #1471, #1222, #167, #949, #2543, #3103, #2120, #1206, #2321, #2303, #1488, #2836, #3087, #251 ),
 .UNSPECIFIED., .F., .F.,
 ( 4, 2, 2, 2, 2, 2, 2, 2, 2, 2, 2, 2, 2, 2, 2, 2, 2, 4 ),
 ( 0.006731715499461605849, 0.008398497625233491276, 0.01006527975100537757, 0.01173206187677726386, 0.01339884400254914842, 0.01506562612832103298, 0.01673240825409292101, 0.02006597250563671095, 0.02089936356852265323, 0.02173275463140858857, 0.02339953675718047660, 0.02506631888295235769, 0.02673310100872423878, 0.02839988313449612334, 0.03006666526026800443, 0.03090005632315392936, 0.03173344738603985082, 0.03340022951181172151 ),
 .UNSPECIFIED. ) ;
#1378 = ORIENTED_EDGE ( 'NONE', *, *, #1815, .T. ) ;
#1379 = CARTESIAN_POINT ( 'NONE',  ( -2.736848596295104130, 77.98250328440298063, -23.81905275304755065 ) ) ;
#1380 = CARTESIAN_POINT ( 'NONE',  ( 2.906636507328099785E-15, 3.423958330442825826, -47.46897651391099515 ) ) ;
#1381 = CARTESIAN_POINT ( 'NONE',  ( 27.19349550499537216, 8.884958333391141494, -37.42863556748975640 ) ) ;
#1382 = CARTESIAN_POINT ( 'NONE',  ( 27.19349550499536150, -0.2008333333333336690, 37.42863556748976350 ) ) ;
#1383 = CARTESIAN_POINT ( 'NONE',  ( 2.832873664143050884E-15, -1.470833333333333659, -46.26433786648375701 ) ) ;
#1384 = CARTESIAN_POINT ( 'NONE',  ( -8.498620992429152652E-15, 1.688291666724476059, 46.26433786648375701 ) ) ;
#1385 = CARTESIAN_POINT ( 'NONE',  ( 45.14567943541665329, 5.170208330442826572, 14.66872044838375899 ) ) ;
#1386 = CARTESIAN_POINT ( 'NONE',  ( -3.091060936646083057, 95.70995682841180496, 23.21355775933563947 ) ) ;
#1387 = CARTESIAN_POINT ( 'NONE',  ( 7.378813013988622771, 86.36574953690391965, -19.38151151413387296 ) ) ;
#1388 = CARTESIAN_POINT ( 'NONE',  ( -13.95078216814732563, -0.4389583362238397291, -42.93609260962512764 ) ) ;
#1389 = CARTESIAN_POINT ( 'NONE',  ( -8.719909521984299356E-15, 6.598958330442823872, 47.46897651391098805 ) ) ;
#1390 = CARTESIAN_POINT ( 'NONE',  ( 44.00000000000000000, 10.17083332755244740, 0.000000000000000000 ) ) ;
#1391 = ORIENTED_EDGE ( 'NONE', *, *, #2786, .F. ) ;
#1392 = CARTESIAN_POINT ( 'NONE',  ( 0.000000000000000000, 166.1713933409486970, 0.000000000000000000 ) ) ;
#1393 = CARTESIAN_POINT ( 'NONE',  ( 13.95078216814733096, 1.201458330442826572, -42.93609260962512053 ) ) ;
#1394 = EDGE_CURVE ( 'NONE', #229, #1029, #228, .T. ) ;
#1395 = CARTESIAN_POINT ( 'NONE',  ( 43.99999999999999289, 6.360833333333333783, 14.29646663424789210 ) ) ;
#1396 = CARTESIAN_POINT ( 'NONE',  ( 12.22837170444252486, 1.821307091399318341E-16, 42.85026607918595687 ) ) ;
#1397 = CARTESIAN_POINT ( 'NONE',  ( 44.00000000000000000, 0.1166666666666663910, 0.000000000000000000 ) ) ;
#1398 = CARTESIAN_POINT ( 'NONE',  ( 35.59674775249767720, 2.005791666724476840, 25.86255110086882425 ) ) ;
#1399 = CARTESIAN_POINT ( 'NONE',  ( -13.95078216814732563, 3.794374997109493552, -42.93609260962512764 ) ) ;
#1400 = CARTESIAN_POINT ( 'NONE',  ( 13.26125731240789385, 1.702490158871413362E-17, -42.01872022495386005 ) ) ;
#1401 = CARTESIAN_POINT ( 'NONE',  ( -11.74209029017926120, 83.95820779818637902, 22.69420978422951407 ) ) ;
#1402 = CARTESIAN_POINT ( 'NONE',  ( -0.7870787363947031601, 77.53423913541126922, -26.71620449271735609 ) ) ;
#1403 = CARTESIAN_POINT ( 'NONE',  ( 27.90156433629465837, 7.445624997109491439, -38.40320870533926012 ) ) ;
#1404 = CARTESIAN_POINT ( 'NONE',  ( 0.000000000000000000, -818.0277563773199745, 0.000000000000000000 ) ) ;
#1405 = CARTESIAN_POINT ( 'NONE',  ( 35.59674775249766299, 6.678333333333321242, -25.86255110086880649 ) ) ;
#1406 = VERTEX_POINT ( 'NONE', #1819 ) ;
#1407 = CARTESIAN_POINT ( 'NONE',  ( 3.978655403989035833, 91.39944796913879088, -23.93800082937752904 ) ) ;
#1408 = CARTESIAN_POINT ( 'NONE',  ( -8.719909521984299356E-15, 2.365624997109492700, 47.46897651391099515 ) ) ;
#1409 = CARTESIAN_POINT ( 'NONE',  ( -27.19349550499536861, 7.207499999999998685, -37.42863556748975640 ) ) ;
#1410 = CARTESIAN_POINT ( 'NONE',  ( -1.586876054473617348, 77.65893883396800845, 26.66058219459056033 ) ) ;
#1411 = CARTESIAN_POINT ( 'NONE',  ( -44.00000000000000000, 7.524999999999998579, -5.388445916248353619E-15 ) ) ;
#1412 = PRODUCT_DEFINITION_CONTEXT ( 'detailed design', #2222, 'design' ) ;
#1413 = AXIS2_PLACEMENT_3D ( 'NONE', #2251, #3317, #914 ) ;
#1414 = CARTESIAN_POINT ( 'NONE',  ( 27.19349550499537216, -1.698374999942189989, -37.42863556748975640 ) ) ;
#1415 = CARTESIAN_POINT ( 'NONE',  ( -35.59674775249768430, 2.974166660885653179, 25.86255110086881004 ) ) ;
#1416 = CARTESIAN_POINT ( 'NONE',  ( 0.000000000000000000, 168.2030292472766462, 0.000000000000000000 ) ) ;
#1417 = CARTESIAN_POINT ( 'NONE',  ( -7.458006434739480994, 85.83055947217800963, 19.47737383107568476 ) ) ;
#1418 = CARTESIAN_POINT ( 'NONE',  ( 0.1024265079893746516, 77.49642217912077058, -24.23300757308161124 ) ) ;
#1419 =( BOUNDED_CURVE ( )  B_SPLINE_CURVE ( 2, ( #709, #1831, #1264, #2076, #1527, #3377, #481, #973, #1492, #3432, #1814, #2581, #2378 ),
 .UNSPECIFIED., .F., .F. ) 
 B_SPLINE_CURVE_WITH_KNOTS ( ( 3, 2, 2, 2, 2, 2, 3 ),
 ( 0.9153078979996533970, 0.9291550692190213567, 0.9568494116577574982, 0.9845437540964936396, 1.012238096535229781, 1.039932438973965922, 1.053779610193334104 ),
 .UNSPECIFIED. ) 
 CURVE ( )  GEOMETRIC_REPRESENTATION_ITEM ( )  RATIONAL_B_SPLINE_CURVE ( ( 0.9755282581475768211, 0.9755282581475769321, 1.000000000000000000, 0.9510565162951535312, 1.000000000000000000, 0.9510565162951535312, 1.000000000000000000, 0.9510565162951535312, 1.000000000000000000, 0.9510565162951535312, 1.000000000000000000, 0.9755282581475765991, 0.9755282581475768211 ) ) 
 REPRESENTATION_ITEM ( '' )  );
#1420 = CARTESIAN_POINT ( 'NONE',  ( -7.365237851295569627, 86.46391831222572932, 19.36315493774109697 ) ) ;
#1421 = LINE ( 'NONE', #2235, #731 ) ;
#1422 = DIRECTION ( 'NONE',  ( -0.4205859752976399135, -0.4999999999999955036, 0.7570385970232543782 ) ) ;
#1423 = CYLINDRICAL_SURFACE ( 'NONE', #3116, 44.00000000000000000 ) ;
#1424 = VERTEX_POINT ( 'NONE', #1624 ) ;
#1425 = CARTESIAN_POINT ( 'NONE',  ( 7.477215385391068558, 84.32874423824453913, -19.89828304469705245 ) ) ;
#1426 = CARTESIAN_POINT ( 'NONE',  ( 44.00000000000000000, 3.820833327552319858, 0.000000000000000000 ) ) ;
#1427 = CARTESIAN_POINT ( 'NONE',  ( 36.52362188585566827, 0.9897916637761602354, -26.53596457686149890 ) ) ;
#1428 = CARTESIAN_POINT ( 'NONE',  ( 43.99999999999999289, 8.477499999999999147, 14.29646663424789210 ) ) ;
#1429 = CARTESIAN_POINT ( 'NONE',  ( 7.141285054192994863, 82.27640857176211853, 25.04307649565118155 ) ) ;
#1430 = AXIS2_PLACEMENT_3D ( 'NONE', #2286, #880, #86 ) ;
#1431 = CARTESIAN_POINT ( 'NONE',  ( -44.00000000000000000, 5.498291666724475668, 14.29646663424786901 ) ) ;
#1432 = ORIENTED_EDGE ( 'NONE', *, *, #576, .F. ) ;
#1433 = CARTESIAN_POINT ( 'NONE',  ( 35.59674775249768430, 4.032499994218986750, -25.86255110086881714 ) ) ;
#1434 = CARTESIAN_POINT ( 'NONE',  ( -8.387575188564166950, -2.575961858425810759E-17, -43.52292019825154767 ) ) ;
#1435 = CARTESIAN_POINT ( 'NONE',  ( -6.743087327284347232, 81.43817147685884095, 25.26411954777649527 ) ) ;
#1436 = CARTESIAN_POINT ( 'NONE',  ( -2.363181333997053546, 77.87777818631774096, -23.90774400310661463 ) ) ;
#1437 = CARTESIAN_POINT ( 'NONE',  ( 4.004192777724164820, 91.35248115979204897, 19.91848823317711137 ) ) ;
#1438 = CARTESIAN_POINT ( 'NONE',  ( 27.90156433629465127, 6.810624997109491652, 38.40320870533926723 ) ) ;
#1439 = CARTESIAN_POINT ( 'NONE',  ( -10.09838958209893711, 91.19167574867016413, -22.02924048143470870 ) ) ;
#1440 = CARTESIAN_POINT ( 'NONE',  ( -45.14567943541666040, 6.440208330442826146, 14.66872044838374300 ) ) ;
#1441 = ORIENTED_EDGE ( 'NONE', *, *, #267, .T. ) ;
#1442 = B_SPLINE_CURVE_WITH_KNOTS ( 'NONE', 3,
 ( #513, #3444, #2070, #722, #2336, #2390, #1036, #1019, #1538, #2609, #494, #1790, #3427, #3390, #1003, #3123, #3407, #2087, #3160, #3143, #3462, #1052, #754, #200, #2591, #1826, #2891, #1557, #2104, #3179, #769, #1841, #1574, #3194, #2643, #786, #1489, #2560, #3335, #2021, #151, #690, #2304, #1155, #2749, #622, #2492, #1686 ),
 .UNSPECIFIED., .F., .F.,
 ( 4, 2, 2, 2, 2, 2, 2, 2, 2, 2, 2, 2, 2, 2, 2, 2, 2, 2, 2, 2, 2, 2, 2, 4 ),
 ( 0.03594070439208393863, 0.03778429085535120469, 0.03870608408698484465, 0.03962787731861849155, 0.04147146378188574373, 0.04239325701351936981, 0.04331505024515299590, 0.04515863670842021338, 0.04608042994005384640, 0.04700222317168747249, 0.04884580963495468997, 0.04976760286658828136, 0.05068939609822186582, 0.05253298256148907636, 0.05437656902475628690, 0.05622015548802350438, 0.05714194871965710271, 0.05806374195129070798, 0.05990732841455792546, 0.06082912164619152379, 0.06175091487782512212, 0.06359450134109233266, 0.06451629457272592405, 0.06543808780435951544 ),
 .UNSPECIFIED. ) ;
#1443 = EDGE_CURVE ( 'NONE', #1424, #3025, #2623, .T. ) ;
#1444 = CARTESIAN_POINT ( 'NONE',  ( 5.631085465801580980, 94.83790881818336516, -22.89176110465665914 ) ) ;
#1445 = CARTESIAN_POINT ( 'NONE',  ( 43.99999999999999289, 3.926666660885653748, -14.29646663424787256 ) ) ;
#1446 = CARTESIAN_POINT ( 'NONE',  ( 8.878486707765610424E-08, 2.233333326866592472, -44.00000000000000000 ) ) ;
#1447 = CARTESIAN_POINT ( 'NONE',  ( 2.832873664143050884E-15, 9.112500000000000711, -46.26433786648375701 ) ) ;
#1448 = CARTESIAN_POINT ( 'NONE',  ( -0.5731692530235438232, 77.51771534491639670, 24.21463539310717294 ) ) ;
#1449 = CARTESIAN_POINT ( 'NONE',  ( 13.59674775249767720, 3.910791666724476201, 41.84648671698676026 ) ) ;
#1450 = CONICAL_SURFACE ( 'NONE', #1732, 666.6666666666667425, 0.5880026035475676149 ) ;
#1451 = CARTESIAN_POINT ( 'NONE',  ( 13.59674775249768608, 0.01083332755232041360, -41.84648671698675315 ) ) ;
#1452 = CARTESIAN_POINT ( 'NONE',  ( 2.080833423343217969, 92.21687836970988883, 23.97122015913367932 ) ) ;
#1453 = CARTESIAN_POINT ( 'NONE',  ( -7.608438563111011632, 85.13195353337961535, 24.59132222123015765 ) ) ;
#1454 = CARTESIAN_POINT ( 'NONE',  ( -1.086751441915730920, 77.57094196209962433, -26.69975656982136769 ) ) ;
#1455 = DIRECTION ( 'NONE',  ( -0.000000000000000000, -1.000000000000000000, -0.000000000000000000 ) ) ;
#1456 = LINE ( 'NONE', #989, #2974 ) ;
#1457 = DIRECTION ( 'NONE',  ( 0.000000000000000000, 0.000000000000000000, -1.000000000000000000 ) ) ;
#1458 = CARTESIAN_POINT ( 'NONE',  ( -36.52362188585566827, 6.546041663776160036, 26.53596457686149535 ) ) ;
#1459 = ORIENTED_EDGE ( 'NONE', *, *, #1917, .F. ) ;
#1460 = CARTESIAN_POINT ( 'NONE',  ( -5.660565021964010235, 80.05601825911745095, 22.21084528231545363 ) ) ;
#1461 = CARTESIAN_POINT ( 'NONE',  ( 43.99999999999999289, 8.159999994218985364, -14.29646663424787256 ) ) ;
#1462 = CARTESIAN_POINT ( 'NONE',  ( 43.99999999999998579, 1.809999994218986830, -14.29646663424787434 ) ) ;
#1463 = CARTESIAN_POINT ( 'NONE',  ( 35.59674775249767720, 8.371666666666666146, 25.86255110086882425 ) ) ;
#1464 = CARTESIAN_POINT ( 'NONE',  ( 36.52362188585566116, 5.064374997109492682, 26.53596457686150956 ) ) ;
#1465 = CARTESIAN_POINT ( 'NONE',  ( 2.389566181991130023, 77.88652978883496303, 23.90043918901193720 ) ) ;
#1466 = CARTESIAN_POINT ( 'NONE',  ( -44.00000000000000000, 7.614958333391141920, 14.29646663424786901 ) ) ;
#1467 = CARTESIAN_POINT ( 'NONE',  ( 35.59674775249768430, 1.915833327552320275, -25.86255110086881714 ) ) ;
#1468 = CARTESIAN_POINT ( 'NONE',  ( -8.980112549807469572E-14, 6.995833333333332682, -43.99999999999998579 ) ) ;
#1469 = CARTESIAN_POINT ( 'NONE',  ( -7.425893551138295301, 86.08124262204225374, 19.42876193253810513 ) ) ;
#1470 = CARTESIAN_POINT ( 'NONE',  ( -2.191100246861021006, 75.21638924488112821, -27.06293732043146605 ) ) ;
#1471 = CARTESIAN_POINT ( 'NONE',  ( 11.87676262583012488, 84.91809952013987584, 22.42571792155840882 ) ) ;
#1472 = CARTESIAN_POINT ( 'NONE',  ( 0.000000000000000000, 170.0000000000000000, 0.000000000000000000 ) ) ;
#1473 = CARTESIAN_POINT ( 'NONE',  ( 6.107975551406415349, 80.63396295931904945, 21.81441444970633370 ) ) ;
#1474 = DIRECTION ( 'NONE',  ( -0.6611782216402609658, 0.6650658466799972413, -0.3471754294422926823 ) ) ;
#1475 = CARTESIAN_POINT ( 'NONE',  ( 13.95078216814733096, 7.816041663776158721, -42.93609260962512053 ) ) ;
#1476 = ORIENTED_EDGE ( 'NONE', *, *, #369, .F. ) ;
#1477 = CARTESIAN_POINT ( 'NONE',  ( 35.59674775249766299, 2.021666666666648737, 25.86255110086881004 ) ) ;
#1478 = CARTESIAN_POINT ( 'NONE',  ( -35.59674775249768430, 2.974166660885653179, 25.86255110086881004 ) ) ;
#1479 = DIRECTION ( 'NONE',  ( -0.000000000000000000, -1.000000000000000000, -0.000000000000000000 ) ) ;
#1480 = CARTESIAN_POINT ( 'NONE',  ( -44.00000000000000000, 3.397499999999999076, 14.29646663424786901 ) ) ;
#1481 = CARTESIAN_POINT ( 'NONE',  ( -45.14567943541665329, -0.1214583362238397385, -14.66872044838375189 ) ) ;
#1482 = CARTESIAN_POINT ( 'NONE',  ( 0.6835225730979379577, 75.03319539719646514, 27.18503447707496790 ) ) ;
#1483 = ADVANCED_FACE ( 'NONE', ( #25 ), #1053, .T. ) ;
#1484 = CARTESIAN_POINT ( 'NONE',  ( -43.99999999999999289, 0.5399999942189867008, -14.29646663424788144 ) ) ;
#1485 = CARTESIAN_POINT ( 'NONE',  ( 2.049330319473505746, 92.21891131516318296, 20.26638149976324144 ) ) ;
#1486 = CARTESIAN_POINT ( 'NONE',  ( -3.820444987912835710, 75.58226969936484352, 26.82112184718936732 ) ) ;
#1487 = CARTESIAN_POINT ( 'NONE',  ( 7.280843257718722761, 86.86100464445613056, 19.31097506161328425 ) ) ;
#1488 = CARTESIAN_POINT ( 'NONE',  ( 9.956104963042340827, 91.36138748365281970, 22.05719898796535361 ) ) ;
#1489 = CARTESIAN_POINT ( 'NONE',  ( 5.849613037928280690, 76.40621780679410335, -26.29437903208784277 ) ) ;
#1490 = CARTESIAN_POINT ( 'NONE',  ( -7.422083235338038598, 83.20138537513619781, -24.84790134204230938 ) ) ;
#1491 = CARTESIAN_POINT ( 'NONE',  ( 6.483912211638545031, 81.21469588950357377, 21.43953318637815997 ) ) ;
#1492 = CARTESIAN_POINT ( 'NONE',  ( -35.59674775249767720, 7.736666666666658365, 25.86255110086880293 ) ) ;
#1493 = CARTESIAN_POINT ( 'NONE',  ( -6.634451141094644733, 88.51350748803943702, -19.29536848111231251 ) ) ;
#1494 = FACE_OUTER_BOUND ( 'NONE', #1549, .T. ) ;
#1495 = CARTESIAN_POINT ( 'NONE',  ( 27.19349550499536150, 5.619999994218986217, 37.42863556748976350 ) ) ;
#1496 = CARTESIAN_POINT ( 'NONE',  ( 27.90156433629465837, 9.562291663776157691, -38.40320870533925302 ) ) ;
#1497 = CARTESIAN_POINT ( 'NONE',  ( 2.832873664143050884E-15, 2.762499999999998845, -46.26433786648375701 ) ) ;
#1498 = CIRCLE ( 'NONE', #2231, 44.00000000000000000 ) ;
#1499 = EDGE_CURVE ( 'NONE', #2431, #579, #1788, .T. ) ;
#1500 = CARTESIAN_POINT ( 'NONE',  ( 45.14567943541666040, 3.159374997109493322, 0.000000000000000000 ) ) ;
#1501 = CARTESIAN_POINT ( 'NONE',  ( 7.613217622117642414, 85.02418826631287629, 24.60010574821529516 ) ) ;
#1502 = CARTESIAN_POINT ( 'NONE',  ( 43.99999999999999289, 5.831666660885653108, 14.29646663424789210 ) ) ;
#1503 = CARTESIAN_POINT ( 'NONE',  ( -44.52234743347221269, -5.723707775708471818E-17, 8.045143801581724929 ) ) ;
#1504 = CARTESIAN_POINT ( 'NONE',  ( -4.615381741848829655, 79.03076117461212391, -26.08758595851474738 ) ) ;
#1505 = CARTESIAN_POINT ( 'NONE',  ( 43.99999999999996447, 4.455833333333314883, -14.29646663424786368 ) ) ;
#1506 = CARTESIAN_POINT ( 'NONE',  ( 35.59674775249767720, 5.725833327552320107, 25.86255110086882425 ) ) ;
#1507 = CARTESIAN_POINT ( 'NONE',  ( -6.836427045560969695, 81.90671020581464745, -21.02798264317626575 ) ) ;
#1508 = DIRECTION ( 'NONE',  ( 0.4205859752976399135, -0.4999999999999955036, -0.7570385970232543782 ) ) ;
#1509 = CARTESIAN_POINT ( 'NONE',  ( 4.761787812724885605, 90.81608382147717862, -19.73526158056982283 ) ) ;
#1510 = ORIENTED_EDGE ( 'NONE', *, *, #931, .F. ) ;
#1511 = CARTESIAN_POINT ( 'NONE',  ( 27.90156433629465837, 1.095624997109493570, -38.40320870533926012 ) ) ;
#1512 = EDGE_CURVE ( 'NONE', #1303, #3009, #803, .T. ) ;
#1513 = CIRCLE ( 'NONE', #3080, 44.00000000000000000 ) ;
#1514 = CARTESIAN_POINT ( 'NONE',  ( 44.00000000000000711, 8.689166666666672256, -14.29646663424787612 ) ) ;
#1515 = CARTESIAN_POINT ( 'NONE',  ( 43.99999999999999289, 1.809999994218986830, -14.29646663424787256 ) ) ;
#1516 = CARTESIAN_POINT ( 'NONE',  ( 45.14567943541666040, 9.244791663776156909, 0.000000000000000000 ) ) ;
#1517 = CARTESIAN_POINT ( 'NONE',  ( 36.52362188585566827, 3.371041663776159769, -26.53596457686149890 ) ) ;
#1518 = CARTESIAN_POINT ( 'NONE',  ( 7.485249909770898213, 84.46905072409592208, 19.85153353443351421 ) ) ;
#1519 = ORIENTED_EDGE ( 'NONE', *, *, #19, .F. ) ;
#1520 = CARTESIAN_POINT ( 'NONE',  ( 35.59674775249768430, 10.38249999421898728, -25.86255110086881714 ) ) ;
#1521 = CARTESIAN_POINT ( 'NONE',  ( 6.098671488799189078, 89.40145005535251244, 24.05528140809704496 ) ) ;
#1522 = CARTESIAN_POINT ( 'NONE',  ( 9.508741580864350951, 79.22629564684514492, 24.65949796687761975 ) ) ;
#1523 = CARTESIAN_POINT ( 'NONE',  ( -8.719909521984299356E-15, 0.5135416637761601732, 47.46897651391098805 ) ) ;
#1524 = CARTESIAN_POINT ( 'NONE',  ( -7.442442467277966323, 83.95236318159206235, -20.03243660350624111 ) ) ;
#1525 = CARTESIAN_POINT ( 'NONE',  ( 1.644228247582122910E-11, 75.03909122581700331, -27.18109142242854759 ) ) ;
#1526 = CARTESIAN_POINT ( 'NONE',  ( -35.59674775249767720, 2.550833327552320284, -25.86255110086882070 ) ) ;
#1527 = CARTESIAN_POINT ( 'NONE',  ( -35.59674775249767009, 7.313333333333325470, -25.86255110086881359 ) ) ;
#1528 = DIRECTION ( 'NONE',  ( 0.8177877301195703996, -0.4995771418083310156, -0.2857374806505081355 ) ) ;
#1529 = CARTESIAN_POINT ( 'NONE',  ( -45.14567943541665329, -0.3860416695571731727, -14.66872044838375189 ) ) ;
#1530 = AXIS2_PLACEMENT_3D ( 'NONE', #2909, #2372, #2352 ) ;
#1531 = CARTESIAN_POINT ( 'NONE',  ( -13.95078216814732563, -0.7035416695571732326, -42.93609260962512764 ) ) ;
#1532 = CARTESIAN_POINT ( 'NONE',  ( 6.968915374279689878, 9.058255885362921589, -43.99999999999998579 ) ) ;
#1533 = EDGE_LOOP ( 'NONE', ( #1625, #593, #1643 ) ) ;
#1534 = CARTESIAN_POINT ( 'NONE',  ( -8.719909521984299356E-15, 2.630208330442826981, 47.46897651391099515 ) ) ;
#1535 = CARTESIAN_POINT ( 'NONE',  ( 13.95078216814733096, 5.699374997109493357, -42.93609260962512053 ) ) ;
#1536 = CARTESIAN_POINT ( 'NONE',  ( 7.483694188794059343, 85.69972211884207525, 19.49613197670636566 ) ) ;
#1537 = CARTESIAN_POINT ( 'NONE',  ( -8.498620992429152652E-15, 5.408333327552320213, 46.26433786648375701 ) ) ;
#1538 = CARTESIAN_POINT ( 'NONE',  ( 9.992431259246991715, 91.33718635561552901, -22.04735453059380745 ) ) ;
#1539 = CARTESIAN_POINT ( 'NONE',  ( 45.14567943541665329, 0.9368749971094934015, 14.66872044838375899 ) ) ;
#1540 = CARTESIAN_POINT ( 'NONE',  ( -7.557607900648428689, 83.91016522932558530, -24.72813744571385186 ) ) ;
#1541 = CARTESIAN_POINT ( 'NONE',  ( 5.024409928214921273, 95.08195376187951808, 22.97991225651566793 ) ) ;
#1542 = CARTESIAN_POINT ( 'NONE',  ( 11.71846684966837771, 87.45114057745340119, -21.98584025564156619 ) ) ;
#1543 = DIRECTION ( 'NONE',  ( 0.5213117049649976797, 0.8533663376689329949, 0.000000000000000000 ) ) ;
#1544 = CARTESIAN_POINT ( 'NONE',  ( -45.14567943541666040, 1.836458330442826803, -5.528751181591550879E-15 ) ) ;
#1545 = EDGE_CURVE ( 'NONE', #651, #2059, #1640, .T. ) ;
#1546 = ORIENTED_EDGE ( 'NONE', *, *, #995, .T. ) ;
#1547 = CARTESIAN_POINT ( 'NONE',  ( 27.90156433629465127, 0.4606249971094932283, 38.40320870533926723 ) ) ;
#1548 = DIRECTION ( 'NONE',  ( -0.000000000000000000, -1.000000000000000000, -0.000000000000000000 ) ) ;
#1549 = EDGE_LOOP ( 'NONE', ( #46, #2884, #1816, #1742, #679 ) ) ;
#1550 = CARTESIAN_POINT ( 'NONE',  ( -8.374990316408821300, 78.13626565246035227, 25.26331849869763602 ) ) ;
#1551 = CARTESIAN_POINT ( 'NONE',  ( -27.90156433629466548, 0.3018749971094934481, 38.40320870533924591 ) ) ;
#1552 = EDGE_CURVE ( 'NONE', #1112, #1962, #828, .T. ) ;
#1553 = CARTESIAN_POINT ( 'NONE',  ( -0.1791379700081623394, 96.04378241214774903, -23.34690992042603241 ) ) ;
#1554 = CARTESIAN_POINT ( 'NONE',  ( 13.95078216814732031, 0.3547916637761600600, 42.93609260962512764 ) ) ;
#1555 = CARTESIAN_POINT ( 'NONE',  ( 2.832873664143050884E-15, 8.583333327552322700, -46.26433786648375701 ) ) ;
#1556 = CARTESIAN_POINT ( 'NONE',  ( 7.499999999999998224, 85.46559865980250947, 19.55185323037506961 ) ) ;
#1557 = CARTESIAN_POINT ( 'NONE',  ( 10.16599701151399771, 80.14062625573015453, -24.20342138080156147 ) ) ;
#1558 = CARTESIAN_POINT ( 'NONE',  ( -45.14567943541665329, 1.995208330442826750, -14.66872044838375189 ) ) ;
#1559 = CARTESIAN_POINT ( 'NONE',  ( -6.511478540243420987, 81.07080772114507283, -25.37611202689524603 ) ) ;
#1560 = CARTESIAN_POINT ( 'NONE',  ( 0.000000000000000000, 10.00000000000000000, 0.000000000000000000 ) ) ;
#1561 = CARTESIAN_POINT ( 'NONE',  ( 7.124235270956812194, 93.99312261033286120, 22.62611779207725249 ) ) ;
#1562 = CARTESIAN_POINT ( 'NONE',  ( 6.404132858280462415, 88.93523899110796549, -19.33120769851762333 ) ) ;
#1563 = ORIENTED_EDGE ( 'NONE', *, *, #254, .F. ) ;
#1564 = CARTESIAN_POINT ( 'NONE',  ( 2.906636507328100180E-15, -0.8093750028905064564, -47.46897651391098805 ) ) ;
#1565 = ORIENTED_EDGE ( 'NONE', *, *, #1917, .T. ) ;
#1566 = CARTESIAN_POINT ( 'NONE',  ( -45.14567943541665329, -0.3860416695571731727, -14.66872044838375189 ) ) ;
#1567 = CARTESIAN_POINT ( 'NONE',  ( 5.635701659502255545, 89.95888962856156468, -19.51104332321634871 ) ) ;
#1568 = ORIENTED_EDGE ( 'NONE', *, *, #2928, .T. ) ;
#1569 = CARTESIAN_POINT ( 'NONE',  ( -11.81159808502443553, 84.41361616012422076, 22.56420384056209372 ) ) ;
#1570 = CARTESIAN_POINT ( 'NONE',  ( -36.52362188585566116, 1.889374997109493304, -26.53596457686150600 ) ) ;
#1571 = CARTESIAN_POINT ( 'NONE',  ( -3.730507491439633228, 95.52609641571257271, -23.14302966527101191 ) ) ;
#1572 = CARTESIAN_POINT ( 'NONE',  ( -36.52362188585566827, 8.662708330442825400, 26.53596457686149535 ) ) ;
#1573 = CARTESIAN_POINT ( 'NONE',  ( -35.59674775249767720, -1.153333333333333544, -25.86255110086882070 ) ) ;
#1574 = CARTESIAN_POINT ( 'NONE',  ( 7.807379714837817453, 77.65899603960622244, -25.53688989675996979 ) ) ;
#1575 = CARTESIAN_POINT ( 'NONE',  ( 13.95078216814733096, 1.466041663776160187, -42.93609260962512053 ) ) ;
#1576 = CARTESIAN_POINT ( 'NONE',  ( -10.22094555002909999, 90.99528479618341237, 22.00985052717649282 ) ) ;
#1577 = CARTESIAN_POINT ( 'NONE',  ( -27.19349550499536861, 2.444999994218986838, -37.42863556748975640 ) ) ;
#1578 = CARTESIAN_POINT ( 'NONE',  ( 5.351894891220387862, 79.74048956158709700, -22.44046356851531954 ) ) ;
#1579 = CARTESIAN_POINT ( 'NONE',  ( -10.66830086659954802, 90.26973906238384870, 21.94340114204412373 ) ) ;
#1580 = CARTESIAN_POINT ( 'NONE',  ( 36.52362188585566827, 3.106458330442826377, -26.53596457686149890 ) ) ;
#1581 = ORIENTED_EDGE ( 'NONE', *, *, #1608, .T. ) ;
#1582 = CARTESIAN_POINT ( 'NONE',  ( 45.14567943541665329, 0.8839583304428265675, -14.66872044838374300 ) ) ;
#1583 = CARTESIAN_POINT ( 'NONE',  ( 5.842096631837641496, 89.71390331600915147, -19.45895346058449249 ) ) ;
#1584 = EDGE_LOOP ( 'NONE', ( #2133, #1510, #3135, #1143, #155, #505, #1546, #2153, #2734, #817 ) ) ;
#1585 = ORIENTED_EDGE ( 'NONE', *, *, #1626, .T. ) ;
#1586 = CARTESIAN_POINT ( 'NONE',  ( 27.90156433629465127, 0.7252083304428267319, 38.40320870533926012 ) ) ;
#1587 = CARTESIAN_POINT ( 'NONE',  ( -4.589261650889421063, 90.96444762627623959, -23.94178122074805870 ) ) ;
#1588 = CARTESIAN_POINT ( 'NONE',  ( -13.95078216814733629, 6.757708330442826039, 42.93609260962512053 ) ) ;
#1589 = CARTESIAN_POINT ( 'NONE',  ( 9.513584582469297048E-14, 4.879166666666665542, -43.99999999999998579 ) ) ;
#1590 = CARTESIAN_POINT ( 'NONE',  ( -8.498620992429152652E-15, 3.820833333333331527, 46.26433786648375701 ) ) ;
#1591 = CARTESIAN_POINT ( 'NONE',  ( 5.764682881682336557, 89.80428293796283867, 19.47856290830016945 ) ) ;
#1592 = EDGE_CURVE ( 'NONE', #1803, #561, #1642, .T. ) ;
#1593 = CARTESIAN_POINT ( 'NONE',  ( 43.99999999999999289, 0.2224999999999996148, -14.29646663424787256 ) ) ;
#1594 = AXIS2_PLACEMENT_3D ( 'NONE', #456, #2608, #688 ) ;
#1595 = CARTESIAN_POINT ( 'NONE',  ( -13.95078216814732563, 8.027708330442825613, -42.93609260962512764 ) ) ;
#1596 = CARTESIAN_POINT ( 'NONE',  ( -6.032554120710946322, 94.62271582598435771, 22.82257991195230673 ) ) ;
#1597 = CARTESIAN_POINT ( 'NONE',  ( 1.696016199344990106E-06, 3.291882592272202590, 43.99999999999993605 ) ) ;
#1598 = CARTESIAN_POINT ( 'NONE',  ( 7.420223660132853283, 86.11945900128330322, -19.42189326557563334 ) ) ;
#1599 = CARTESIAN_POINT ( 'NONE',  ( -1.111222280439465804, 95.99695463976236454, 23.32791192838963923 ) ) ;
#1600 = CARTESIAN_POINT ( 'NONE',  ( 2.906636507328100180E-15, 9.773958330442823694, -47.46897651391098805 ) ) ;
#1601 = CARTESIAN_POINT ( 'NONE',  ( -13.95078216814733629, 0.1431249971094933904, 42.93609260962512053 ) ) ;
#1602 = CARTESIAN_POINT ( 'NONE',  ( 4.973699456285377352, 90.64970723942698783, -19.68064913118929127 ) ) ;
#1603 = VERTEX_POINT ( 'NONE', #1656 ) ;
#1604 = CARTESIAN_POINT ( 'NONE',  ( -27.90156433629465482, 3.900208330442826554, -38.40320870533925302 ) ) ;
#1605 = VECTOR ( 'NONE', #357, 1000.000000000000000 ) ;
#1606 = CARTESIAN_POINT ( 'NONE',  ( -0.8625021515357379487, 92.46707172699410648, -20.37855138908620489 ) ) ;
#1607 = CARTESIAN_POINT ( 'NONE',  ( 13.95078216814732031, 9.086041663776159183, 42.93609260962512764 ) ) ;
#1608 = EDGE_CURVE ( 'NONE', #3009, #3273, #2203, .T. ) ;
#1609 = CYLINDRICAL_SURFACE ( 'NONE', #785, 7.500000000000003553 ) ;
#1610 = EDGE_CURVE ( 'NONE', #3400, #627, #1498, .T. ) ;
#1611 = CARTESIAN_POINT ( 'NONE',  ( 35.59674775249768430, -1.788333333333333330, -25.86255110086881714 ) ) ;
#1612 = CARTESIAN_POINT ( 'NONE',  ( -5.318823596841179224, 79.71226744760238603, 22.46206637671761186 ) ) ;
#1613 = UNCERTAINTY_MEASURE_WITH_UNIT (LENGTH_MEASURE( 1.000000000000000082E-05 ), #739, 'distance_accuracy_value', 'NONE');
#1614 = CARTESIAN_POINT ( 'NONE',  ( 35.59674775249767720, 2.021666666666666501, 25.86255110086882425 ) ) ;
#1615 = CARTESIAN_POINT ( 'NONE',  ( -44.00000000000000000, -0.9575416666088566453, -5.388445916248353619E-15 ) ) ;
#1616 = AXIS2_PLACEMENT_3D ( 'NONE', #976, #2275, #919 ) ;
#1617 = CARTESIAN_POINT ( 'NONE',  ( -36.52362188585566827, 4.429374997109492895, 26.53596457686149535 ) ) ;
#1618 = CARTESIAN_POINT ( 'NONE',  ( -0.5063635645572487354, 92.48880986572123675, 23.99058236258287735 ) ) ;
#1619 = CARTESIAN_POINT ( 'NONE',  ( 40.79979724382450001, -1.076399430050654659E-16, 16.63956594023360935 ) ) ;
#1620 = CARTESIAN_POINT ( 'NONE',  ( 11.88652301369180897, 86.06025222570693245, -22.18405186754812419 ) ) ;
#1621 = CARTESIAN_POINT ( 'NONE',  ( -11.17045013040412904, 89.27201448068167622, 21.89763297006930998 ) ) ;
#1622 = CARTESIAN_POINT ( 'NONE',  ( -45.14567943541666040, 10.30312499710949226, -5.528751181591550879E-15 ) ) ;
#1623 = CARTESIAN_POINT ( 'NONE',  ( 45.14567943541665329, 2.788958330442826039, 14.66872044838375899 ) ) ;
#1624 = CARTESIAN_POINT ( 'NONE',  ( 7.500000000000003553, 85.00000000000000000, -19.68680216366898250 ) ) ;
#1625 = ORIENTED_EDGE ( 'NONE', *, *, #3095, .F. ) ;
#1626 = EDGE_CURVE ( 'NONE', #107, #2917, #1109, .T. ) ;
#1627 = CARTESIAN_POINT ( 'NONE',  ( 0.2255294936320885735, 96.04323878513785928, -23.34668708993914521 ) ) ;
#1628 = CARTESIAN_POINT ( 'NONE',  ( -27.90156433629465482, 5.752291663776159858, -38.40320870533925302 ) ) ;
#1629 = MANIFOLD_SOLID_BREP ( 'Fillet1', #346 ) ;
#1630 = CARTESIAN_POINT ( 'NONE',  ( -44.00000000000000000, 9.731625000057807284, 14.29646663424786901 ) ) ;
#1631 = CARTESIAN_POINT ( 'NONE',  ( -43.99999999999999289, 1.069166666666666377, -14.29646663424788144 ) ) ;
#1632 = CARTESIAN_POINT ( 'NONE',  ( -3.188642800846767766, 78.20712528352969173, 23.63337595564442140 ) ) ;
#1633 = CARTESIAN_POINT ( 'NONE',  ( -13.59674775249768075, 10.80583332755231929, -41.84648671698676026 ) ) ;
#1634 = CARTESIAN_POINT ( 'NONE',  ( -8.498620992429152652E-15, 8.054166666666665364, 46.26433786648375701 ) ) ;
#1635 = CARTESIAN_POINT ( 'NONE',  ( -45.14567943541666040, 4.323541663776159893, 14.66872044838374123 ) ) ;
#1636 = CARTESIAN_POINT ( 'NONE',  ( 2.952168261419954785E-05, 8.583333092788844709, -43.99999999999009503 ) ) ;
#1637 = CARTESIAN_POINT ( 'NONE',  ( -3.101958463882730221, 91.83306081362401585, 20.10327093974957080 ) ) ;
#1638 = CARTESIAN_POINT ( 'NONE',  ( 9.185822969261181470, 78.90108818064226170, -24.83744981209167335 ) ) ;
#1639 = CARTESIAN_POINT ( 'NONE',  ( 36.52362188585566827, -0.8622916695571729573, -26.53596457686149890 ) ) ;
#1640 =( BOUNDED_CURVE ( )  B_SPLINE_CURVE ( 2, ( #3285, #1938, #883, #361, #1922, #1953, #314, #2170, #3039, #2718, #3023 ),
 .UNSPECIFIED., .F., .T. ) 
 B_SPLINE_CURVE_WITH_KNOTS ( ( 3, 2, 2, 2, 2, 3 ),
 ( 1.192246734130303798, 1.206107139657457417, 1.233827950711764654, 1.261548761766071669, 1.289269572820378906, 1.308402816617400877 ),
 .UNSPECIFIED. ) 
 CURVE ( )  GEOMETRIC_REPRESENTATION_ITEM ( )  RATIONAL_B_SPLINE_CURVE ( ( 0.9755282581475767101, 0.9755282581475763770, 1.000000000000000000, 0.9510565162951535312, 1.000000000000000000, 0.9510565162951535312, 1.000000000000000000, 0.9510565162951535312, 1.000000000000000000, 0.9662186072346212740, 0.9790698777283876053 ) ) 
 REPRESENTATION_ITEM ( '' )  );
#1641 = CARTESIAN_POINT ( 'NONE',  ( -13.95078216814732563, 9.879791663776158472, -42.93609260962512764 ) ) ;
#1642 = LINE ( 'NONE', #2188, #2565 ) ;
#1643 = ORIENTED_EDGE ( 'NONE', *, *, #269, .T. ) ;
#1644 = CARTESIAN_POINT ( 'NONE',  ( 6.968915374279595731, 0.5915892186962457000, -43.99999999999997868 ) ) ;
#1645 = CARTESIAN_POINT ( 'NONE',  ( 2.906636507328099785E-15, 5.540624997109492078, -47.46897651391099515 ) ) ;
#1646 = CARTESIAN_POINT ( 'NONE',  ( 2.191401772028660933, 75.21069860481104286, 27.06668641840144574 ) ) ;
#1647 = CARTESIAN_POINT ( 'NONE',  ( -3.408539312380899577, 78.31494763520511526, 23.54478228546319940 ) ) ;
#1648 = CARTESIAN_POINT ( 'NONE',  ( -27.19349550499536861, 10.91166666088565407, -37.42863556748975640 ) ) ;
#1649 = CARTESIAN_POINT ( 'NONE',  ( -35.59674775249767720, 9.429999999999999716, -25.86255110086882070 ) ) ;
#1650 = CARTESIAN_POINT ( 'NONE',  ( 13.95078216814732031, 2.736041663776159538, 42.93609260962512764 ) ) ;
#1651 = CARTESIAN_POINT ( 'NONE',  ( -32.50697043995860724, -5.024804462753086554E-17, 31.36280899267623923 ) ) ;
#1652 = CARTESIAN_POINT ( 'NONE',  ( -7.090319674587058252, 87.46948361933010574, 24.38890462101861445 ) ) ;
#1653 = CARTESIAN_POINT ( 'NONE',  ( 6.485407349045352987, 81.22582071684624339, -21.43427069760815940 ) ) ;
#1654 = CARTESIAN_POINT ( 'NONE',  ( 36.52362188585566827, 9.456458330442826465, -26.53596457686149890 ) ) ;
#1655 = CARTESIAN_POINT ( 'NONE',  ( 45.14567943541665329, 7.022291663776160320, 14.66872044838375899 ) ) ;
#1656 = CARTESIAN_POINT ( 'NONE',  ( 0.000000000000000000, 166.1713933409486970, -10.53390018782091175 ) ) ;
#1657 = VERTEX_POINT ( 'NONE', #1740 ) ;
#1658 = EDGE_CURVE ( 'NONE', #1971, #363, #801, .T. ) ;
#1659 =( BOUNDED_CURVE ( )  B_SPLINE_CURVE ( 2, ( #645, #2463, #2515, #1161, #2995, #594, #855, #1644, #1177 ),
 .UNSPECIFIED., .F., .T. ) 
 B_SPLINE_CURVE_WITH_KNOTS ( ( 3, 2, 2, 2, 3 ),
 ( 3.456517036901928998E-16, 0.01523579557605241226, 0.04294020861327410565, 0.07064462165049584241, 0.08449682816910668304 ),
 .UNSPECIFIED. ) 
 CURVE ( )  GEOMETRIC_REPRESENTATION_ITEM ( )  RATIONAL_B_SPLINE_CURVE ( ( 0.9757723994204501317, 0.9730839663881341028, 1.000000000000000000, 0.9510565162951535312, 1.000000000000000000, 0.9510565162951535312, 1.000000000000000000, 0.9755282581475768211, 0.9755282581475768211 ) ) 
 REPRESENTATION_ITEM ( '' )  );
#1660 = CARTESIAN_POINT ( 'NONE',  ( 0.8931105114618637097, 77.55131469850900316, -24.18572359654415393 ) ) ;
#1661 = CARTESIAN_POINT ( 'NONE',  ( -13.95078216814733629, 6.493124997109492647, 42.93609260962512053 ) ) ;
#1662 = CARTESIAN_POINT ( 'NONE',  ( -35.59674775249767720, 5.196666666666665435, -25.86255110086882070 ) ) ;
#1663 = CARTESIAN_POINT ( 'NONE',  ( -2.042785658860683196, 77.76667414183690141, 24.00155231462195715 ) ) ;
#1664 = CARTESIAN_POINT ( 'NONE',  ( 35.59674775249767720, -0.09500000000000025091, 25.86255110086882425 ) ) ;
#1665 = CARTESIAN_POINT ( 'NONE',  ( -35.59674775249767720, 0.9474583333911431593, -25.86255110086882070 ) ) ;
#1666 = CARTESIAN_POINT ( 'NONE',  ( 27.90156433629465127, 7.075208330442825044, 38.40320870533926723 ) ) ;
#1667 = CARTESIAN_POINT ( 'NONE',  ( -25.20920403655574660, -5.727420298812767724E-17, -36.74603068007760953 ) ) ;
#1668 = CARTESIAN_POINT ( 'NONE',  ( -6.343905918800271770, 80.99257479286764294, 21.58170692663112078 ) ) ;
#1669 = CARTESIAN_POINT ( 'NONE',  ( -3.649206511861123658, 78.39008707740616444, -26.34531213666279825 ) ) ;
#1670 = CARTESIAN_POINT ( 'NONE',  ( -13.95078216814732563, 5.646458330442825968, -42.93609260962512764 ) ) ;
#1671 = DIRECTION ( 'NONE',  ( -0.8741528755566226883, 0.000000000000000000, -0.4856508521109457743 ) ) ;
#1672 = CARTESIAN_POINT ( 'NONE',  ( -21.92503793228912201, 10.92661955056049372, 39.46422536111771961 ) ) ;
#1673 = ORIENTED_EDGE ( 'NONE', *, *, #1761, .F. ) ;
#1674 = CARTESIAN_POINT ( 'NONE',  ( -3.347258222648354486, 78.25607906598048658, -23.58992933706125683 ) ) ;
#1675 = CARTESIAN_POINT ( 'NONE',  ( 13.95078216814732031, 6.704791663776159538, 42.93609260962512764 ) ) ;
#1676 = PRODUCT_DEFINITION_SHAPE ( 'NONE', 'NONE',  #3346 ) ;
#1677 = CARTESIAN_POINT ( 'NONE',  ( 13.59674775249768608, 6.889999999999998792, -41.84648671698675315 ) ) ;
#1678 = CARTESIAN_POINT ( 'NONE',  ( -4.984264465294717006, 79.37574116043207084, 22.70800762155472086 ) ) ;
#1679 = CARTESIAN_POINT ( 'NONE',  ( 13.59674775249768608, 6.889999999999998792, -41.84648671698675315 ) ) ;
#1680 = CARTESIAN_POINT ( 'NONE',  ( -44.00000000000000000, 9.747499999999996945, 14.29646663424786901 ) ) ;
#1681 = CARTESIAN_POINT ( 'NONE',  ( 27.90156433629465127, 9.191874997109492185, 38.40320870533926723 ) ) ;
#1682 = CARTESIAN_POINT ( 'NONE',  ( -34.49396252539449392, -5.024804462753088403E-17, 29.16325538056609190 ) ) ;
#1683 = CARTESIAN_POINT ( 'NONE',  ( -11.88881299058375340, 86.00853465315077528, 22.19352181397104573 ) ) ;
#1684 = CARTESIAN_POINT ( 'NONE',  ( -2.549259520367971543, 77.92647989463850422, -26.54325846121522048 ) ) ;
#1685 = ADVANCED_FACE ( 'NONE', ( #3395 ), #2878, .F. ) ;
#1686 = CARTESIAN_POINT ( 'NONE',  ( 1.644228247582122910E-11, 75.03909122581700331, -27.18109142242854759 ) ) ;
#1687 = CARTESIAN_POINT ( 'NONE',  ( -36.52362188585566116, 10.09145833044282625, -26.53596457686150600 ) ) ;
#1688 = CARTESIAN_POINT ( 'NONE',  ( 27.19349550499535084, 6.149166666666652681, 37.42863556748974219 ) ) ;
#1689 = CARTESIAN_POINT ( 'NONE',  ( 27.90156433629465837, 7.710208330442826608, -38.40320870533925302 ) ) ;
#1690 = ORIENTED_EDGE ( 'NONE', *, *, #1855, .T. ) ;
#1691 =( BOUNDED_CURVE ( )  B_SPLINE_CURVE ( 2, ( #1829, #3146, #2356, #3410, #2612, #2912, #222, #2091, #3430, #1022, #3182, #3163, #515 ),
 .UNSPECIFIED., .F., .F. ) 
 B_SPLINE_CURVE_WITH_KNOTS ( ( 3, 2, 2, 2, 2, 2, 3 ),
 ( 0.08449682816910669692, 0.09834408970492525270, 0.1260386127765623365, 0.1537331358481994203, 0.1814276589198365319, 0.2091221819914736435, 0.2229694435272922270 ),
 .UNSPECIFIED. ) 
 CURVE ( )  GEOMETRIC_REPRESENTATION_ITEM ( )  RATIONAL_B_SPLINE_CURVE ( ( 0.9755282581475767101, 0.9755282581475767101, 1.000000000000000000, 0.9510565162951534202, 1.000000000000000000, 0.9510565162951534202, 1.000000000000000000, 0.9510565162951534202, 1.000000000000000000, 0.9510565162951534202, 1.000000000000000000, 0.9755282581475765991, 0.9755282581475767101 ) ) 
 REPRESENTATION_ITEM ( '' )  );
#1692 = CARTESIAN_POINT ( 'NONE',  ( 7.155183723996359824, 82.72914332398363513, -20.58534044636644111 ) ) ;
#1693 = CARTESIAN_POINT ( 'NONE',  ( -35.59674775249768430, 5.090833327552319432, 25.86255110086881004 ) ) ;
#1694 = CARTESIAN_POINT ( 'NONE',  ( 13.95078216814732031, 4.588124997109493286, 42.93609260962512764 ) ) ;
#1695 = CARTESIAN_POINT ( 'NONE',  ( 13.59674775249768608, 9.006666666666664156, -41.84648671698675315 ) ) ;
#1696 = CARTESIAN_POINT ( 'NONE',  ( 2.622666336256960662, 75.29657121637960415, 27.00980628551122464 ) ) ;
#1697 = CARTESIAN_POINT ( 'NONE',  ( -8.498620992429152652E-15, 3.820833333333331527, 46.26433786648375701 ) ) ;
#1698 = CARTESIAN_POINT ( 'NONE',  ( 27.19349550499536150, 6.133291666724475455, 37.42863556748976350 ) ) ;
#1699 = ORIENTED_EDGE ( 'NONE', *, *, #2864, .F. ) ;
#1700 = CARTESIAN_POINT ( 'NONE',  ( 43.99999999999999289, 1.809999994218986830, -14.29646663424787256 ) ) ;
#1701 = CARTESIAN_POINT ( 'NONE',  ( 0.000000000000000000, 10.00000000000000000, 0.000000000000000000 ) ) ;
#1702 = CARTESIAN_POINT ( 'NONE',  ( -6.465896664210740497, 81.19242931986762812, 21.45495816811729739 ) ) ;
#1703 = CARTESIAN_POINT ( 'NONE',  ( 2.307712516594818464, 77.85957211475702877, -23.92309010915704093 ) ) ;
#1704 = EDGE_CURVE ( 'NONE', #1868, #1159, #820, .T. ) ;
#1705 = CARTESIAN_POINT ( 'NONE',  ( 4.314925450081863012, 91.14571038978654371, 19.84524078671597991 ) ) ;
#1706 = CARTESIAN_POINT ( 'NONE',  ( 36.52362188585566827, 9.456458330442826465, -26.53596457686149890 ) ) ;
#1707 = CARTESIAN_POINT ( 'NONE',  ( -6.968917916672743296, 1.120755859792621933, 43.99999917392639048 ) ) ;
#1708 = CARTESIAN_POINT ( 'NONE',  ( -45.14567943541666040, 10.56770833044282476, -5.528751181591550879E-15 ) ) ;
#1709 = VERTEX_POINT ( 'NONE', #2092 ) ;
#1710 = CARTESIAN_POINT ( 'NONE',  ( -1.397121806277619838, 77.59840212853458752, -24.14431854302929992 ) ) ;
#1711 = CARTESIAN_POINT ( 'NONE',  ( -44.00000000000000000, 6.995833327552320569, -5.388445916248353619E-15 ) ) ;
#1712 = CARTESIAN_POINT ( 'NONE',  ( -27.90156433629465482, 9.985624997109491474, -38.40320870533925302 ) ) ;
#1713 = CARTESIAN_POINT ( 'NONE',  ( -7.604950065845078377, 10.12223476405248945, 46.10938295483676796 ) ) ;
#1714 = CARTESIAN_POINT ( 'NONE',  ( 6.794441687363763194, 81.56089140947869964, 25.23369098884591466 ) ) ;
#1715 = CARTESIAN_POINT ( 'NONE',  ( 27.19349550499537216, 6.768291666724475242, -37.42863556748975640 ) ) ;
#1716 = ORIENTED_EDGE ( 'NONE', *, *, #630, .F. ) ;
#1717 = CARTESIAN_POINT ( 'NONE',  ( 27.19349550499536150, 1.386666660885653046, 37.42863556748976350 ) ) ;
#1718 = CARTESIAN_POINT ( 'NONE',  ( 3.874792643448200291, 91.42639741025965350, 19.94618205083940410 ) ) ;
#1719 = CARTESIAN_POINT ( 'NONE',  ( -8.374990316408821300, 78.13626565246035227, 25.26331849869763957 ) ) ;
#1720 = CARTESIAN_POINT ( 'NONE',  ( -2.831198199625441170, 78.03150527652846336, -26.49781468197051737 ) ) ;
#1721 = CARTESIAN_POINT ( 'NONE',  ( 0.8696142882088861992, 92.48758116188754741, 20.38690375959043877 ) ) ;
#1722 = CARTESIAN_POINT ( 'NONE',  ( 1.082095020834584087, 77.57590935061331550, 24.16459779135169939 ) ) ;
#1723 = CARTESIAN_POINT ( 'NONE',  ( 13.95078216814732031, 9.086041663776159183, 42.93609260962512764 ) ) ;
#1724 = ORIENTED_EDGE ( 'NONE', *, *, #1225, .F. ) ;
#1725 = CARTESIAN_POINT ( 'NONE',  ( -7.243179145410218567, 82.99095206881281683, 20.45072882384867796 ) ) ;
#1726 = CARTESIAN_POINT ( 'NONE',  ( 13.59674775249768608, 4.244166660885654530, -41.84648671698675315 ) ) ;
#1727 = CARTESIAN_POINT ( 'NONE',  ( -45.14567943541665329, 8.080624997109493890, -14.66872044838375189 ) ) ;
#1728 = CARTESIAN_POINT ( 'NONE',  ( 43.99999999999999289, 4.244166666666666643, 14.29646663424789210 ) ) ;
#1729 = CARTESIAN_POINT ( 'NONE',  ( -45.14567943541666040, 6.334374997109493144, -5.528751181591550879E-15 ) ) ;
#1730 = CARTESIAN_POINT ( 'NONE',  ( 6.187427351320988755, 76.59378854831538774, 26.17787307623787996 ) ) ;
#1731 = CARTESIAN_POINT ( 'NONE',  ( 44.00000000000000000, 4.334125000057809984, 0.000000000000000000 ) ) ;
#1732 = AXIS2_PLACEMENT_3D ( 'NONE', #3127, #152, #203 ) ;
#1733 = CARTESIAN_POINT ( 'NONE',  ( 2.832873664143050884E-15, 2.233333327552319947, -46.26433786648375701 ) ) ;
#1734 = CARTESIAN_POINT ( 'NONE',  ( -44.95298000119795745, -1.223984728843750457E-16, 5.118663752138384204 ) ) ;
#1735 = CARTESIAN_POINT ( 'NONE',  ( 43.99999999999998579, 7.948333327552319361, 14.29646663424789033 ) ) ;
#1736 = CARTESIAN_POINT ( 'NONE',  ( 2.071590068613450963, 77.78754778414521809, -23.98404706579022161 ) ) ;
#1737 = CARTESIAN_POINT ( 'NONE',  ( -45.09450127648728568, -9.190547354210042925E-17, 2.149029155290455240 ) ) ;
#1738 = CARTESIAN_POINT ( 'NONE',  ( 3.034695587844474574, 91.89861793665097878, 20.12421532832540549 ) ) ;
#1739 = CARTESIAN_POINT ( 'NONE',  ( -5.069514131964276693, 79.46149208187364366, 22.64533885118769163 ) ) ;
#1740 = CARTESIAN_POINT ( 'NONE',  ( 3.867672236798267504E-14, 1.704166666666667052, 44.00000000000000000 ) ) ;
#1741 = CARTESIAN_POINT ( 'NONE',  ( 36.52362188585566116, 9.297708330442825186, 26.53596457686150956 ) ) ;
#1742 = ORIENTED_EDGE ( 'NONE', *, *, #673, .F. ) ;
#1743 = CARTESIAN_POINT ( 'NONE',  ( 0.000000000000000000, 170.0000000000000000, -20.00000000000000000 ) ) ;
#1744 = ORIENTED_EDGE ( 'NONE', *, *, #2484, .T. ) ;
#1745 = CARTESIAN_POINT ( 'NONE',  ( 43.99999999999999289, 5.831666660885651332, 14.29646663424789210 ) ) ;
#1746 = EDGE_CURVE ( 'NONE', #854, #2115, #29, .T. ) ;
#1747 = LINE ( 'NONE', #3062, #122 ) ;
#1748 = CARTESIAN_POINT ( 'NONE',  ( 27.90156433629465837, 3.476874997109493215, -38.40320870533926012 ) ) ;
#1749 = CARTESIAN_POINT ( 'NONE',  ( 10.49537435239668426, 80.64119550048287977, 23.96310178848501593 ) ) ;
#1750 = CARTESIAN_POINT ( 'NONE',  ( -43.99999999999999289, 3.169958333391142968, -14.29646663424788144 ) ) ;
#1751 = CARTESIAN_POINT ( 'NONE',  ( -44.00000000000000000, 2.868333327552320178, 14.29646663424786901 ) ) ;
#1752 = CARTESIAN_POINT ( 'NONE',  ( 3.644291779557603306, 91.57801639162063623, 23.94356365543989540 ) ) ;
#1753 = CARTESIAN_POINT ( 'NONE',  ( -0.3900421376666257656, 75.03909122581758595, 27.18109142242816745 ) ) ;
#1754 = CARTESIAN_POINT ( 'NONE',  ( 4.309994729303212146, 75.75430347204579107, 26.70982172517685171 ) ) ;
#1755 = CARTESIAN_POINT ( 'NONE',  ( -6.929516437522700301, 87.89409562491533734, 19.26836568572287689 ) ) ;
#1756 = CARTESIAN_POINT ( 'NONE',  ( -11.85834040576594361, 86.47857725286289110, -22.11244166809307643 ) ) ;
#1757 = CARTESIAN_POINT ( 'NONE',  ( 5.443623024836106161, 79.82903675203505145, 22.37480219233081868 ) ) ;
#1758 = CARTESIAN_POINT ( 'NONE',  ( -9.340823915756114815, 79.08281780904736991, -24.74185869463490661 ) ) ;
#1759 = DIRECTION ( 'NONE',  ( -0.000000000000000000, -1.000000000000000000, -0.000000000000000000 ) ) ;
#1760 = CARTESIAN_POINT ( 'NONE',  ( -3.080714764237185488, 91.84605189165716865, -20.10827171483109410 ) ) ;
#1761 = EDGE_CURVE ( 'NONE', #1303, #2769, #2592, .T. ) ;
#1762 = CARTESIAN_POINT ( 'NONE',  ( 35.59674775249768430, 8.371666666666669698, 25.86255110086883136 ) ) ;
#1763 = CARTESIAN_POINT ( 'NONE',  ( -8.498620992429152652E-15, 9.641666660885650941, 46.26433786648375701 ) ) ;
#1764 = CARTESIAN_POINT ( 'NONE',  ( -36.52362188585566116, 7.974791663776160888, -26.53596457686150600 ) ) ;
#1765 = CARTESIAN_POINT ( 'NONE',  ( 13.59674775249767720, 3.926666666666665861, 41.84648671698676026 ) ) ;
#1766 = CARTESIAN_POINT ( 'NONE',  ( -27.90156433629466548, 2.418541663776159201, 38.40320870533925302 ) ) ;
#1767 = CARTESIAN_POINT ( 'NONE',  ( 11.87421766171763693, 86.51870219222803371, 22.09569035613626653 ) ) ;
#1768 = CARTESIAN_POINT ( 'NONE',  ( 27.19349550499537216, 6.254999994218986892, -37.42863556748975640 ) ) ;
#1769 = CARTESIAN_POINT ( 'NONE',  ( 1.704407555164797472, 95.95707627768101133, 23.31125320217983798 ) ) ;
#1770 = FACE_OUTER_BOUND ( 'NONE', #2602, .T. ) ;
#1771 = CARTESIAN_POINT ( 'NONE',  ( 5.796144932653971793, 76.38223363827535195, 26.30925748657745089 ) ) ;
#1772 = CARTESIAN_POINT ( 'NONE',  ( 13.59674775249767720, 5.514166660885653215, 41.84648671698676026 ) ) ;
#1773 = CARTESIAN_POINT ( 'NONE',  ( -7.275036658474826723, 86.89221117147378948, -19.30701559508490917 ) ) ;
#1774 = CARTESIAN_POINT ( 'NONE',  ( 2.760833220488100981, 78.01666658847881308, 23.79085797360228938 ) ) ;
#1775 = CARTESIAN_POINT ( 'NONE',  ( -8.095005429020915244, 77.87666783649254398, -25.40918311905639726 ) ) ;
#1776 = CARTESIAN_POINT ( 'NONE',  ( 6.155392175965245016, 89.33501983980322336, -24.06111638280697207 ) ) ;
#1777 = CARTESIAN_POINT ( 'NONE',  ( 45.14567943541665329, 0.8839583304428265675, -14.66872044838374300 ) ) ;
#1778 = CARTESIAN_POINT ( 'NONE',  ( 35.59674775249766299, 2.444999999999981632, -25.86255110086880293 ) ) ;
#1779 = FACE_OUTER_BOUND ( 'NONE', #2379, .T. ) ;
#1780 = CARTESIAN_POINT ( 'NONE',  ( -36.52362188585566116, 10.09145833044282625, -26.53596457686150600 ) ) ;
#1781 = CARTESIAN_POINT ( 'NONE',  ( -35.59674775249768430, 5.619999999999999218, 25.86255110086881004 ) ) ;
#1782 = AXIS2_PLACEMENT_3D ( 'NONE', #558, #1548, #2619 ) ;
#1783 = CARTESIAN_POINT ( 'NONE',  ( -27.90156433629466548, 0.3018749971094934481, 38.40320870533925302 ) ) ;
#1784 = CARTESIAN_POINT ( 'NONE',  ( 7.264114678276342829, 86.94088060373914573, 24.46264025598685521 ) ) ;
#1785 = ORIENTED_EDGE ( 'NONE', *, *, #3159, .F. ) ;
#1786 = CARTESIAN_POINT ( 'NONE',  ( -13.59674775249768075, 10.80583332755231929, -41.84648671698676026 ) ) ;
#1787 = CARTESIAN_POINT ( 'NONE',  ( -7.824512736786688016, 77.64708456897371036, 25.53994737710591068 ) ) ;
#1788 =( BOUNDED_CURVE ( )  B_SPLINE_CURVE ( 2, ( #3171, #2635, #1157, #1688, #3301, #89, #2478, #3008, #1405, #331, #45, #3272, #1376 ),
 .UNSPECIFIED., .F., .T. ) 
 B_SPLINE_CURVE_WITH_KNOTS ( ( 3, 2, 2, 2, 2, 2, 3 ),
 ( 0.7768464941558070880, 0.7906926345401916745, 0.8183849153089609585, 0.8460771960777301315, 0.8737694768464995265, 0.9014617576152685885, 0.9153078979996533970 ),
 .UNSPECIFIED. ) 
 CURVE ( )  GEOMETRIC_REPRESENTATION_ITEM ( )  RATIONAL_B_SPLINE_CURVE ( ( 0.9755282581475768211, 0.9755282581475768211, 1.000000000000000000, 0.9510565162951535312, 1.000000000000000000, 0.9510565162951535312, 1.000000000000000000, 0.9510565162951535312, 1.000000000000000000, 0.9510565162951535312, 1.000000000000000000, 0.9755282581475765991, 0.9755282581475768211 ) ) 
 REPRESENTATION_ITEM ( '' )  );
#1789 =( NAMED_UNIT ( * ) SI_UNIT ( $, .STERADIAN. ) SOLID_ANGLE_UNIT ( ) );
#1790 = CARTESIAN_POINT ( 'NONE',  ( 10.93674505426809240, 89.76027813211200623, -21.91489032850111585 ) ) ;
#1791 = VECTOR ( 'NONE', #461, 1000.000000000000114 ) ;
#1792 = CARTESIAN_POINT ( 'NONE',  ( -35.83112441865314679, 6.367929274826005930E-17, -26.81397606857755989 ) ) ;
#1793 = FACE_OUTER_BOUND ( 'NONE', #1800, .T. ) ;
#1794 = CARTESIAN_POINT ( 'NONE',  ( -5.861415706486091892, 80.31506950295930380, -22.03257696317598402 ) ) ;
#1795 = CARTESIAN_POINT ( 'NONE',  ( -0.4845059945214151842, 77.51304412551935741, 24.21867882547608275 ) ) ;
#1796 = CARTESIAN_POINT ( 'NONE',  ( -10.66033003322943706, 80.93821271980685594, -23.82968488757749270 ) ) ;
#1797 = CARTESIAN_POINT ( 'NONE',  ( 6.652558387709324172, 88.50013353156167284, -19.28739795077833463 ) ) ;
#1798 = CARTESIAN_POINT ( 'NONE',  ( -6.297305960017227200, 89.08712789841631263, -19.35447188122186546 ) ) ;
#1799 = CARTESIAN_POINT ( 'NONE',  ( -45.14567943541665329, 1.730624997109492691, -14.66872044838375189 ) ) ;
#1800 = EDGE_LOOP ( 'NONE', ( #2189, #123, #3438, #2496, #1378, #2330, #2238, #2548, #2529, #1193, #1568, #2468, #644, #1581, #1268 ) ) ;
#1801 = CARTESIAN_POINT ( 'NONE',  ( 2.906636507328100180E-15, -0.8093750028905064564, -47.46897651391098805 ) ) ;
#1802 = DIRECTION ( 'NONE',  ( 0.000000000000000000, -0.9837219938267964814, -0.1796970752723372755 ) ) ;
#1803 = VERTEX_POINT ( 'NONE', #1301 ) ;
#1804 = CARTESIAN_POINT ( 'NONE',  ( -13.59674775249768075, 2.339166660885653393, -41.84648671698676026 ) ) ;
#1805 = CARTESIAN_POINT ( 'NONE',  ( -27.19349550499537926, 9.429999994218984938, 37.42863556748974929 ) ) ;
#1806 = CARTESIAN_POINT ( 'NONE',  ( 36.52362188585566116, 0.8310416637761601777, 26.53596457686150956 ) ) ;
#1807 = CARTESIAN_POINT ( 'NONE',  ( 11.69911517900684927, 87.54561666882391080, 21.97654067832262470 ) ) ;
#1808 = CARTESIAN_POINT ( 'NONE',  ( -44.00000000000000000, 9.218333327552318934, 14.29646663424786901 ) ) ;
#1809 = DIRECTION ( 'NONE',  ( 0.000000000000000000, 0.000000000000000000, 1.000000000000000000 ) ) ;
#1810 = CARTESIAN_POINT ( 'NONE',  ( 9.513584582469297048E-14, 4.879166666666665542, -43.99999999999998579 ) ) ;
#1811 = CARTESIAN_POINT ( 'NONE',  ( -43.99999999999999289, 3.291666666666663854, -5.388445916248353619E-15 ) ) ;
#1812 = CARTESIAN_POINT ( 'NONE',  ( -6.945363858944300972, 87.83494573478857603, -24.32170195332625795 ) ) ;
#1813 = CARTESIAN_POINT ( 'NONE',  ( -13.59674775249769141, 5.302499994218986323, 41.84648671698675315 ) ) ;
#1814 = CARTESIAN_POINT ( 'NONE',  ( -13.59674775249768786, 7.948333333333322592, 41.84648671698673894 ) ) ;
#1815 = EDGE_CURVE ( 'NONE', #3151, #522, #1920, .T. ) ;
#1816 = ORIENTED_EDGE ( 'NONE', *, *, #2928, .F. ) ;
#1817 = CARTESIAN_POINT ( 'NONE',  ( 13.95078216814732031, 0.3547916637761600600, 42.93609260962512764 ) ) ;
#1818 = ORIENTED_EDGE ( 'NONE', *, *, #1984, .F. ) ;
#1819 = CARTESIAN_POINT ( 'NONE',  ( 4.783693341350073539E-15, 10.00000000000000888, 39.06182047493749110 ) ) ;
#1820 = ORIENTED_EDGE ( 'NONE', *, *, #1394, .T. ) ;
#1821 = CARTESIAN_POINT ( 'NONE',  ( -11.30867485430818675, 82.35153650349143106, 23.24149352690098880 ) ) ;
#1822 = CARTESIAN_POINT ( 'NONE',  ( -27.90156433629465482, 1.783541663776160080, -38.40320870533925302 ) ) ;
#1823 = CARTESIAN_POINT ( 'NONE',  ( 36.52362188585566827, 7.604374997109493606, -26.53596457686149890 ) ) ;
#1824 = CARTESIAN_POINT ( 'NONE',  ( -44.00000000000000000, 4.879166660885652540, -5.388445916248353619E-15 ) ) ;
#1825 = CARTESIAN_POINT ( 'NONE',  ( 7.457035006967292823, 85.93093809408559025, 19.44912229587610497 ) ) ;
#1826 = CARTESIAN_POINT ( 'NONE',  ( 11.01739613433981368, 81.64035557234761598, -23.52463327070917032 ) ) ;
#1827 = CARTESIAN_POINT ( 'NONE',  ( -36.52362188585566116, -0.2272916695571730594, -26.53596457686150600 ) ) ;
#1828 = CARTESIAN_POINT ( 'NONE',  ( -7.031092294376645846, 82.01316982031130465, -25.10863095610963924 ) ) ;
#1829 = CARTESIAN_POINT ( 'NONE',  ( 2.667360163309149214E-15, 0.6458333333333328152, -43.99999999999998579 ) ) ;
#1830 = FACE_OUTER_BOUND ( 'NONE', #3359, .T. ) ;
#1831 = CARTESIAN_POINT ( 'NONE',  ( -6.968915374279636588, 7.050077447970404698, -43.99999999999997868 ) ) ;
#1832 = VERTEX_POINT ( 'NONE', #1319 ) ;
#1833 = CARTESIAN_POINT ( 'NONE',  ( -5.046215854864628385E-05, 4.350000419153359665, -43.99999999997105959 ) ) ;
#1834 = CARTESIAN_POINT ( 'NONE',  ( -27.90156433629466548, 4.270624997109491616, 38.40320870533925302 ) ) ;
#1835 = CARTESIAN_POINT ( 'NONE',  ( -1.364148164431329959E-11, 96.03909122581703173, -23.34500906948737153 ) ) ;
#1836 = CARTESIAN_POINT ( 'NONE',  ( -35.59674775249768430, 0.8574999942189869273, 25.86255110086881004 ) ) ;
#1837 = CARTESIAN_POINT ( 'NONE',  ( -45.09450127648728568, -9.190547354210042925E-17, 2.149029155290455240 ) ) ;
#1838 = CARTESIAN_POINT ( 'NONE',  ( -6.461193921113552285, 88.83532502538984943, -24.13837221801538746 ) ) ;
#1839 = CARTESIAN_POINT ( 'NONE',  ( -23.17550997717277639, 0.07314442674757291873, 39.93879685208534625 ) ) ;
#1840 = CARTESIAN_POINT ( 'NONE',  ( -27.19349550499538282, 9.429999994218983161, 37.42863556748974929 ) ) ;
#1841 = CARTESIAN_POINT ( 'NONE',  ( 8.035385268949465143, 77.84139928664610864, -25.43101827877669763 ) ) ;
#1842 = CARTESIAN_POINT ( 'NONE',  ( -27.19349550499536505, 2.974166666666663073, -37.42863556748975640 ) ) ;
#1843 = CARTESIAN_POINT ( 'NONE',  ( -7.189906859186006471, 87.18215436542895702, 24.43554867508036565 ) ) ;
#1844 = DIRECTION ( 'NONE',  ( -0.000000000000000000, -1.000000000000000000, -0.000000000000000000 ) ) ;
#1845 = DIRECTION ( 'NONE',  ( 0.000000000000000000, 0.000000000000000000, -1.000000000000000000 ) ) ;
#1846 = CARTESIAN_POINT ( 'NONE',  ( -7.407479104557322280, 83.66250286846911877, -20.14371123735078584 ) ) ;
#1847 = CARTESIAN_POINT ( 'NONE',  ( -10.38075209604817672, 90.74854673387052628, 21.98420065201653273 ) ) ;
#1848 = CARTESIAN_POINT ( 'NONE',  ( -27.90156433629466548, 2.153958330442826252, 38.40320870533925302 ) ) ;
#1849 = CARTESIAN_POINT ( 'NONE',  ( -13.95078216814732563, 3.529791663776159716, -42.93609260962512764 ) ) ;
#1850 = CARTESIAN_POINT ( 'NONE',  ( 7.500000000000003553, 85.00000000000000000, -19.68680216366898250 ) ) ;
#1851 = ORIENTED_EDGE ( 'NONE', *, *, #573, .F. ) ;
#1852 = CARTESIAN_POINT ( 'NONE',  ( -13.59674775249769141, 9.535833327552319716, 41.84648671698675315 ) ) ;
#1853 = VECTOR ( 'NONE', #1972, 1000.000000000000000 ) ;
#1854 = CARTESIAN_POINT ( 'NONE',  ( -1.573861320428962429, 92.35794959529411585, -23.98002965099090744 ) ) ;
#1855 = EDGE_CURVE ( 'NONE', #907, #3025, #2755, .T. ) ;
#1856 = CARTESIAN_POINT ( 'NONE',  ( 45.14567943541666040, 7.392708330442826714, 0.000000000000000000 ) ) ;
#1857 = CARTESIAN_POINT ( 'NONE',  ( -13.59674775249769141, 1.598333333333332718, 41.84648671698675315 ) ) ;
#1858 = CARTESIAN_POINT ( 'NONE',  ( 10.89270299187357693, 89.89734592239011590, 21.90982286937128620 ) ) ;
#1859 = CARTESIAN_POINT ( 'NONE',  ( 13.59674775249767720, -0.3066666666666668650, 41.84648671698676026 ) ) ;
#1860 = CARTESIAN_POINT ( 'NONE',  ( 2.906636507328100180E-15, 7.921874997109491723, -47.46897651391098805 ) ) ;
#1861 = CARTESIAN_POINT ( 'NONE',  ( -11.78861879056995754, 87.05283089662755458, 22.03082207675401349 ) ) ;
#1862 = DIRECTION ( 'NONE',  ( 0.000000000000000000, 0.000000000000000000, -1.000000000000000000 ) ) ;
#1863 = CARTESIAN_POINT ( 'NONE',  ( 4.358307011199799241, 75.77722337213870674, -26.69540520995400357 ) ) ;
#1864 = CARTESIAN_POINT ( 'NONE',  ( -5.897974042228312008, 94.69725887827560484, 22.84606724341334782 ) ) ;
#1865 = CARTESIAN_POINT ( 'NONE',  ( 36.52362188585566827, 7.339791663776160213, -26.53596457686149890 ) ) ;
#1866 = CARTESIAN_POINT ( 'NONE',  ( 13.95078216814733096, 3.318124997109493268, -42.93609260962512053 ) ) ;
#1867 = CARTESIAN_POINT ( 'NONE',  ( 6.704344024888711395, 88.37699923060934282, -19.28658265494525281 ) ) ;
#1868 = VERTEX_POINT ( 'NONE', #758 ) ;
#1869 = ADVANCED_FACE ( 'NONE', ( #1830 ), #790, .F. ) ;
#1870 = CARTESIAN_POINT ( 'NONE',  ( 27.90156433629465837, 3.476874997109493215, -38.40320870533925302 ) ) ;
#1871 = EDGE_CURVE ( 'NONE', #627, #2936, #43, .T. ) ;
#1872 = ORIENTED_EDGE ( 'NONE', *, *, #524, .T. ) ;
#1873 = CARTESIAN_POINT ( 'NONE',  ( -5.289822016060972132, 90.34008271122108624, -19.59873597025097069 ) ) ;
#1874 = CARTESIAN_POINT ( 'NONE',  ( 37.19204265290168365, 9.979258331584889063, 23.66681604213289347 ) ) ;
#1875 = DIRECTION ( 'NONE',  ( 0.000000000000000000, 0.000000000000000000, -1.000000000000000000 ) ) ;
#1876 = CARTESIAN_POINT ( 'NONE',  ( -44.00000000000000000, 1.280833333333333268, 14.29646663424786901 ) ) ;
#1877 = CARTESIAN_POINT ( 'NONE',  ( 8.700071277886580745, -8.218957872925536156E-17, 43.77996625356917804 ) ) ;
#1878 = CARTESIAN_POINT ( 'NONE',  ( -8.498620992429152652E-15, 1.704166666666665941, 46.26433786648375701 ) ) ;
#1879 = CARTESIAN_POINT ( 'NONE',  ( 35.59674775249767720, 8.371666666666666146, 25.86255110086882425 ) ) ;
#1880 = CARTESIAN_POINT ( 'NONE',  ( 45.14567943541665329, 7.286874997109492824, 14.66872044838375899 ) ) ;
#1881 = CARTESIAN_POINT ( 'NONE',  ( -10.94837536796208965, 89.74021374776256721, 21.91314620097792343 ) ) ;
#1882 = ADVANCED_FACE ( 'NONE', ( #2208 ), #733, .F. ) ;
#1883 = CARTESIAN_POINT ( 'NONE',  ( -13.59674775249768075, 2.339166660885653393, -41.84648671698676026 ) ) ;
#1884 = CARTESIAN_POINT ( 'NONE',  ( 7.601864938703755570, 85.38142749198202353, -24.56925223358508603 ) ) ;
#1885 = CARTESIAN_POINT ( 'NONE',  ( -13.59674775249769141, 7.419166660885652576, 41.84648671698675315 ) ) ;
#1886 = CARTESIAN_POINT ( 'NONE',  ( 27.90156433629465127, 6.810624997109491652, 38.40320870533926723 ) ) ;
#1887 = CARTESIAN_POINT ( 'NONE',  ( 27.90156433629465127, 2.577291663776159591, 38.40320870533926723 ) ) ;
#1888 = CARTESIAN_POINT ( 'NONE',  ( -6.968915374279544217, 4.933410781303728676, -43.99999999999998579 ) ) ;
#1889 = VERTEX_POINT ( 'NONE', #1810 ) ;
#1890 = CARTESIAN_POINT ( 'NONE',  ( -13.95078216814732563, 5.911041663776159361, -42.93609260962512764 ) ) ;
#1891 = CARTESIAN_POINT ( 'NONE',  ( 0.8971545222385056695, 92.45035299030284648, -20.37079831563283605 ) ) ;
#1892 = CARTESIAN_POINT ( 'NONE',  ( 13.59674775249767720, 9.747499994218985719, 41.84648671698676026 ) ) ;
#1893 = CARTESIAN_POINT ( 'NONE',  ( 0.000000000000000000, 10.00000000000000000, 0.000000000000000000 ) ) ;
#1894 = CARTESIAN_POINT ( 'NONE',  ( -44.00000000000000000, 3.291666666666665630, -5.388445916248353619E-15 ) ) ;
#1895 = CARTESIAN_POINT ( 'NONE',  ( -12.94705675289475089, 4.422554944357782293E-17, 43.01651727913175449 ) ) ;
#1896 = CARTESIAN_POINT ( 'NONE',  ( 35.59674775249768430, 2.444999999999999396, -25.86255110086881714 ) ) ;
#1897 = CARTESIAN_POINT ( 'NONE',  ( -27.19349550499536861, -1.275041666608856428, -37.42863556748975640 ) ) ;
#1898 = CARTESIAN_POINT ( 'NONE',  ( -45.14567943541665329, 4.111874997109493890, -14.66872044838375189 ) ) ;
#1899 = CARTESIAN_POINT ( 'NONE',  ( -6.539697243191269216, 88.68057020262068590, 19.31068234377906734 ) ) ;
#1900 = CARTESIAN_POINT ( 'NONE',  ( 4.828170463512964972, 79.25583283672831669, -22.80164328589115996 ) ) ;
#1901 = CARTESIAN_POINT ( 'NONE',  ( 45.14567943541666040, -1.073958336223839627, 0.000000000000000000 ) ) ;
#1902 = AXIS2_PLACEMENT_3D ( 'NONE', #2762, #3018, #1152 ) ;
#1903 = CARTESIAN_POINT ( 'NONE',  ( -8.719909521984299356E-15, 8.715624997109495453, 47.46897651391098805 ) ) ;
#1904 = CARTESIAN_POINT ( 'NONE',  ( -27.19349550499537926, 0.9633333275523200401, 37.42863556748974929 ) ) ;
#1905 = ORIENTED_EDGE ( 'NONE', *, *, #2831, .T. ) ;
#1906 = CONICAL_SURFACE ( 'NONE', #2791, 10.16278006173203430, 0.1806785052468092012 ) ;
#1907 = CARTESIAN_POINT ( 'NONE',  ( -0.7040056755137036326, 77.49931326034479184, -24.23051770337709954 ) ) ;
#1908 = CARTESIAN_POINT ( 'NONE',  ( 36.52362188585566116, 4.799791663776159290, 26.53596457686150956 ) ) ;
#1909 = CARTESIAN_POINT ( 'NONE',  ( 0.5522900520102650423, 75.03909122581622171, 27.18109142242909115 ) ) ;
#1910 = CARTESIAN_POINT ( 'NONE',  ( 27.19349550499537216, 0.4341666666666663676, -37.42863556748975640 ) ) ;
#1911 = CARTESIAN_POINT ( 'NONE',  ( -7.607797033131650011, 6.744089049876278481E-17, 44.20222270352984140 ) ) ;
#1912 = CARTESIAN_POINT ( 'NONE',  ( -35.59674775249768430, -0.7300000000000002043, 25.86255110086881004 ) ) ;
#1913 = CARTESIAN_POINT ( 'NONE',  ( 27.19349550499536150, 8.265833333333331367, 37.42863556748976350 ) ) ;
#1914 = CARTESIAN_POINT ( 'NONE',  ( 45.14567943541666040, 5.276041663776160462, 0.000000000000000000 ) ) ;
#1915 = CARTESIAN_POINT ( 'NONE',  ( 14.97365580653605299, -1.159140424667607994E-14, -41.37377952021532224 ) ) ;
#1916 = CARTESIAN_POINT ( 'NONE',  ( -0.4363052554090906532, 92.49156840856169026, 20.38990106609190534 ) ) ;
#1917 = EDGE_CURVE ( 'NONE', #2007, #229, #528, .T. ) ;
#1918 = CARTESIAN_POINT ( 'NONE',  ( 7.598217608491432351, 77.49725719719111794, -25.63130347961529765 ) ) ;
#1919 = CARTESIAN_POINT ( 'NONE',  ( 45.14567943541665329, 9.138958330442822131, 14.66872044838375899 ) ) ;
#1920 =( BOUNDED_CURVE ( )  B_SPLINE_CURVE ( 2, ( #2613, #810, #1883, #1577, #1526, #204, #3411, #223, #3198, #2377, #3431, #1007, #1597 ),
 .UNSPECIFIED., .F., .T. ) 
 B_SPLINE_CURVE_WITH_KNOTS ( ( 3, 2, 2, 2, 2, 2, 3 ),
 ( 0.2204913802780966714, 0.2293110355476495610, 0.2469503459743918328, 0.2645896564011340768, 0.2822289668278763486, 0.2998682772546186204, 0.3086879345494518145 ),
 .UNSPECIFIED. ) 
 CURVE ( )  GEOMETRIC_REPRESENTATION_ITEM ( )  RATIONAL_B_SPLINE_CURVE ( ( 0.9755282581475768211, 0.9755282579916902952, 1.000000000000000000, 0.9510565162951535312, 1.000000000000000000, 0.9510565162951535312, 1.000000000000000000, 0.9510565162951535312, 1.000000000000000000, 0.9510565162951535312, 1.000000000000000000, 0.9755282523721806598, 0.9755282581475780423 ) ) 
 REPRESENTATION_ITEM ( '' )  );
#1921 = CARTESIAN_POINT ( 'NONE',  ( 36.52362188585566827, 7.339791663776160213, -26.53596457686149890 ) ) ;
#1922 = CARTESIAN_POINT ( 'NONE',  ( -35.59674775249766299, 9.429999999999983729, -25.86255110086880649 ) ) ;
#1923 = ORIENTED_EDGE ( 'NONE', *, *, #2899, .T. ) ;
#1924 = CARTESIAN_POINT ( 'NONE',  ( 3.355214184535211697, 78.28393920665219241, -23.57001850060404990 ) ) ;
#1925 = CARTESIAN_POINT ( 'NONE',  ( -36.52362188585566116, 5.858124997109491972, -26.53596457686150600 ) ) ;
#1926 = CARTESIAN_POINT ( 'NONE',  ( 43.99999999999999289, 8.673291666724475490, -14.29646663424787256 ) ) ;
#1927 = CARTESIAN_POINT ( 'NONE',  ( -27.19349550499538282, 1.492499999999999050, 37.42863556748974929 ) ) ;
#1928 = CARTESIAN_POINT ( 'NONE',  ( -19.74998728328414899, 4.128624590046008325E-17, 40.42068910912335866 ) ) ;
#1929 = CARTESIAN_POINT ( 'NONE',  ( 44.00000000000000000, -2.000000000000000000, 0.000000000000000000 ) ) ;
#1930 = CARTESIAN_POINT ( 'NONE',  ( 35.59674775249768430, 2.429125000057809736, -25.86255110086881714 ) ) ;
#1931 = CARTESIAN_POINT ( 'NONE',  ( -13.95078216814733629, 6.757708330442826039, 42.93609260962512053 ) ) ;
#1932 = DIRECTION ( 'NONE',  ( 0.000000000000000000, 0.000000000000000000, -1.000000000000000000 ) ) ;
#1933 = CARTESIAN_POINT ( 'NONE',  ( 35.59674775249768430, 8.265833327552320142, -25.86255110086881714 ) ) ;
#1934 = PRODUCT ( 'NSCN2', 'NSCN2', '', ( #2817 ) ) ;
#1935 = CARTESIAN_POINT ( 'NONE',  ( 4.718877031806897548, 75.91119861358400556, -26.60895960719427933 ) ) ;
#1936 = CARTESIAN_POINT ( 'NONE',  ( 2.906636507328100180E-15, 5.540624997109492078, -47.46897651391098805 ) ) ;
#1937 = FACE_OUTER_BOUND ( 'NONE', #3415, .T. ) ;
#1938 = CARTESIAN_POINT ( 'NONE',  ( -6.968915374279497144, 9.166744114637062069, -44.00000000000000711 ) ) ;
#1939 = EDGE_LOOP ( 'NONE', ( #3224, #2172, #2897, #1432 ) ) ;
#1940 = CARTESIAN_POINT ( 'NONE',  ( 4.196610832581825434, 78.77561292097556134, -23.17398661527638382 ) ) ;
#1941 = CARTESIAN_POINT ( 'NONE',  ( -45.14567943541666040, 1.942291663776159805, 14.66872044838374300 ) ) ;
#1942 = CARTESIAN_POINT ( 'NONE',  ( -35.59674775249768430, 7.736666666666666359, 25.86255110086881004 ) ) ;
#1943 = EDGE_CURVE ( 'NONE', #907, #3041, #1442, .T. ) ;
#1944 = CARTESIAN_POINT ( 'NONE',  ( -4.757062836737432576, 79.13251180608025948, 26.04730535567139427 ) ) ;
#1945 = CARTESIAN_POINT ( 'NONE',  ( 27.19349550499537216, 4.667499999999997762, -37.42863556748975640 ) ) ;
#1946 = CARTESIAN_POINT ( 'NONE',  ( 2.832873664143050884E-15, 0.6299583333911431549, -46.26433786648375701 ) ) ;
#1947 = CARTESIAN_POINT ( 'NONE',  ( -27.90156433629465482, 10.25020833044282398, -38.40320870533926012 ) ) ;
#1948 = CARTESIAN_POINT ( 'NONE',  ( -2.952028916103543121, 8.319590070705207235E-17, -44.15251205935461343 ) ) ;
#1949 = CARTESIAN_POINT ( 'NONE',  ( -6.691950387900644337, 81.60541399249750327, 21.20325257222688009 ) ) ;
#1950 = CARTESIAN_POINT ( 'NONE',  ( 5.748006119517524048, 89.82358833235394968, 19.48278078664464630 ) ) ;
#1951 = AXIS2_PLACEMENT_3D ( 'NONE', #2363, #1013, #2080 ) ;
#1952 = CARTESIAN_POINT ( 'NONE',  ( 2.906636507328100180E-15, 7.657291663776158330, -47.46897651391098805 ) ) ;
#1953 = CARTESIAN_POINT ( 'NONE',  ( -43.99999999999997868, 9.535833333333314954, -14.29646663424787256 ) ) ;
#1954 = CARTESIAN_POINT ( 'NONE',  ( 45.14567943541665329, 9.615208330442824192, -14.66872044838374478 ) ) ;
#1955 = ORIENTED_EDGE ( 'NONE', *, *, #2639, .T. ) ;
#1956 = CARTESIAN_POINT ( 'NONE',  ( 7.052642976687862664, 82.42913038676404369, -20.74005173974630267 ) ) ;
#1957 = CARTESIAN_POINT ( 'NONE',  ( 45.14567943541666040, 7.128124997109492433, 0.000000000000000000 ) ) ;
#1958 = CARTESIAN_POINT ( 'NONE',  ( 27.19349550499537216, 8.900833333333332931, -37.42863556748975640 ) ) ;
#1959 = CARTESIAN_POINT ( 'NONE',  ( 3.073762794589653513, 78.15443328454513505, 23.67687614677295826 ) ) ;
#1960 = CARTESIAN_POINT ( 'NONE',  ( -13.59674775249768075, 2.868333333333333179, -41.84648671698676026 ) ) ;
#1961 = CARTESIAN_POINT ( 'NONE',  ( 2.832873664143050884E-15, 4.863291666724475881, -46.26433786648375701 ) ) ;
#1962 = VERTEX_POINT ( 'NONE', #2802 ) ;
#1963 = CARTESIAN_POINT ( 'NONE',  ( 35.59674775249767720, 3.609166660885653410, 25.86255110086882425 ) ) ;
#1964 = CARTESIAN_POINT ( 'NONE',  ( -42.02722644632239479, -2.500142091984031082E-16, 16.55306792299462160 ) ) ;
#1965 = CARTESIAN_POINT ( 'NONE',  ( -7.397103322563205019, 83.10442588206362302, 24.86662729211829159 ) ) ;
#1966 = CARTESIAN_POINT ( 'NONE',  ( 7.144499451201412832, 87.33152257640567484, 19.27617973586013989 ) ) ;
#1967 = CARTESIAN_POINT ( 'NONE',  ( -6.413901187393679315, 88.90506197638785579, 19.33140041238894113 ) ) ;
#1968 = CARTESIAN_POINT ( 'NONE',  ( 7.500000000000003553, 85.00000000000001421, 19.68680216366901803 ) ) ;
#1969 = CARTESIAN_POINT ( 'NONE',  ( 13.59674775249768786, 10.59416666088577941, -41.84648671698675315 ) ) ;
#1970 = CARTESIAN_POINT ( 'NONE',  ( 2.906636507328099785E-15, 7.921874997109490835, -47.46897651391099515 ) ) ;
#1971 = VERTEX_POINT ( 'NONE', #135 ) ;
#1972 = DIRECTION ( 'NONE',  ( -0.000000000000000000, -1.000000000000000000, -0.000000000000000000 ) ) ;
#1973 = CARTESIAN_POINT ( 'NONE',  ( 43.99999999999999289, 7.948333327552321137, 14.29646663424789210 ) ) ;
#1974 = CARTESIAN_POINT ( 'NONE',  ( -27.90156433629466548, 2.153958330442826252, 38.40320870533924591 ) ) ;
#1975 = CARTESIAN_POINT ( 'NONE',  ( 44.00000000000000000, 4.349999999999999645, 0.000000000000000000 ) ) ;
#1976 = CARTESIAN_POINT ( 'NONE',  ( 3.294493440407624263, 78.25791562011552571, 23.59151141847996414 ) ) ;
#1977 = AXIS2_PLACEMENT_3D ( 'NONE', #409, #1474, #189 ) ;
#1978 = CARTESIAN_POINT ( 'NONE',  ( -27.19349550499538282, 3.593291666724475864, 37.42863556748974929 ) ) ;
#1979 = ORIENTED_EDGE ( 'NONE', *, *, #2849, .F. ) ;
#1980 = CARTESIAN_POINT ( 'NONE',  ( -35.59674775249768430, 0.8574999942189868163, 25.86255110086881004 ) ) ;
#1981 = CARTESIAN_POINT ( 'NONE',  ( 11.51540090620990675, 5.273956896269020476E-17, -42.55444807862285472 ) ) ;
#1982 = CARTESIAN_POINT ( 'NONE',  ( -10.00456556162254174, 79.92869593579113996, 24.31095309380123126 ) ) ;
#1983 = CARTESIAN_POINT ( 'NONE',  ( -0.6529429304122401634, 77.52426051160358611, -24.20901330721381584 ) ) ;
#1984 = EDGE_CURVE ( 'NONE', #1889, #854, #2234, .T. ) ;
#1985 = CARTESIAN_POINT ( 'NONE',  ( -5.266640890680162279, 90.35250918461284186, 19.60529830943976393 ) ) ;
#1986 = PLANE ( 'NONE',  #2353 ) ;
#1987 = CARTESIAN_POINT ( 'NONE',  ( -11.88568509220557878, 86.04645118788363334, -22.18735485139100660 ) ) ;
#1988 = CARTESIAN_POINT ( 'NONE',  ( 3.425293311235561261E-09, 7.525000453773856179, 44.00000000000000000 ) ) ;
#1989 = VERTEX_POINT ( 'NONE', #3299 ) ;
#1990 = CARTESIAN_POINT ( 'NONE',  ( 44.00000000000000000, 8.054166660885652362, 0.000000000000000000 ) ) ;
#1991 = DIRECTION ( 'NONE',  ( 0.000000000000000000, -0.8320502943378437211, -0.5547001962252290364 ) ) ;
#1992 = CARTESIAN_POINT ( 'NONE',  ( 45.14567943541665329, -1.232708336223840018, -14.66872044838374300 ) ) ;
#1993 = B_SPLINE_CURVE_WITH_KNOTS ( 'NONE', 3,
 ( #1835, #262, #2667, #816, #1062, #6, #521, #2398, #1307, #3152 ),
 .UNSPECIFIED., .F., .F.,
 ( 4, 2, 2, 2, 4 ),
 ( 0.02935656722386307052, 0.03100260151591828842, 0.03264863580797350284, 0.03429467010002872074, 0.03594070439208393863 ),
 .UNSPECIFIED. ) ;
#1994 = CARTESIAN_POINT ( 'NONE',  ( -36.52362188585566116, 6.122708330442826252, -26.53596457686150600 ) ) ;
#1995 = CARTESIAN_POINT ( 'NONE',  ( 1.464090102153262407, 75.09696835884456334, 27.14216856466532590 ) ) ;
#1996 = CARTESIAN_POINT ( 'NONE',  ( -35.59674775249767720, 7.297458333391143803, -25.86255110086882070 ) ) ;
#1997 = CARTESIAN_POINT ( 'NONE',  ( -45.14567943541665329, 10.46187499710949176, -14.66872044838375189 ) ) ;
#1998 = CARTESIAN_POINT ( 'NONE',  ( 8.129868620225344955, 93.28419204252291763, 22.42635652274441327 ) ) ;
#1999 = CARTESIAN_POINT ( 'NONE',  ( -11.87182760818403970, 84.97800972285961052, 22.41590269766331645 ) ) ;
#2000 = CARTESIAN_POINT ( 'NONE',  ( -0.1830771503188779736, 77.49625281747319150, -26.73323130350371102 ) ) ;
#2001 = B_SPLINE_CURVE_WITH_KNOTS ( 'NONE', 3,
 ( #3413, #1229, #2599, #2025, #3167, #974, #710, #3092, #241, #2615, #3108, #694, #1284, #1760, #3149, #2077, #206, #1009, #3397, #2824, #992, #431, #1798, #1493, #225, #2359, #2564, #173, #1249, #2842, #2309, #2042 ),
 .UNSPECIFIED., .F., .F.,
 ( 4, 2, 2, 2, 2, 2, 2, 2, 2, 2, 2, 2, 2, 2, 2, 4 ),
 ( 0.02507063038581197265, 0.02608592394048233482, 0.02710121749515269698, 0.02811651104982306262, 0.02913180460449342479, 0.03116239171383415260, 0.03217768526850451477, 0.03319297882317487347, 0.03420827237784523911, 0.03522356593251560475, 0.03623885948718596345, 0.03725415304185632909, 0.03826944659652668779, 0.03928474015119705343, 0.04030003370586741906, 0.04131532726053777776 ),
 .UNSPECIFIED. ) ;
#2002 = CARTESIAN_POINT ( 'NONE',  ( 11.61420314975040391, 83.33110720039651653, 22.88886881859260214 ) ) ;
#2003 = CARTESIAN_POINT ( 'NONE',  ( -6.602029456830676324, 88.57871409799548701, 19.29850791911564301 ) ) ;
#2004 = CARTESIAN_POINT ( 'NONE',  ( 6.652339214270568846, 81.51855918714939264, 21.25267860841656642 ) ) ;
#2005 = CARTESIAN_POINT ( 'NONE',  ( -11.45401228029493446, 82.80514776111778019, -23.07646218875616739 ) ) ;
#2006 = CARTESIAN_POINT ( 'NONE',  ( -27.90156433629466548, 6.651874997109493037, 38.40320870533924591 ) ) ;
#2007 = VERTEX_POINT ( 'NONE', #933 ) ;
#2008 = CARTESIAN_POINT ( 'NONE',  ( 5.388445916248353619E-15, 10.00000000000000000, 44.00000000000000000 ) ) ;
#2009 = CARTESIAN_POINT ( 'NONE',  ( 2.832873664143050884E-15, 6.466666660885652895, -46.26433786648375701 ) ) ;
#2010 = CARTESIAN_POINT ( 'NONE',  ( -2.666508769729682621E-06, 1.174664919227785376, 43.99999999999984368 ) ) ;
#2011 = CARTESIAN_POINT ( 'NONE',  ( 35.59674775249768430, 6.678333333333332789, -25.86255110086881714 ) ) ;
#2012 = CARTESIAN_POINT ( 'NONE',  ( 36.52362188585566116, 2.947708330442826874, 26.53596457686150956 ) ) ;
#2013 = CARTESIAN_POINT ( 'NONE',  ( 3.918159935360375545, 78.56120877334915065, 26.27523648305265880 ) ) ;
#2014 = CARTESIAN_POINT ( 'NONE',  ( 27.19349550499536150, 4.016625000057809203, 37.42863556748976350 ) ) ;
#2015 = CARTESIAN_POINT ( 'NONE',  ( -21.92503793704950610, 10.92661955056049372, 39.46422535847300139 ) ) ;
#2016 = CARTESIAN_POINT ( 'NONE',  ( 6.539941099020810888, 94.34874827689151289, 22.73412112225376802 ) ) ;
#2017 = CARTESIAN_POINT ( 'NONE',  ( -1.947015178007783565, 75.17778008774644150, 27.08855174357760731 ) ) ;
#2018 = APPLICATION_PROTOCOL_DEFINITION ( 'draft international standard', 'automotive_design', 1998, #2405 ) ;
#2019 = CARTESIAN_POINT ( 'NONE',  ( 3.867672236798267504E-14, 3.820833333333333748, 44.00000000000000000 ) ) ;
#2020 = EDGE_CURVE ( 'NONE', #464, #1989, #664, .T. ) ;
#2021 = CARTESIAN_POINT ( 'NONE',  ( 4.193863315882867759, 75.72260147669447861, -26.73080456414604100 ) ) ;
#2022 = CARTESIAN_POINT ( 'NONE',  ( 7.075601861322742714, 82.48768973217229927, 20.70794275485068070 ) ) ;
#2023 = CARTESIAN_POINT ( 'NONE',  ( -0.6170816456547446593, 96.03909122581642066, -23.34500906948711219 ) ) ;
#2024 = CARTESIAN_POINT ( 'NONE',  ( -27.90156433629465482, 8.133541663776158614, -38.40320870533925302 ) ) ;
#2025 = CARTESIAN_POINT ( 'NONE',  ( 2.765498625925205900, 91.97937739947597890, -20.16303481595728186 ) ) ;
#2026 = CARTESIAN_POINT ( 'NONE',  ( -6.357942200100249686, 81.01467797015908445, 21.56751989814484460 ) ) ;
#2027 = CARTESIAN_POINT ( 'NONE',  ( -27.19349550499538282, 3.079999994218986181, 37.42863556748974929 ) ) ;
#2028 = CARTESIAN_POINT ( 'NONE',  ( 13.95078216814733096, 9.668124997109492469, -42.93609260962512053 ) ) ;
#2029 = CARTESIAN_POINT ( 'NONE',  ( -13.59674775249768075, 7.101666666666665684, -41.84648671698676026 ) ) ;
#2030 = CARTESIAN_POINT ( 'NONE',  ( 13.95078216814732031, 2.736041663776159538, 42.93609260962512764 ) ) ;
#2031 = CARTESIAN_POINT ( 'NONE',  ( 9.260943189010523824, 79.00768877354225594, 24.78380695146509183 ) ) ;
#2032 = CARTESIAN_POINT ( 'NONE',  ( 13.59674775249767720, 9.747499994218985719, 41.84648671698676026 ) ) ;
#2033 = CARTESIAN_POINT ( 'NONE',  ( 2.889885624110839935, 91.93737958552129896, 23.95597628192922812 ) ) ;
#2034 = CARTESIAN_POINT ( 'NONE',  ( -5.046215854864629063E-05, 4.350000419153359665, -43.99999999997105959 ) ) ;
#2035 = AXIS2_PLACEMENT_3D ( 'NONE', #3448, #1040, #1862 ) ;
#2036 = CARTESIAN_POINT ( 'NONE',  ( 11.81763424630729986, 84.37535597777360863, 22.56940475961074810 ) ) ;
#2037 = CARTESIAN_POINT ( 'NONE',  ( 3.867672236798267504E-14, 3.820833333333333748, 44.00000000000000000 ) ) ;
#2038 = CARTESIAN_POINT ( 'NONE',  ( -7.006910545322289963, 87.67904001610774856, -24.35080742729109815 ) ) ;
#2039 = CARTESIAN_POINT ( 'NONE',  ( 0.1094412321822736123, 77.49033689721781570, 24.23825556566062289 ) ) ;
#2040 = CARTESIAN_POINT ( 'NONE',  ( -7.166312843604858429, 77.18001676806626676, -25.81863537627864957 ) ) ;
#2041 = CARTESIAN_POINT ( 'NONE',  ( 4.360120630026961486, 91.12240643660129535, -19.83666348448448957 ) ) ;
#2042 = CARTESIAN_POINT ( 'NONE',  ( -7.500000000000003553, 84.99999999999997158, -19.68680216366898961 ) ) ;
#2043 = CARTESIAN_POINT ( 'NONE',  ( -13.95078216814733629, 2.259791663776159698, 42.93609260962512053 ) ) ;
#2044 = CARTESIAN_POINT ( 'NONE',  ( 0.000000000000000000, 10.00000000000000888, 0.000000000000000000 ) ) ;
#2045 = CARTESIAN_POINT ( 'NONE',  ( -13.59674775249769141, 3.185833327552319627, 41.84648671698675315 ) ) ;
#2046 = CARTESIAN_POINT ( 'NONE',  ( 35.59674775249767720, 1.492499994218987158, 25.86255110086882425 ) ) ;
#2047 = CARTESIAN_POINT ( 'NONE',  ( -43.99999999999999289, 7.419166666666666465, -14.29646663424788144 ) ) ;
#2048 = CARTESIAN_POINT ( 'NONE',  ( -8.719909521984299356E-15, 4.746874997109491012, 47.46897651391098805 ) ) ;
#2049 = CARTESIAN_POINT ( 'NONE',  ( 7.542938181131227715, 83.71826583690551615, 24.75228306426264879 ) ) ;
#2050 = CARTESIAN_POINT ( 'NONE',  ( 13.59674775249768608, 10.59416666088565151, -41.84648671698675315 ) ) ;
#2051 = CARTESIAN_POINT ( 'NONE',  ( -1.563044057279266541, 75.12609357563525236, 27.12299816992752000 ) ) ;
#2052 = CARTESIAN_POINT ( 'NONE',  ( 9.914726783964921353, 91.42101153044586681, 22.06420108175276695 ) ) ;
#2053 = VECTOR ( 'NONE', #1991, 1000.000000000000227 ) ;
#2054 = CARTESIAN_POINT ( 'NONE',  ( 5.308587803327092125, 76.15116930747662138, 26.45548525067473022 ) ) ;
#2055 = CARTESIAN_POINT ( 'NONE',  ( -27.19349550499537216, 3.609166666666664192, 37.42863556748974929 ) ) ;
#2056 = CARTESIAN_POINT ( 'NONE',  ( -7.360010096266758062, 83.48166651729978582, -20.22843700450950877 ) ) ;
#2057 = FACE_OUTER_BOUND ( 'NONE', #3347, .T. ) ;
#2058 = CARTESIAN_POINT ( 'NONE',  ( -11.88032308074960319, 85.13521913002452379, -22.37892088774468391 ) ) ;
#2059 = VERTEX_POINT ( 'NONE', #3021 ) ;
#2060 = CARTESIAN_POINT ( 'NONE',  ( -13.95078216814733629, 4.376458330442826394, 42.93609260962512053 ) ) ;
#2061 = CARTESIAN_POINT ( 'NONE',  ( 44.00000000000000711, 8.477500000000002700, 14.29646663424789210 ) ) ;
#2062 = ORIENTED_EDGE ( 'NONE', *, *, #994, .F. ) ;
#2063 = CARTESIAN_POINT ( 'NONE',  ( 44.00000000000000000, 1.704166660885653606, 0.000000000000000000 ) ) ;
#2064 = CARTESIAN_POINT ( 'NONE',  ( -45.14567943541666040, 10.40895833044282526, 14.66872044838374300 ) ) ;
#2065 = VECTOR ( 'NONE', #1252, 1000.000000000000114 ) ;
#2066 = CARTESIAN_POINT ( 'NONE',  ( 45.14567943541665329, 1.148541663776159627, -14.66872044838374300 ) ) ;
#2067 = CARTESIAN_POINT ( 'NONE',  ( 7.463672028222077870, 84.22411973082353143, 19.93831316558354061 ) ) ;
#2068 = EDGE_CURVE ( 'NONE', #138, #1029, #2933, .T. ) ;
#2069 = CARTESIAN_POINT ( 'NONE',  ( 44.00000000000000000, 8.054166660885652362, 0.000000000000000000 ) ) ;
#2070 = CARTESIAN_POINT ( 'NONE',  ( 7.348199842435172435, 93.85568637910928658, -22.58353798332525741 ) ) ;
#2071 = CIRCLE ( 'NONE', #3303, 51.05400000000000205 ) ;
#2072 = CARTESIAN_POINT ( 'NONE',  ( 13.95078216814732031, 0.6193749971094935081, 42.93609260962512764 ) ) ;
#2073 = CARTESIAN_POINT ( 'NONE',  ( -7.611219914941560027, 85.21658409729462846, -24.58329521293569186 ) ) ;
#2074 = CARTESIAN_POINT ( 'NONE',  ( 43.99999999999998579, 3.926666660885654192, -14.29646663424787434 ) ) ;
#2075 = CARTESIAN_POINT ( 'NONE',  ( 0.000000000000000000, 10.00000000000000000, 0.000000000000000000 ) ) ;
#2076 = CARTESIAN_POINT ( 'NONE',  ( -27.19349550499536150, 7.207499999999989804, -37.42863556748974929 ) ) ;
#2077 = CARTESIAN_POINT ( 'NONE',  ( -3.949821794972575795, 91.38408920318600792, -19.93025057992209526 ) ) ;
#2078 = CARTESIAN_POINT ( 'NONE',  ( -36.52362188585566116, 3.741458330442826163, -26.53596457686150600 ) ) ;
#2079 = ORIENTED_EDGE ( 'NONE', *, *, #1181, .F. ) ;
#2080 = DIRECTION ( 'NONE',  ( 0.000000000000000000, 0.000000000000000000, -1.000000000000000000 ) ) ;
#2081 = VERTEX_POINT ( 'NONE', #656 ) ;
#2082 = CARTESIAN_POINT ( 'NONE',  ( 27.19349550499537216, -0.09500000578101297499, -37.42863556748975640 ) ) ;
#2083 = CARTESIAN_POINT ( 'NONE',  ( -13.95078216814733629, 2.524374997109493091, 42.93609260962512053 ) ) ;
#2084 = CARTESIAN_POINT ( 'NONE',  ( -45.14567943541666040, 8.556874997109492398, 14.66872044838374123 ) ) ;
#2085 = CARTESIAN_POINT ( 'NONE',  ( -35.59674775249767720, 4.667499994218985648, -25.86255110086882070 ) ) ;
#2086 = CARTESIAN_POINT ( 'NONE',  ( -6.166965052981478526E-06, 6.466666721700472742, -43.99999999999956657 ) ) ;
#2087 = CARTESIAN_POINT ( 'NONE',  ( 11.87594877870835752, 86.23118853150872098, -22.15427139171085003 ) ) ;
#2088 =( BOUNDED_CURVE ( )  B_SPLINE_CURVE ( 2, ( #3042, #380, #467, #432, #1762, #2061, #2310, #1514, #2549, #2866, #2530, #1532, #732 ),
 .UNSPECIFIED., .F., .T. ) 
 B_SPLINE_CURVE_WITH_KNOTS ( ( 3, 2, 2, 2, 2, 2, 3 ),
 ( 1.053779610193334104, 1.067626322587031051, 1.095319747374424946, 1.123013172161819062, 1.150706596949212956, 1.178400021736607073, 1.192246734130303798 ),
 .UNSPECIFIED. ) 
 CURVE ( )  GEOMETRIC_REPRESENTATION_ITEM ( )  RATIONAL_B_SPLINE_CURVE ( ( 0.9755282581475768211, 0.9755282581475769321, 1.000000000000000000, 0.9510565162951535312, 1.000000000000000000, 0.9510565162951535312, 1.000000000000000000, 0.9510565162951535312, 1.000000000000000000, 0.9510565162951535312, 1.000000000000000000, 0.9755282581475770431, 0.9755282581475767101 ) ) 
 REPRESENTATION_ITEM ( '' )  );
#2089 = CARTESIAN_POINT ( 'NONE',  ( -13.59674775249768963, 3.714999999999997637, 41.84648671698674605 ) ) ;
#2090 = CARTESIAN_POINT ( 'NONE',  ( -10.54963358851579081, 90.47985983724073833, -21.95851297907112709 ) ) ;
#2091 = CARTESIAN_POINT ( 'NONE',  ( -43.99999999999997158, 1.280833333333312840, 14.29646663424786013 ) ) ;
#2092 = CARTESIAN_POINT ( 'NONE',  ( -45.09450127648728568, -9.190547354210042925E-17, 2.149029155290455240 ) ) ;
#2093 = CARTESIAN_POINT ( 'NONE',  ( -4.473868167856669409, 78.94431215585299810, -23.03883209533375975 ) ) ;
#2094 = CARTESIAN_POINT ( 'NONE',  ( -35.59674775249767720, 6.784166660885651901, -25.86255110086882070 ) ) ;
#2095 = CARTESIAN_POINT ( 'NONE',  ( 45.14567943541665329, 3.000624997109492931, -14.66872044838374300 ) ) ;
#2096 = ORIENTED_EDGE ( 'NONE', *, *, #1499, .F. ) ;
#2097 = CARTESIAN_POINT ( 'NONE',  ( 13.95078216814733096, 1.201458330442826572, -42.93609260962512053 ) ) ;
#2098 = ORIENTED_EDGE ( 'NONE', *, *, #2475, .F. ) ;
#2099 = CARTESIAN_POINT ( 'NONE',  ( 27.19349550499536150, 1.386666660885653046, 37.42863556748976350 ) ) ;
#2100 = CARTESIAN_POINT ( 'NONE',  ( -45.14567943541665329, 1.995208330442826750, -14.66872044838375189 ) ) ;
#2101 = CARTESIAN_POINT ( 'NONE',  ( -3.028880089668470443, 91.86567457744799015, -20.11640223255772142 ) ) ;
#2102 = CARTESIAN_POINT ( 'NONE',  ( 0.000000000000000000, 170.0000000000000000, 0.000000000000000000 ) ) ;
#2103 = CARTESIAN_POINT ( 'NONE',  ( 27.19349550499536150, 7.736666660885651581, 37.42863556748976350 ) ) ;
#2104 = CARTESIAN_POINT ( 'NONE',  ( 9.831485014552296064, 79.67965466164376664, -24.43297711001428141 ) ) ;
#2105 = CARTESIAN_POINT ( 'NONE',  ( 27.19349550499537216, 6.254999994218986892, -37.42863556748975640 ) ) ;
#2106 = CARTESIAN_POINT ( 'NONE',  ( -7.629951020350596913, 84.80934021631459530, -24.61456193980260210 ) ) ;
#2107 = CARTESIAN_POINT ( 'NONE',  ( 1.696016199344990106E-06, 3.291882592272202590, 43.99999999999993605 ) ) ;
#2108 = CARTESIAN_POINT ( 'NONE',  ( 6.447566416148866608, 94.40134879736970674, 22.75066867484241939 ) ) ;
#2109 = CARTESIAN_POINT ( 'NONE',  ( -7.500000000000002665, 84.31200769158773767, -19.88620958501771696 ) ) ;
#2110 = CARTESIAN_POINT ( 'NONE',  ( -10.22817747204384631, 90.97980436922713920, 22.00915908213618266 ) ) ;
#2111 = CARTESIAN_POINT ( 'NONE',  ( -13.95078216814732563, 3.529791663776159716, -42.93609260962512764 ) ) ;
#2112 = EDGE_CURVE ( 'NONE', #26, #1112, #2781, .T. ) ;
#2113 = CARTESIAN_POINT ( 'NONE',  ( 36.52362188585566827, 5.223124997109493073, -26.53596457686149890 ) ) ;
#2114 = CARTESIAN_POINT ( 'NONE',  ( -35.59674775249766299, 5.196666666666650336, -25.86255110086880649 ) ) ;
#2115 = VERTEX_POINT ( 'NONE', #2525 ) ;
#2116 = CARTESIAN_POINT ( 'NONE',  ( -8.719909521984299356E-15, 4.746874997109491012, 47.46897651391099515 ) ) ;
#2117 = CARTESIAN_POINT ( 'NONE',  ( -9.480337905936236709, 91.95548092892902048, -22.14838146473134373 ) ) ;
#2118 = CARTESIAN_POINT ( 'NONE',  ( 45.14567943541665329, 9.615208330442822415, -14.66872044838374300 ) ) ;
#2119 = AXIS2_PLACEMENT_3D ( 'NONE', #2152, #1028, #2687 ) ;
#2120 = CARTESIAN_POINT ( 'NONE',  ( 10.96530123569775483, 89.72534445628274113, 21.90878540436438726 ) ) ;
#2121 = CARTESIAN_POINT ( 'NONE',  ( -13.59674775249769141, 3.714999999999999414, 41.84648671698675315 ) ) ;
#2122 = CARTESIAN_POINT ( 'NONE',  ( 10.54553103446863282, 90.52540411712415391, 21.95430760496604705 ) ) ;
#2123 = CARTESIAN_POINT ( 'NONE',  ( -35.59674775249767720, 0.9633333333333329307, -25.86255110086882070 ) ) ;
#2124 = CARTESIAN_POINT ( 'NONE',  ( -45.14567943541666040, 6.334374997109493144, -5.528751181591550879E-15 ) ) ;
#2125 = CARTESIAN_POINT ( 'NONE',  ( -4.451301757411911808, 91.06678684890852082, 23.94022625790222492 ) ) ;
#2126 = ADVANCED_FACE ( 'NONE', ( #1190 ), #1251, .T. ) ;
#2127 = CARTESIAN_POINT ( 'NONE',  ( -6.968918341132508409, 5.354089189822077266, 43.99999903601106155 ) ) ;
#2128 = CARTESIAN_POINT ( 'NONE',  ( 3.002532870271606757, 78.12293384813328601, -23.70287260570652421 ) ) ;
#2129 = CARTESIAN_POINT ( 'NONE',  ( -1.390743007484179117, 95.97141787019529602, 23.31757776016741701 ) ) ;
#2130 = CARTESIAN_POINT ( 'NONE',  ( -13.95078216814733629, 8.609791663776157122, 42.93609260962512053 ) ) ;
#2131 = CARTESIAN_POINT ( 'NONE',  ( -13.95078216814732563, 1.413124997109493020, -42.93609260962512764 ) ) ;
#2132 = CARTESIAN_POINT ( 'NONE',  ( -27.19349550499535439, 5.090833333333318222, -37.42863556748973508 ) ) ;
#2133 = ORIENTED_EDGE ( 'NONE', *, *, #2535, .F. ) ;
#2134 = CARTESIAN_POINT ( 'NONE',  ( 13.95078216814732031, 0.6193749971094935081, 42.93609260962512764 ) ) ;
#2135 = CARTESIAN_POINT ( 'NONE',  ( 0.1635448121025699919, 92.50388244497064250, -23.99179727913311666 ) ) ;
#2136 = CARTESIAN_POINT ( 'NONE',  ( 5.388445916248353619E-15, 10.00000000000000000, 44.00000000000000000 ) ) ;
#2137 = ADVANCED_FACE ( 'NONE', ( #3354 ), #1906, .F. ) ;
#2138 = DIRECTION ( 'NONE',  ( -0.000000000000000000, -1.000000000000000000, -0.000000000000000000 ) ) ;
#2139 = CARTESIAN_POINT ( 'NONE',  ( -21.36863773664623167, 11.58807788100331848, 38.46272638906371810 ) ) ;
#2140 = CARTESIAN_POINT ( 'NONE',  ( 6.912813071661199515, -1.765483487626715524E-16, 44.12150287942987603 ) ) ;
#2141 = CARTESIAN_POINT ( 'NONE',  ( 13.59674775249768608, 10.59416666088565151, -41.84648671698675315 ) ) ;
#2142 = CARTESIAN_POINT ( 'NONE',  ( -13.59674775249768075, -1.380874999942190096, -41.84648671698676026 ) ) ;
#2143 =( BOUNDED_SURFACE ( )  B_SPLINE_SURFACE ( 3, 2, ( 
 ( #205, #745, #2341 ),
 ( #2358, #2326, #2041 ),
 ( #172, #2308, #1509 ),
 ( #728, #3396, #3412 ),
 ( #1302, #1776, #2841 ),
 ( #446, #190, #1562 ),
 ( #1248, #1008, #1797 ),
 ( #2861, #462, #2598 ),
 ( #2631, #3148, #2879 ),
 ( #1542, #2614, #1387 ),
 ( #57, #2700, #1598 ),
 ( #1339, #1092, #2682 ),
 ( #1620, #296, #2663 ),
 ( #1074, #574, #1356 ),
 ( #276, #1884, #2166 ),
 ( #850, #2411, #2147 ),
 ( #2394, #1320, #311 ),
 ( #2458, #2427, #1 ),
 ( #831, #73, #554 ),
 ( #39, #21, #2972 ),
 ( #517, #3199, #1653 ),
 ( #1107, #2715, #3252 ),
 ( #1638, #1373, #2647 ),
 ( #328, #3237, #1578 ),
 ( #811, #3218, #1123 ),
 ( #1918, #2953, #1900 ),
 ( #2443, #2989, #2185 ),
 ( #589, #258, #2200 ),
 ( #3269, #865, #791 ),
 ( #1935, #1057, #2128 ),
 ( #1863, #2932, #536 ),
 ( #930, #2747, #1703 ),
 ( #3333, #2524, #1736 ),
 ( #405, #655, #3053 ),
 ( #2779, #2800, #639 ),
 ( #1171, #3298, #1418 ),
 ( #2214, #2000, #2764 ),
 ( #3036, #1402, #1983 ),
 ( #3005, #1454, #3316 ),
 ( #1470, #3352, #2541 ),
 ( #912, #2509, #389 ),
 ( #134, #1684, #374 ),
 ( #2474, #1720, #1436 ),
 ( #1188, #1669, #2268 ),
 ( #2250, #149, #948 ),
 ( #3020, #671, #101 ) ),
 .UNSPECIFIED., .F., .F., .T. ) 
 B_SPLINE_SURFACE_WITH_KNOTS ( ( 4, 2, 2, 2, 2, 2, 2, 2, 2, 2, 2, 2, 2, 2, 2, 2, 2, 2, 2, 2, 2, 2, 4 ),
 ( 3, 3 ),
 ( 0.03366935781919259268, 0.03577369268289332105, 0.03787802754659405635, 0.03998236241029478472, 0.04208669727399551308, 0.04313886470584588073, 0.04419103213769624144, 0.04629536700139696981, 0.04839970186509769817, 0.04945186929694805889, 0.05050403672879842654, 0.05260837159249915490, 0.05366053902434951561, 0.05471270645619988326, 0.05681704131990061163, 0.05786920875175097234, 0.05892137618360133999, 0.06102571104730206836, 0.06207787847915242907, 0.06313004591100279672, 0.06418221334285316437, 0.06523438077470353202, 0.06733871563840425345 ),
 ( 0.000000000000000000, 1.000000000000000000 ),
 .UNSPECIFIED. ) 
 GEOMETRIC_REPRESENTATION_ITEM ( )  RATIONAL_B_SPLINE_SURFACE ( (
 ( 1.000000000000000000, 0.5955203978060369385, 1.000000000000000000),
 ( 1.000000000000000000, 0.5859736135732693807, 1.000000000000000000),
 ( 1.000000000000000000, 0.5753147329161970580, 1.000000000000000000),
 ( 1.000000000000000000, 0.5542701492867331270, 1.000000000000000000),
 ( 1.000000000000000000, 0.5438296173714733950, 1.000000000000000000),
 ( 1.000000000000000000, 0.5258185571223323862, 1.000000000000000000),
 ( 1.000000000000000000, 0.5181584408115611495, 1.000000000000000000),
 ( 1.000000000000000000, 0.5077312256124761891, 1.000000000000000000),
 ( 1.000000000000000000, 0.5051892390999234150, 1.000000000000000000),
 ( 1.000000000000000000, 0.5059935808379850686, 1.000000000000000000),
 ( 1.000000000000000000, 0.5070259346568655179, 1.000000000000000000),
 ( 1.000000000000000000, 0.5106562247264780918, 1.000000000000000000),
 ( 1.000000000000000000, 0.5132366911563122081, 1.000000000000000000),
 ( 1.000000000000000000, 0.5229639017688003655, 1.000000000000000000),
 ( 1.000000000000000000, 0.5321165819885838033, 1.000000000000000000),
 ( 1.000000000000000000, 0.5543614416936724076, 1.000000000000000000),
 ( 1.000000000000000000, 0.5671485777393342476, 1.000000000000000000),
 ( 1.000000000000000000, 0.5875038479357727050, 1.000000000000000000),
 ( 1.000000000000000000, 0.5944966449378631390, 1.000000000000000000),
 ( 1.000000000000000000, 0.6087480523825881118, 1.000000000000000000),
 ( 1.000000000000000000, 0.6159848215066333621, 1.000000000000000000),
 ( 1.000000000000000000, 0.6375182701174021416, 1.000000000000000000),
 ( 1.000000000000000000, 0.6517511832893458923, 1.000000000000000000),
 ( 1.000000000000000000, 0.6723111387547821005, 1.000000000000000000),
 ( 1.000000000000000000, 0.6790587417027724726, 1.000000000000000000),
 ( 1.000000000000000000, 0.6920903665177435826, 1.000000000000000000),
 ( 1.000000000000000000, 0.6983272204280400741, 1.000000000000000000),
 ( 1.000000000000000000, 0.7161120950134702845, 1.000000000000000000),
 ( 1.000000000000000000, 0.7267425548576018635, 1.000000000000000000),
 ( 1.000000000000000000, 0.7404118707720097614, 1.000000000000000000),
 ( 1.000000000000000000, 0.7446119857744549764, 1.000000000000000000),
 ( 1.000000000000000000, 0.7520026585563056587, 1.000000000000000000),
 ( 1.000000000000000000, 0.7551951894179800284, 1.000000000000000000),
 ( 1.000000000000000000, 0.7632364991147316813, 1.000000000000000000),
 ( 1.000000000000000000, 0.7665629028596907535, 1.000000000000000000),
 ( 1.000000000000000000, 0.7681761712484043159, 1.000000000000000000),
 ( 1.000000000000000000, 0.7681353847610907781, 1.000000000000000000),
 ( 1.000000000000000000, 0.7669293415771465394, 1.000000000000000000),
 ( 1.000000000000000000, 0.7657674091937629601, 1.000000000000000000),
 ( 1.000000000000000000, 0.7623533652188623222, 1.000000000000000000),
 ( 1.000000000000000000, 0.7601011901363053935, 1.000000000000000000),
 ( 1.000000000000000000, 0.7545099572432972801, 1.000000000000000000),
 ( 1.000000000000000000, 0.7511975811888095267, 1.000000000000000000),
 ( 1.000000000000000000, 0.7399393248159711334, 1.000000000000000000),
 ( 1.000000000000000000, 0.7306360699959709715, 1.000000000000000000),
 ( 1.000000000000000000, 0.7197689256254229395, 1.000000000000000000) ) ) 
 REPRESENTATION_ITEM ( '' )  SURFACE ( )  );
#2144 = CARTESIAN_POINT ( 'NONE',  ( -45.14567943541666040, 4.217708330442826892, -5.528751181591550879E-15 ) ) ;
#2145 = CARTESIAN_POINT ( 'NONE',  ( -6.587236688983149513, 88.60696386858498386, 24.17740249031522026 ) ) ;
#2146 = CARTESIAN_POINT ( 'NONE',  ( -35.59674775249768430, 5.090833327552318543, 25.86255110086881004 ) ) ;
#2147 = CARTESIAN_POINT ( 'NONE',  ( 7.294907070276344108, 83.19148558159386653, -20.35705174449267219 ) ) ;
#2148 = CARTESIAN_POINT ( 'NONE',  ( -7.318175056824570923, 93.87231554964220948, 22.58912840106103914 ) ) ;
#2149 = CARTESIAN_POINT ( 'NONE',  ( -13.95078216814733629, 6.493124997109492647, 42.93609260962512053 ) ) ;
#2150 = ORIENTED_EDGE ( 'NONE', *, *, #64, .T. ) ;
#2151 = CARTESIAN_POINT ( 'NONE',  ( 13.95078216814732031, 2.471458330442826590, 42.93609260962512764 ) ) ;
#2152 = CARTESIAN_POINT ( 'NONE',  ( 0.000000000000000000, 10.00000000000000000, 0.000000000000000000 ) ) ;
#2153 = ORIENTED_EDGE ( 'NONE', *, *, #2433, .F. ) ;
#2154 = CARTESIAN_POINT ( 'NONE',  ( -45.14567943541666040, 6.334374997109493144, -5.528751181591550879E-15 ) ) ;
#2155 =( GEOMETRIC_REPRESENTATION_CONTEXT ( 3 ) GLOBAL_UNCERTAINTY_ASSIGNED_CONTEXT ( ( #805 ) ) GLOBAL_UNIT_ASSIGNED_CONTEXT ( ( #1227, #972, #445 ) ) REPRESENTATION_CONTEXT ( 'NONE', 'WORKASPACE' ) );
#2156 = ORIENTED_EDGE ( 'NONE', *, *, #1704, .F. ) ;
#2157 = CARTESIAN_POINT ( 'NONE',  ( 0.6469724895049033808, 92.47634109558417492, -20.38285708749276282 ) ) ;
#2158 = CARTESIAN_POINT ( 'NONE',  ( -13.95078216814733629, 8.874374997109491403, 42.93609260962512053 ) ) ;
#2159 = DIRECTION ( 'NONE',  ( -0.000000000000000000, -1.000000000000000000, -0.000000000000000000 ) ) ;
#2160 = CARTESIAN_POINT ( 'NONE',  ( 13.59674775249768608, 2.656666666666666732, -41.84648671698675315 ) ) ;
#2161 = CARTESIAN_POINT ( 'NONE',  ( -5.011868003626239521, 76.02906662285175798, 26.53353548993025157 ) ) ;
#2162 = CARTESIAN_POINT ( 'NONE',  ( 35.59674775249768430, 0.3283333333333332549, -25.86255110086881714 ) ) ;
#2163 = CARTESIAN_POINT ( 'NONE',  ( 43.99999999999999289, -0.005041666608856690962, 14.29646663424789210 ) ) ;
#2164 = CARTESIAN_POINT ( 'NONE',  ( -36.52362188585566116, 4.006041663776160000, -26.53596457686150600 ) ) ;
#2165 = CARTESIAN_POINT ( 'NONE',  ( -5.163212844954247593, 90.44553868331551882, 19.63222646963166085 ) ) ;
#2166 = CARTESIAN_POINT ( 'NONE',  ( 7.467349388656624676, 84.14847978692210972, -19.95826566840616323 ) ) ;
#2167 = CARTESIAN_POINT ( 'NONE',  ( -30.65413110062897317, 10.58683801364092325, 34.61462557601966950 ) ) ;
#2168 =( BOUNDED_SURFACE ( )  B_SPLINE_SURFACE ( 1, 2, ( 
 ( #3245, #2693, #1611, #3211, #2675, #13, #565, #2404, #1573, #784, #2708, #2965, #2177, #802, #66, #3193, #1116, #1382, #823, #2451, #2193, #3261, #2925, #1910, #1349, #1068, #304, #1365, #2657, #1631, #858, #1876, #547, #1927, #1857, #1315, #2421, #2389, #2998, #33, #2642, #2436, #2982, #1086, #2160, #50, #1100, #3231, #582, #252, #1894, #3461, #1051, #529, #2121, #1590, #335, #1198, #632, #1728, #1975, #3276, #3063, #94, #3029, #142, #2223, #350, #1662, #3046, #614, #2466, #3343, #648, #941, #2502, #1180, #2723, #2772, #1395, #2243, #2278, #2011, #596, #1677, #2793, #1147, #1409, #2758, #79, #398, #1131, #1942, #2207, #873, #2738, #384, #3290, #1463, #1428, #3012, #2482, #889, #1958, #1695, #1447, #126, #367, #2261, #2534, #111, #1164, #3308, #904, #3326, #2518, #1713 ),
 ( #922, #1992, #663, #3133, #730, #1801, #1531, #466, #2865, #1566, #778, #5, #3222, #279, #1601, #1077, #520, #1547, #261, #3204, #2957, #1582, #3170, #485, #2097, #1061, #2131, #794, #2634, #762, #44, #2686, #243, #815, #1306, #2650, #2151, #1887, #2414, #1623, #557, #298, #539, #2937, #1866, #2666, #1849, #2618, #1358, #1342, #2429, #1094, #2169, #1834, #24, #2918, #2381, #3239, #834, #503, #2882, #227, #2113, #3453, #1287, #1027, #2362, #1044, #3436, #2902, #1325, #3187, #2397, #1110, #898, #1389, #867, #1438, #75, #1655, #2976, #3284, #1921, #313, #1173, #1952, #2252, #344, #2493, #577, #623, #2702, #88, #2511, #3318, #1903, #2991, #3038, #2460, #2717, #607, #1375, #1706, #119, #3255, #2445, #1641, #591, #1687, #1126, #2766, #2732, #852, #59, #2187, #330, #2202 ) ),
 .UNSPECIFIED., .F., .F., .T. ) 
 B_SPLINE_SURFACE_WITH_KNOTS ( ( 2, 2 ),
 ( 3, 2, 2, 2, 2, 2, 2, 2, 2, 2, 2, 2, 2, 2, 2, 2, 2, 2, 2, 2, 2, 2, 2, 2, 2, 2, 2, 2, 2, 2, 2, 2, 2, 2, 2, 2, 2, 2, 2, 2, 2, 2, 2, 2, 2, 2, 2, 2, 2, 2, 2, 2, 2, 2, 2, 2, 2, 2, 3 ),
 ( 0.000000000000000000, 1.000000000000000000 ),
 ( 0.000000000000000000, 0.01666666666666666644, 0.03333333333333333287, 0.05000000000000000278, 0.06666666666666666574, 0.08333333333333332871, 0.1000000000000000056, 0.1166666666666666685, 0.1333333333333333315, 0.1499999999999999944, 0.1666666666666666574, 0.1833333333333333204, 0.2000000000000000111, 0.2166666666666666741, 0.2333333333333333370, 0.2500000000000000000, 0.2666666666666666630, 0.2833333333333333259, 0.2999999999999999889, 0.3166666666666666519, 0.3333333333333333148, 0.3499999999999999778, 0.3666666666666666408, 0.3833333333333333592, 0.4000000000000000222, 0.4166666666666666852, 0.4333333333333333481, 0.4500000000000000111, 0.4666666666666666741, 0.4833333333333333370, 0.5000000000000000000, 0.5166666666666667185, 0.5333333333333333259, 0.5500000000000000444, 0.5666666666666666519, 0.5833333333333333703, 0.5999999999999999778, 0.6166666666666666963, 0.6333333333333333037, 0.6500000000000000222, 0.6666666666666666297, 0.6833333333333333481, 0.6999999999999999556, 0.7166666666666666741, 0.7333333333333332815, 0.7500000000000000000, 0.7666666666666667185, 0.7833333333333333259, 0.8000000000000000444, 0.8166666666666666519, 0.8333333333333333703, 0.8499999999999999778, 0.8666666666666666963, 0.8833333333333333037, 0.9000000000000000222, 0.9166666666666666297, 0.9333333333333333481, 0.9448593091842565350, 0.9543079022760990737 ),
 .UNSPECIFIED. ) 
 GEOMETRIC_REPRESENTATION_ITEM ( )  RATIONAL_B_SPLINE_SURFACE ( (
 ( 1.000000000000000000, 0.9510565162951535312, 1.000000000000000000, 0.9510565162951535312, 1.000000000000000000, 0.9510565162951535312, 1.000000000000000000, 0.9510565162951535312, 1.000000000000000000, 0.9510565162951535312, 1.000000000000000000, 0.9510565162951535312, 1.000000000000000000, 0.9510565162951535312, 1.000000000000000000, 0.9510565162951535312, 1.000000000000000000, 0.9510565162951535312, 1.000000000000000000, 0.9510565162951535312, 1.000000000000000000, 0.9510565162951535312, 1.000000000000000000, 0.9510565162951535312, 1.000000000000000000, 0.9510565162951535312, 1.000000000000000000, 0.9510565162951535312, 1.000000000000000000, 0.9510565162951535312, 1.000000000000000000, 0.9510565162951535312, 1.000000000000000000, 0.9510565162951535312, 1.000000000000000000, 0.9510565162951535312, 1.000000000000000000, 0.9510565162951535312, 1.000000000000000000, 0.9510565162951535312, 1.000000000000000000, 0.9510565162951535312, 1.000000000000000000, 0.9510565162951535312, 1.000000000000000000, 0.9510565162951535312, 1.000000000000000000, 0.9510565162951535312, 1.000000000000000000, 0.9510565162951535312, 1.000000000000000000, 0.9510565162951535312, 1.000000000000000000, 0.9510565162951535312, 1.000000000000000000, 0.9510565162951535312, 1.000000000000000000, 0.9510565162951535312, 1.000000000000000000, 0.9510565162951535312, 1.000000000000000000, 0.9510565162951535312, 1.000000000000000000, 0.9510565162951535312, 1.000000000000000000, 0.9510565162951535312, 1.000000000000000000, 0.9510565162951535312, 1.000000000000000000, 0.9510565162951535312, 1.000000000000000000, 0.9510565162951535312, 1.000000000000000000, 0.9510565162951535312, 1.000000000000000000, 0.9510565162951535312, 1.000000000000000000, 0.9510565162951535312, 1.000000000000000000, 0.9510565162951535312, 1.000000000000000000, 0.9510565162951535312, 1.000000000000000000, 0.9510565162951535312, 1.000000000000000000, 0.9510565162951535312, 1.000000000000000000, 0.9510565162951535312, 1.000000000000000000, 0.9510565162951535312, 1.000000000000000000, 0.9510565162951535312, 1.000000000000000000, 0.9510565162951535312, 1.000000000000000000, 0.9510565162951535312, 1.000000000000000000, 0.9510565162951535312, 1.000000000000000000, 0.9510565162951535312, 1.000000000000000000, 0.9510565162951535312, 1.000000000000000000, 0.9510565162951535312, 1.000000000000000000, 0.9510565162951535312, 1.000000000000000000, 0.9510565162951535312, 1.000000000000000000, 0.9510565162951535312, 1.000000000000000000, 0.9510565162951535312, 1.000000000000000000, 0.9661527153254730882, 0.9791201889442966433, 0.9791201889442966433, 0.9791201889442966433),
 ( 1.000000000000000000, 0.9510565162951535312, 1.000000000000000000, 0.9510565162951535312, 1.000000000000000000, 0.9510565162951535312, 1.000000000000000000, 0.9510565162951535312, 1.000000000000000000, 0.9510565162951535312, 1.000000000000000000, 0.9510565162951535312, 1.000000000000000000, 0.9510565162951535312, 1.000000000000000000, 0.9510565162951535312, 1.000000000000000000, 0.9510565162951535312, 1.000000000000000000, 0.9510565162951535312, 1.000000000000000000, 0.9510565162951535312, 1.000000000000000000, 0.9510565162951535312, 1.000000000000000000, 0.9510565162951535312, 1.000000000000000000, 0.9510565162951535312, 1.000000000000000000, 0.9510565162951535312, 1.000000000000000000, 0.9510565162951535312, 1.000000000000000000, 0.9510565162951535312, 1.000000000000000000, 0.9510565162951535312, 1.000000000000000000, 0.9510565162951535312, 1.000000000000000000, 0.9510565162951535312, 1.000000000000000000, 0.9510565162951535312, 1.000000000000000000, 0.9510565162951535312, 1.000000000000000000, 0.9510565162951535312, 1.000000000000000000, 0.9510565162951535312, 1.000000000000000000, 0.9510565162951535312, 1.000000000000000000, 0.9510565162951535312, 1.000000000000000000, 0.9510565162951535312, 1.000000000000000000, 0.9510565162951535312, 1.000000000000000000, 0.9510565162951535312, 1.000000000000000000, 0.9510565162951535312, 1.000000000000000000, 0.9510565162951535312, 1.000000000000000000, 0.9510565162951535312, 1.000000000000000000, 0.9510565162951535312, 1.000000000000000000, 0.9510565162951535312, 1.000000000000000000, 0.9510565162951535312, 1.000000000000000000, 0.9510565162951535312, 1.000000000000000000, 0.9510565162951535312, 1.000000000000000000, 0.9510565162951535312, 1.000000000000000000, 0.9510565162951535312, 1.000000000000000000, 0.9510565162951535312, 1.000000000000000000, 0.9510565162951535312, 1.000000000000000000, 0.9510565162951535312, 1.000000000000000000, 0.9510565162951535312, 1.000000000000000000, 0.9510565162951535312, 1.000000000000000000, 0.9510565162951535312, 1.000000000000000000, 0.9510565162951535312, 1.000000000000000000, 0.9510565162951535312, 1.000000000000000000, 0.9510565162951535312, 1.000000000000000000, 0.9510565162951535312, 1.000000000000000000, 0.9510565162951535312, 1.000000000000000000, 0.9510565162951535312, 1.000000000000000000, 0.9510565162951535312, 1.000000000000000000, 0.9510565162951535312, 1.000000000000000000, 0.9510565162951535312, 1.000000000000000000, 0.9510565162951535312, 1.000000000000000000, 0.9510565162951535312, 1.000000000000000000, 0.9661527153254730882, 0.9791201889442966433, 0.9791201889442966433, 0.9791201889442966433) ) ) 
 REPRESENTATION_ITEM ( '' )  SURFACE ( )  );
#2169 = CARTESIAN_POINT ( 'NONE',  ( -36.52362188585566827, 4.164791663776159503, 26.53596457686149535 ) ) ;
#2170 = CARTESIAN_POINT ( 'NONE',  ( -43.99999999999997868, 9.747499999999982734, 14.29646663424786013 ) ) ;
#2171 = ORIENTED_EDGE ( 'NONE', *, *, #978, .F. ) ;
#2172 = ORIENTED_EDGE ( 'NONE', *, *, #1610, .F. ) ;
#2173 = CARTESIAN_POINT ( 'NONE',  ( -1.356201137583094463, 92.39344799905703098, -20.34410941934467942 ) ) ;
#2174 = CARTESIAN_POINT ( 'NONE',  ( 45.14567943541665329, 2.788958330442826039, 14.66872044838375899 ) ) ;
#2175 = EDGE_CURVE ( 'NONE', #2115, #3455, #2900, .T. ) ;
#2176 = CARTESIAN_POINT ( 'NONE',  ( -1.936988439943839078E-11, 75.03909122581700331, 27.18109142242854404 ) ) ;
#2177 = CARTESIAN_POINT ( 'NONE',  ( -35.59674775249768430, -0.7300000000000002043, 25.86255110086881004 ) ) ;
#2178 = CARTESIAN_POINT ( 'NONE',  ( -24.53692745868166014, 3.121684193700679093E-17, 37.79246730561252576 ) ) ;
#2179 = CARTESIAN_POINT ( 'NONE',  ( 43.99999999999999289, 10.27666666088565250, -14.29646663424787256 ) ) ;
#2180 = EDGE_CURVE ( 'NONE', #1011, #901, #245, .T. ) ;
#2181 = CARTESIAN_POINT ( 'NONE',  ( -44.00000000000000000, 1.264958333391142942, 14.29646663424786901 ) ) ;
#2182 = CARTESIAN_POINT ( 'NONE',  ( 2.906636507328100180E-15, 5.805208330442825471, -47.46897651391098805 ) ) ;
#2183 = CARTESIAN_POINT ( 'NONE',  ( 7.957440095739395147, 5.273956896269007534E-17, -43.40965799238211531 ) ) ;
#2184 = CARTESIAN_POINT ( 'NONE',  ( -6.878079392184512919, 88.00080180138870389, 19.27312785848465282 ) ) ;
#2185 = CARTESIAN_POINT ( 'NONE',  ( 4.644057873747234666, 79.10601487984963853, -22.91647674867635942 ) ) ;
#2186 = CARTESIAN_POINT ( 'NONE',  ( -27.90156433629466548, 6.387291663776157868, 38.40320870533925302 ) ) ;
#2187 = CARTESIAN_POINT ( 'NONE',  ( -21.92503813772207977, 10.66203621549843028, 39.46422524698584766 ) ) ;
#2188 = CARTESIAN_POINT ( 'NONE',  ( 0.000000000000000000, 181.9722436226800539, 0.000000000000000000 ) ) ;
#2189 = ORIENTED_EDGE ( 'NONE', *, *, #381, .T. ) ;
#2190 = CARTESIAN_POINT ( 'NONE',  ( 4.953046892540258206, 79.35921070397041888, -22.72291901578820728 ) ) ;
#2191 = CARTESIAN_POINT ( 'NONE',  ( 27.90156433629465837, 3.212291663776159822, -38.40320870533925302 ) ) ;
#2192 = DIRECTION ( 'NONE',  ( 0.000000000000000000, -1.000000000000000000, 0.000000000000000000 ) ) ;
#2193 = CARTESIAN_POINT ( 'NONE',  ( 44.00000000000000000, 0.1166666666666663910, 0.000000000000000000 ) ) ;
#2194 = CARTESIAN_POINT ( 'NONE',  ( -3.209124300148642472, 75.41243502396129372, 26.93316243133386223 ) ) ;
#2195 = CARTESIAN_POINT ( 'NONE',  ( -43.99999999999999289, -1.047500000000000098, -14.29646663424788144 ) ) ;
#2196 = CARTESIAN_POINT ( 'NONE',  ( 13.59674775249768608, 0.5241250000578098200, -41.84648671698675315 ) ) ;
#2197 = CARTESIAN_POINT ( 'NONE',  ( -8.719909521984299356E-15, 4.746874997109491012, 47.46897651391098805 ) ) ;
#2198 = CARTESIAN_POINT ( 'NONE',  ( -7.500000000000003553, 85.00000000000000000, 19.68680216366897895 ) ) ;
#2199 = CARTESIAN_POINT ( 'NONE',  ( -6.050420316477425509, 89.49114121342722683, 24.04027095481796295 ) ) ;
#2200 = CARTESIAN_POINT ( 'NONE',  ( 4.071108147912112507, 78.68324331851594877, -23.24566376129335765 ) ) ;
#2201 = CARTESIAN_POINT ( 'NONE',  ( 2.906636507328100180E-15, 7.657291663776158330, -47.46897651391098805 ) ) ;
#2202 = CARTESIAN_POINT ( 'NONE',  ( -7.802969040795296962, 10.78369309449531066, 47.30998686008923215 ) ) ;
#2203 = LINE ( 'NONE', #1672, #3013 ) ;
#2204 = ORIENTED_EDGE ( 'NONE', *, *, #3122, .T. ) ;
#2205 = CARTESIAN_POINT ( 'NONE',  ( -3.909837787237485429, 78.59975246748300037, -23.31473555982187662 ) ) ;
#2206 = CARTESIAN_POINT ( 'NONE',  ( 45.14567943541665329, 5.117291663776159183, -14.66872044838374478 ) ) ;
#2207 = CARTESIAN_POINT ( 'NONE',  ( -27.19349550499538282, 7.842499999999998472, 37.42863556748974929 ) ) ;
#2208 = FACE_OUTER_BOUND ( 'NONE', #3241, .T. ) ;
#2209 = CARTESIAN_POINT ( 'NONE',  ( 35.59674775249768430, 4.561666666666666536, -25.86255110086881714 ) ) ;
#2210 = CARTESIAN_POINT ( 'NONE',  ( 43.99999999999999289, -1.910041666608856437, -14.29646663424787256 ) ) ;
#2211 = CARTESIAN_POINT ( 'NONE',  ( 36.52362188585566116, 9.297708330442825186, 26.53596457686150956 ) ) ;
#2212 = CARTESIAN_POINT ( 'NONE',  ( -31.45541287315475998, -6.233040095501016893E-17, 32.41757335369680249 ) ) ;
#2213 = CARTESIAN_POINT ( 'NONE',  ( 13.59674775249768608, 8.477499994218986146, -41.84648671698675315 ) ) ;
#2214 = CARTESIAN_POINT ( 'NONE',  ( -0.2380968671589293872, 75.03535573249770607, -27.18358468581234177 ) ) ;
#2215 = AXIS2_PLACEMENT_3D ( 'NONE', #475, #1809, #166 ) ;
#2216 = LINE ( 'NONE', #882, #1012 ) ;
#2217 = CARTESIAN_POINT ( 'NONE',  ( 13.95078216814732031, 6.969374997109493819, 42.93609260962512764 ) ) ;
#2218 = ORIENTED_EDGE ( 'NONE', *, *, #3355, .F. ) ;
#2219 = ADVANCED_FACE ( 'NONE', ( #1793 ), #712, .T. ) ;
#2220 = CARTESIAN_POINT ( 'NONE',  ( 6.673758417119569408, 81.56362256930761134, -21.22692106841564552 ) ) ;
#2221 = CARTESIAN_POINT ( 'NONE',  ( -27.90156433629466548, 6.387291663776158757, 38.40320870533924591 ) ) ;
#2222 = APPLICATION_CONTEXT ( 'automotive_design' ) ;
#2223 = CARTESIAN_POINT ( 'NONE',  ( -13.59674775249768075, 4.984999999999998543, -41.84648671698676026 ) ) ;
#2224 = CARTESIAN_POINT ( 'NONE',  ( 2.007153891410377256, 77.75919769792702141, 26.61634508527372844 ) ) ;
#2225 = CARTESIAN_POINT ( 'NONE',  ( -13.59674775249768075, 4.984999999999998543, -41.84648671698676026 ) ) ;
#2226 = CARTESIAN_POINT ( 'NONE',  ( -8.498620992429152652E-15, 3.804958333391142311, 46.26433786648375701 ) ) ;
#2227 = CARTESIAN_POINT ( 'NONE',  ( -35.59674775249767720, 0.4341666608856535325, -25.86255110086882070 ) ) ;
#2228 = CARTESIAN_POINT ( 'NONE',  ( -35.43078307581011899, -2.812607183127110328E-17, 28.01760767771843064 ) ) ;
#2229 = CARTESIAN_POINT ( 'NONE',  ( -7.377671928761607489, 83.62963185508120034, 20.17203952774002218 ) ) ;
#2230 = CARTESIAN_POINT ( 'NONE',  ( 6.789465838555237553, 88.22226993897132274, 19.27240482306693892 ) ) ;
#2231 = AXIS2_PLACEMENT_3D ( 'NONE', #2494, #105, #1457 ) ;
#2232 = ADVANCED_FACE ( 'NONE', ( #842 ), #2168, .T. ) ;
#2233 = EDGE_CURVE ( 'NONE', #1029, #138, #2071, .T. ) ;
#2234 = LINE ( 'NONE', #426, #40 ) ;
#2235 = CARTESIAN_POINT ( 'NONE',  ( 1.244581607303867591E-15, 168.2030292472766462, 10.16278006173203430 ) ) ;
#2236 = CARTESIAN_POINT ( 'NONE',  ( -44.00000000000000000, 0.6458333275523201467, -5.388445916248353619E-15 ) ) ;
#2237 = CARTESIAN_POINT ( 'NONE',  ( 27.90156433629465127, 7.075208330442825044, 38.40320870533926012 ) ) ;
#2238 = ORIENTED_EDGE ( 'NONE', *, *, #1746, .T. ) ;
#2239 = CARTESIAN_POINT ( 'NONE',  ( 7.500000000000007105, 84.66148721094704399, -19.78491657793389180 ) ) ;
#2240 = CARTESIAN_POINT ( 'NONE',  ( -8.498620992429152652E-15, 7.524999994218985577, 46.26433786648375701 ) ) ;
#2241 = CARTESIAN_POINT ( 'NONE',  ( -13.95078216814732563, 5.646458330442825968, -42.93609260962512764 ) ) ;
#2242 = AXIS2_PLACEMENT_3D ( 'NONE', #2102, #2348, #3229 ) ;
#2243 = CARTESIAN_POINT ( 'NONE',  ( 44.00000000000000000, 6.466666666666665897, 0.000000000000000000 ) ) ;
#2244 = CARTESIAN_POINT ( 'NONE',  ( 9.487526738218093669, 79.26720753113012563, 24.64690332132344963 ) ) ;
#2245 = ADVANCED_FACE ( 'NONE', ( #1937 ), #3007, .T. ) ;
#2246 = CARTESIAN_POINT ( 'NONE',  ( 43.99999999999999289, 6.344958333391143235, 14.29646663424789210 ) ) ;
#2247 = CARTESIAN_POINT ( 'NONE',  ( 27.90156433629465837, 9.826874997109488419, -38.40320870533926012 ) ) ;
#2248 = FACE_OUTER_BOUND ( 'NONE', #1046, .T. ) ;
#2249 = CARTESIAN_POINT ( 'NONE',  ( -7.476252132079918233, 84.35560379224608596, 19.89106233786956324 ) ) ;
#2250 = CARTESIAN_POINT ( 'NONE',  ( -5.493359021164870626, 76.22353740684761192, -26.40819719441275026 ) ) ;
#2251 = CARTESIAN_POINT ( 'NONE',  ( 0.000000000000000000, 0.000000000000000000, 0.000000000000000000 ) ) ;
#2252 = CARTESIAN_POINT ( 'NONE',  ( -13.95078216814732563, 7.763124997109493108, -42.93609260962512764 ) ) ;
#2253 = CARTESIAN_POINT ( 'NONE',  ( -10.87851184022842332, 89.87742087501790422, -21.91998698483943286 ) ) ;
#2254 = CARTESIAN_POINT ( 'NONE',  ( -8.719909521984299356E-15, 8.980208330442826181, 47.46897651391099515 ) ) ;
#2255 = ORIENTED_EDGE ( 'NONE', *, *, #3384, .F. ) ;
#2256 = LINE ( 'NONE', #3322, #1853 ) ;
#2257 = PRODUCT_RELATED_PRODUCT_CATEGORY ( 'part', '', ( #1934 ) ) ;
#2258 = ORIENTED_EDGE ( 'NONE', *, *, #2180, .F. ) ;
#2259 = CARTESIAN_POINT ( 'NONE',  ( 27.19349550499537216, 8.371666660885653144, -37.42863556748975640 ) ) ;
#2260 = CARTESIAN_POINT ( 'NONE',  ( -27.90156433629466548, 8.503958330442824121, 38.40320870533924591 ) ) ;
#2261 = CARTESIAN_POINT ( 'NONE',  ( -35.59674775249767720, 9.429999999999999716, -25.86255110086882070 ) ) ;
#2262 = CARTESIAN_POINT ( 'NONE',  ( -13.95078216814732563, 3.794374997109493552, -42.93609260962512764 ) ) ;
#2263 = CARTESIAN_POINT ( 'NONE',  ( -0.9001783576920370233, 75.06389270909279787, 27.16449122506634950 ) ) ;
#2264 = CARTESIAN_POINT ( 'NONE',  ( 2.832873664143050884E-15, 6.979958333391143022, -46.26433786648375701 ) ) ;
#2265 = CARTESIAN_POINT ( 'NONE',  ( 13.59674775249768608, 2.127499994218986945, -41.84648671698675315 ) ) ;
#2266 = CARTESIAN_POINT ( 'NONE',  ( 5.529902194826176398, 90.12144045223725186, 23.97798090809139282 ) ) ;
#2267 = CARTESIAN_POINT ( 'NONE',  ( -6.124778356700997684, 80.52296109601415708, 25.54997036303321778 ) ) ;
#2268 = CARTESIAN_POINT ( 'NONE',  ( -3.056502326824080740, 78.13337988172548876, -23.69372233729059829 ) ) ;
#2269 = CARTESIAN_POINT ( 'NONE',  ( -38.91615697147724262, -6.926521735976216329E-17, -22.29657320626665751 ) ) ;
#2270 = CARTESIAN_POINT ( 'NONE',  ( 0.1249365683398200033, 92.53682831495390815, 20.41085425901778194 ) ) ;
#2271 = CARTESIAN_POINT ( 'NONE',  ( -5.229393981473950070, 76.08037578424134040, -26.49703270829786916 ) ) ;
#2272 = CARTESIAN_POINT ( 'NONE',  ( -11.61249443034850515, 83.36704984075386449, -22.88207467376961191 ) ) ;
#2273 = CARTESIAN_POINT ( 'NONE',  ( 13.95078216814733096, 9.932708330442824973, -42.93609260962512053 ) ) ;
#2274 = ORIENTED_EDGE ( 'NONE', *, *, #1134, .F. ) ;
#2275 = DIRECTION ( 'NONE',  ( -0.000000000000000000, -1.000000000000000000, -0.000000000000000000 ) ) ;
#2276 = CARTESIAN_POINT ( 'NONE',  ( 2.832873664143050884E-15, 8.583333327552322700, -46.26433786648375701 ) ) ;
#2277 = CARTESIAN_POINT ( 'NONE',  ( -35.59674775249767720, 8.900833327552319929, -25.86255110086882070 ) ) ;
#2278 = CARTESIAN_POINT ( 'NONE',  ( 43.99999999999999289, 6.572499999999998899, -14.29646663424787256 ) ) ;
#2279 = CARTESIAN_POINT ( 'NONE',  ( 27.90156433629465127, 0.7252083304428267319, 38.40320870533926723 ) ) ;
#2280 = CARTESIAN_POINT ( 'NONE',  ( 6.379494669414936148, 80.86929354233606659, 25.43798358498768053 ) ) ;
#2281 = ADVANCED_FACE ( 'NONE', ( #641 ), #2684, .F. ) ;
#2282 = CARTESIAN_POINT ( 'NONE',  ( 43.99999999999999289, 4.439958333391141210, -14.29646663424787256 ) ) ;
#2283 = CARTESIAN_POINT ( 'NONE',  ( 35.59674775249767720, 1.492499994218987158, 25.86255110086882425 ) ) ;
#2284 = CARTESIAN_POINT ( 'NONE',  ( 7.522192264159493824, 93.74545527813398849, 22.55176227521733878 ) ) ;
#2285 = CARTESIAN_POINT ( 'NONE',  ( -5.087510892270274532, 79.38286198658384762, -25.94977567361907589 ) ) ;
#2286 = CARTESIAN_POINT ( 'NONE',  ( -51.05400000000000205, 0.000000000000000000, 0.000000000000000000 ) ) ;
#2287 = CARTESIAN_POINT ( 'NONE',  ( -44.52978887210586834, 1.038233645787382822E-16, -6.934055566558921413 ) ) ;
#2288 = CARTESIAN_POINT ( 'NONE',  ( 2.344637179056930254, 92.16399170607378721, 20.24144346623880608 ) ) ;
#2289 = CARTESIAN_POINT ( 'NONE',  ( 4.376793825497452772, 78.89873204245287752, 23.07683766985302398 ) ) ;
#2290 = CARTESIAN_POINT ( 'NONE',  ( -11.25559778840395886, 89.03210905094930183, -21.90235485459663423 ) ) ;
#2291 = CARTESIAN_POINT ( 'NONE',  ( -45.14567943541666040, 10.67354166377615954, 14.66872044838374300 ) ) ;
#2292 = ORIENTED_EDGE ( 'NONE', *, *, #3309, .F. ) ;
#2293 = CARTESIAN_POINT ( 'NONE',  ( -5.318823596841181001, 79.71226744760238603, 22.46206637671761541 ) ) ;
#2294 = CARTESIAN_POINT ( 'NONE',  ( 35.59674775249768430, 6.149166660885653002, -25.86255110086881714 ) ) ;
#2295 = CARTESIAN_POINT ( 'NONE',  ( 27.90156433629465837, 7.445624997109491439, -38.40320870533925302 ) ) ;
#2296 = CARTESIAN_POINT ( 'NONE',  ( 13.59674775249767720, 6.043333333333333002, 41.84648671698676026 ) ) ;
#2297 = CARTESIAN_POINT ( 'NONE',  ( -36.52362188585566116, 1.889374997109493304, -26.53596457686150600 ) ) ;
#2298 = CARTESIAN_POINT ( 'NONE',  ( 5.857165241012021184, 76.41950238309188137, 26.28660050964514383 ) ) ;
#2299 = CARTESIAN_POINT ( 'NONE',  ( 35.59674775249768430, 8.265833327552320142, -25.86255110086881714 ) ) ;
#2300 = CARTESIAN_POINT ( 'NONE',  ( 1.236646380982189264, 92.42138763622598674, 23.98486761524560862 ) ) ;
#2301 = DIRECTION ( 'NONE',  ( 0.000000000000000000, 0.000000000000000000, -1.000000000000000000 ) ) ;
#2302 = CIRCLE ( 'NONE', #178, 10.53390018782090465 ) ;
#2303 = CARTESIAN_POINT ( 'NONE',  ( 10.11924886977827676, 91.13710427403709957, 22.02777252913395500 ) ) ;
#2304 = CARTESIAN_POINT ( 'NONE',  ( 2.441331422932952577, 75.25264812726523189, -27.03883310468556900 ) ) ;
#2305 = CARTESIAN_POINT ( 'NONE',  ( -7.492049846482870201, 85.42478730613562732, -19.56958118999698826 ) ) ;
#2306 = LINE ( 'NONE', #2324, #3422 ) ;
#2307 = PRESENTATION_STYLE_ASSIGNMENT (( #692 ) ) ;
#2308 = CARTESIAN_POINT ( 'NONE',  ( 5.228901074722675624, 90.43072590648324649, -23.95757949836262668 ) ) ;
#2309 = CARTESIAN_POINT ( 'NONE',  ( -7.500000000000005329, 85.32510282010258607, -19.59257448955519720 ) ) ;
#2310 = CARTESIAN_POINT ( 'NONE',  ( 44.00000000000000711, 8.583333333333337478, 0.000000000000000000 ) ) ;
#2311 = CARTESIAN_POINT ( 'NONE',  ( -8.498620992429152652E-15, 3.291666660885652629, 46.26433786648375701 ) ) ;
#2312 = CARTESIAN_POINT ( 'NONE',  ( -45.14567943541666040, 10.30312499710949226, -5.528751181591550879E-15 ) ) ;
#2313 = CARTESIAN_POINT ( 'NONE',  ( 27.19349550499537216, 6.784166666666664902, -37.42863556748975640 ) ) ;
#2314 = CARTESIAN_POINT ( 'NONE',  ( -36.52362188585566116, 4.006041663776160000, -26.53596457686150600 ) ) ;
#2315 = CARTESIAN_POINT ( 'NONE',  ( 6.651027788906944238, 81.50150305316552135, 21.25946178322250546 ) ) ;
#2316 = CARTESIAN_POINT ( 'NONE',  ( 44.00000000000000000, 10.17083332755231950, 0.000000000000000000 ) ) ;
#2317 = CARTESIAN_POINT ( 'NONE',  ( 6.199348505758239369, 94.53604759997116957, 22.79420799092670080 ) ) ;
#2318 = CARTESIAN_POINT ( 'NONE',  ( -7.401308489143602287, 77.33422289125822147, -25.72510285479023651 ) ) ;
#2319 = CARTESIAN_POINT ( 'NONE',  ( 7.058094258648433872, 87.54475734203761306, 24.37435189829331961 ) ) ;
#2320 = AXIS2_PLACEMENT_3D ( 'NONE', #2075, #2597, #1845 ) ;
#2321 = CARTESIAN_POINT ( 'NONE',  ( 10.42439767196594147, 90.67937229865006543, 21.97759259536729814 ) ) ;
#2322 = CARTESIAN_POINT ( 'NONE',  ( 6.968912368100999899, 6.412422569647840298, -44.00000097676663557 ) ) ;
#2323 = CARTESIAN_POINT ( 'NONE',  ( -6.035323642122103038, 80.39968064091256394, -25.58971994083664825 ) ) ;
#2324 = CARTESIAN_POINT ( 'NONE',  ( -21.36863773823302637, 10.00057788505560552, 38.46272638818214062 ) ) ;
#2325 = CARTESIAN_POINT ( 'NONE',  ( -11.36450751910000889, 88.73838265890086063, -21.90636615145977828 ) ) ;
#2326 = CARTESIAN_POINT ( 'NONE',  ( 4.841442233015298413, 90.78237402744861129, -23.94369096044913192 ) ) ;
#2327 = CARTESIAN_POINT ( 'NONE',  ( -13.59674775249768075, 6.572499994218985897, -41.84648671698676026 ) ) ;
#2328 = CARTESIAN_POINT ( 'NONE',  ( 45.14567943541665329, 2.788958330442826039, 14.66872044838375899 ) ) ;
#2329 = CARTESIAN_POINT ( 'NONE',  ( 43.99999999999997158, 2.233333333333315185, 0.000000000000000000 ) ) ;
#2330 = ORIENTED_EDGE ( 'NONE', *, *, #2736, .T. ) ;
#2331 = CARTESIAN_POINT ( 'NONE',  ( 35.59674775249768430, -0.2008333391143462821, -25.86255110086881714 ) ) ;
#2332 = CARTESIAN_POINT ( 'NONE',  ( 43.99999999999998579, 1.598333327552320382, 14.29646663424789033 ) ) ;
#2333 = CARTESIAN_POINT ( 'NONE',  ( -45.14567943541666040, -0.01562500289050642449, -5.528751181591550879E-15 ) ) ;
#2334 = CARTESIAN_POINT ( 'NONE',  ( 7.617806640453536282, 84.81665125663280946, 24.61839908112034081 ) ) ;
#2335 = CARTESIAN_POINT ( 'NONE',  ( 2.832873664143050884E-15, 6.466666660885652895, -46.26433786648375701 ) ) ;
#2336 = CARTESIAN_POINT ( 'NONE',  ( 8.313374587000444293, 93.10524487730009469, -22.38837782872723636 ) ) ;
#2337 = CARTESIAN_POINT ( 'NONE',  ( -13.95078216814733629, 0.4077083304428268384, 42.93609260962512053 ) ) ;
#2338 = CARTESIAN_POINT ( 'NONE',  ( -7.178507865498126250, 87.21622196897436652, -24.42973357606984663 ) ) ;
#2339 = CARTESIAN_POINT ( 'NONE',  ( -1.083147762813973625, 75.07254010518217058, -27.15867274310986090 ) ) ;
#2340 = CARTESIAN_POINT ( 'NONE',  ( 3.911952404349426260, 95.47280204012973570, 23.12300631843808318 ) ) ;
#2341 = CARTESIAN_POINT ( 'NONE',  ( 3.939340755136031991, 91.38213086789393458, -19.93075455085949699 ) ) ;
#2342 = EDGE_LOOP ( 'NONE', ( #3189, #2901 ) ) ;
#2343 = CARTESIAN_POINT ( 'NONE',  ( -45.14567943541666040, 1.942291663776159583, 14.66872044838374123 ) ) ;
#2344 = CARTESIAN_POINT ( 'NONE',  ( 0.000000000000000000, 168.2030292472766462, -10.16278006173203430 ) ) ;
#2345 = ORIENTED_EDGE ( 'NONE', *, *, #1035, .T. ) ;
#2346 = CARTESIAN_POINT ( 'NONE',  ( -43.99999999999999289, 0.5399999942189869229, -14.29646663424788144 ) ) ;
#2347 = CARTESIAN_POINT ( 'NONE',  ( 36.52362188585566827, 5.487708330442826465, -26.53596457686149890 ) ) ;
#2348 = DIRECTION ( 'NONE',  ( -0.000000000000000000, -1.000000000000000000, -0.000000000000000000 ) ) ;
#2349 = CARTESIAN_POINT ( 'NONE',  ( 7.216631317635600062, 87.08973018950372591, 24.44434170259632211 ) ) ;
#2350 = CARTESIAN_POINT ( 'NONE',  ( 35.59674775249767720, 7.842499994218986359, 25.86255110086882425 ) ) ;
#2351 = DIRECTION ( 'NONE',  ( 0.000000000000000000, 0.000000000000000000, 1.000000000000000000 ) ) ;
#2352 = DIRECTION ( 'NONE',  ( 0.000000000000000000, 0.000000000000000000, -1.000000000000000000 ) ) ;
#2353 = AXIS2_PLACEMENT_3D ( 'NONE', #3394, #934, #391 ) ;
#2354 = CARTESIAN_POINT ( 'NONE',  ( -6.166965052981478526E-06, 6.466666721700472742, -43.99999999999956657 ) ) ;
#2355 = CARTESIAN_POINT ( 'NONE',  ( -6.651541532960886904, 81.30304763746920571, -25.30712922835991563 ) ) ;
#2356 = CARTESIAN_POINT ( 'NONE',  ( -13.59674775249767009, 0.7516666666666457219, -41.84648671698672473 ) ) ;
#2357 = DIRECTION ( 'NONE',  ( -0.5252454340189030013, -0.8509507823853822428, 0.000000000000000000 ) ) ;
#2358 = CARTESIAN_POINT ( 'NONE',  ( 6.972823097591581032, 94.11042373591322985, -22.65837028974478073 ) ) ;
#2359 = CARTESIAN_POINT ( 'NONE',  ( -7.043503986238062176, 87.59831883917517814, -19.27171481382123375 ) ) ;
#2360 = CARTESIAN_POINT ( 'NONE',  ( 45.14567943541665329, 4.905624997109493179, 14.66872044838375899 ) ) ;
#2361 = ORIENTED_EDGE ( 'NONE', *, *, #1443, .T. ) ;
#2362 = CARTESIAN_POINT ( 'NONE',  ( -13.95078216814732563, 5.646458330442825968, -42.93609260962512764 ) ) ;
#2363 = CARTESIAN_POINT ( 'NONE',  ( 0.000000000000000000, 10.00000000000000000, 0.000000000000000000 ) ) ;
#2364 = ORIENTED_EDGE ( 'NONE', *, *, #2780, .F. ) ;
#2365 = CARTESIAN_POINT ( 'NONE',  ( -9.159783656957161568, 78.83367108885623509, 24.86894003604127334 ) ) ;
#2366 = CARTESIAN_POINT ( 'NONE',  ( -45.14567943541666040, 2.206874997109493197, 14.66872044838374300 ) ) ;
#2367 = CARTESIAN_POINT ( 'NONE',  ( 1.895080496324291319, 92.28398299287631801, -23.97539397130147520 ) ) ;
#2368 = B_SPLINE_CURVE_WITH_KNOTS ( 'NONE', 3,
 ( #3184, #2109, #1846, #1283, #1024, #3129, #3165, #240, #991, #774, #3449, #1041, #2093, #224 ),
 .UNSPECIFIED., .F., .F.,
 ( 4, 2, 2, 2, 2, 2, 4 ),
 ( 0.04131532726053777776, 0.04346392183801079528, 0.04453821912674731792, 0.04561251641548384750, 0.04668681370422037014, 0.04776111099295689971, 0.04990970557042997968 ),
 .UNSPECIFIED. ) ;
#2369 = CARTESIAN_POINT ( 'NONE',  ( -45.14567943541666040, 10.56770833044282476, -5.528751181591550879E-15 ) ) ;
#2370 = CARTESIAN_POINT ( 'NONE',  ( 35.59674775249768430, 6.149166660885653890, -25.86255110086881714 ) ) ;
#2371 = CARTESIAN_POINT ( 'NONE',  ( 14.97365580653605299, -1.159140424667607994E-14, -41.37377952021532224 ) ) ;
#2372 = DIRECTION ( 'NONE',  ( -0.000000000000000000, -1.000000000000000000, -0.000000000000000000 ) ) ;
#2373 = EDGE_CURVE ( 'NONE', #3273, #484, #2216, .T. ) ;
#2374 = CARTESIAN_POINT ( 'NONE',  ( -43.99999999999998579, 3.185833333333330852, -14.29646663424788144 ) ) ;
#2375 = CARTESIAN_POINT ( 'NONE',  ( -5.711140621781407134, 80.13289409387573414, -22.15957023640354606 ) ) ;
#2376 = CARTESIAN_POINT ( 'NONE',  ( 6.968916977704203930, 3.345910788003346070, 43.99999947901575581 ) ) ;
#2377 = CARTESIAN_POINT ( 'NONE',  ( -27.19349550499537926, 3.079999994218986181, 37.42863556748974929 ) ) ;
#2378 = CARTESIAN_POINT ( 'NONE',  ( 8.491096519867457897E-14, 8.054166666666663588, 43.99999999999998579 ) ) ;
#2379 = EDGE_LOOP ( 'NONE', ( #1308, #2462, #1563 ) ) ;
#2380 = CARTESIAN_POINT ( 'NONE',  ( -8.719909521984299356E-15, 2.365624997109492700, 47.46897651391098805 ) ) ;
#2381 = CARTESIAN_POINT ( 'NONE',  ( 13.95078216814732031, 4.588124997109493286, 42.93609260962512764 ) ) ;
#2382 = CYLINDRICAL_SURFACE ( 'NONE', #2119, 44.00000000000000000 ) ;
#2383 = ORIENTED_EDGE ( 'NONE', *, *, #1545, .F. ) ;
#2384 = CARTESIAN_POINT ( 'NONE',  ( -9.826951587507751995, 79.61474157312797217, 24.45301706465227198 ) ) ;
#2385 = CARTESIAN_POINT ( 'NONE',  ( 45.14567943541665329, 1.148541663776159849, -14.66872044838374478 ) ) ;
#2386 = CARTESIAN_POINT ( 'NONE',  ( -6.558221374592863029, 88.66017302237496267, -24.16832227159661173 ) ) ;
#2387 = CARTESIAN_POINT ( 'NONE',  ( 13.95078216814733096, 7.816041663776158721, -42.93609260962512053 ) ) ;
#2388 = CARTESIAN_POINT ( 'NONE',  ( 35.59674775249766299, 4.561666666666648773, -25.86255110086879938 ) ) ;
#2389 = CARTESIAN_POINT ( 'NONE',  ( 27.19349550499536150, 1.915833333333332833, 37.42863556748976350 ) ) ;
#2390 = CARTESIAN_POINT ( 'NONE',  ( 8.768212763724045899, 92.69639666728788541, -22.29445570532496390 ) ) ;
#2391 = CARTESIAN_POINT ( 'NONE',  ( -45.14567943541666040, 2.101041663776160640, -5.528751181591550879E-15 ) ) ;
#2392 = CARTESIAN_POINT ( 'NONE',  ( -6.832820897281949080, 88.10042989120154289, 24.27129400567882556 ) ) ;
#2393 = DIRECTION ( 'NONE',  ( -0.8431981821789634735, 0.5204601774042004747, -0.1346775011146245926 ) ) ;
#2394 = CARTESIAN_POINT ( 'NONE',  ( 11.32304903068241764, 82.36367297941765742, -23.23322212737114612 ) ) ;
#2395 = CARTESIAN_POINT ( 'NONE',  ( -44.00000000000000000, 7.101666660885650906, 14.29646663424786901 ) ) ;
#2396 = CARTESIAN_POINT ( 'NONE',  ( 27.90156433629465837, -1.021041669557173126, -38.40320870533926012 ) ) ;
#2397 = CARTESIAN_POINT ( 'NONE',  ( -36.52362188585566827, 6.281458330442825755, 26.53596457686149535 ) ) ;
#2398 = CARTESIAN_POINT ( 'NONE',  ( 5.334007927442786290, 94.95837957442971344, -22.93593929286880595 ) ) ;
#2399 = EDGE_LOOP ( 'NONE', ( #2632, #814, #2150, #91, #411, #2806, #2079, #749, #1585, #3450 ) ) ;
#2400 = CARTESIAN_POINT ( 'NONE',  ( -44.45238610403950474, 0.09871831124678863423, 15.62295685527450217 ) ) ;
#2401 = CARTESIAN_POINT ( 'NONE',  ( -1.382197778343902783, 95.99299164384436267, -23.32628658415039880 ) ) ;
#2402 = CARTESIAN_POINT ( 'NONE',  ( -27.90156433629465482, 10.25020833044282398, -38.40320870533926012 ) ) ;
#2403 = CARTESIAN_POINT ( 'NONE',  ( 35.59674775249767720, 8.355791666724474709, 25.86255110086882425 ) ) ;
#2404 = CARTESIAN_POINT ( 'NONE',  ( -27.19349550499536861, -1.259166666666666767, -37.42863556748975640 ) ) ;
#2405 = APPLICATION_CONTEXT ( 'automotive_design' ) ;
#2406 = CARTESIAN_POINT ( 'NONE',  ( 22.22734220785120840, 1.606455484902166605E-16, 38.49028332419234744 ) ) ;
#2407 = CARTESIAN_POINT ( 'NONE',  ( -44.00000000000000000, 1.280833333333333268, 14.29646663424786901 ) ) ;
#2408 = CARTESIAN_POINT ( 'NONE',  ( 13.95078216814732031, 6.969374997109493819, 42.93609260962512764 ) ) ;
#2409 = CARTESIAN_POINT ( 'NONE',  ( -1.088581802442406543, 92.42775886486087700, 23.98587456492059999 ) ) ;
#2410 = CARTESIAN_POINT ( 'NONE',  ( -13.59674775249768075, 4.455833327552319645, -41.84648671698676026 ) ) ;
#2411 = CARTESIAN_POINT ( 'NONE',  ( 7.622253982071375056, 84.54123119031616795, -24.64361747995015151 ) ) ;
#2412 = CARTESIAN_POINT ( 'NONE',  ( -6.857658634956928623, 94.16811664255509129, 22.67754681349740409 ) ) ;
#2413 = CARTESIAN_POINT ( 'NONE',  ( -27.90156433629465482, 9.985624997109489698, -38.40320870533926012 ) ) ;
#2414 = CARTESIAN_POINT ( 'NONE',  ( 36.52362188585566116, 2.683124997109493481, 26.53596457686150956 ) ) ;
#2415 = CARTESIAN_POINT ( 'NONE',  ( -7.557520462709257289E-15, 5.937499999999997335, 43.99999999999998579 ) ) ;
#2416 = ORIENTED_EDGE ( 'NONE', *, *, #1394, .F. ) ;
#2417 = CARTESIAN_POINT ( 'NONE',  ( 27.90156433629465127, 2.841874997109492540, 38.40320870533926012 ) ) ;
#2418 = CARTESIAN_POINT ( 'NONE',  ( -6.622532707226314486, 88.52912043677027043, -19.29836130943953521 ) ) ;
#2419 = CARTESIAN_POINT ( 'NONE',  ( 45.14567943541665329, 7.498541663776159716, -14.66872044838374300 ) ) ;
#2420 = DIRECTION ( 'NONE',  ( 0.000000000000000000, 0.000000000000000000, 1.000000000000000000 ) ) ;
#2421 = CARTESIAN_POINT ( 'NONE',  ( 13.59674775249767720, 1.809999999999999609, 41.84648671698676026 ) ) ;
#2422 = CARTESIAN_POINT ( 'NONE',  ( -4.529074695649372373, 78.96056504015292887, 26.11464687797772655 ) ) ;
#2423 = CARTESIAN_POINT ( 'NONE',  ( 43.99999999999999289, 2.339166666666666838, -14.29646663424787256 ) ) ;
#2424 = CARTESIAN_POINT ( 'NONE',  ( 44.00000000000000000, 0.1007916667244765224, 0.000000000000000000 ) ) ;
#2425 = CARTESIAN_POINT ( 'NONE',  ( -27.90156433629466548, 8.768541663776158401, 38.40320870533925302 ) ) ;
#2426 = CARTESIAN_POINT ( 'NONE',  ( -4.977256212360041232, 90.61596378260924212, 19.68021851297022806 ) ) ;
#2427 = CARTESIAN_POINT ( 'NONE',  ( 7.463639126545323244, 83.38220018276290091, -24.81464491748413081 ) ) ;
#2428 = CARTESIAN_POINT ( 'NONE',  ( -36.52362188585566827, 10.51479166377615826, 26.53596457686149535 ) ) ;
#2429 = CARTESIAN_POINT ( 'NONE',  ( -45.14567943541666040, 3.953124997109492611, -5.528751181591550879E-15 ) ) ;
#2430 = CARTESIAN_POINT ( 'NONE',  ( 35.59674775249768430, 10.38249999421911340, -25.86255110086881714 ) ) ;
#2431 = VERTEX_POINT ( 'NONE', #360 ) ;
#2432 = CARTESIAN_POINT ( 'NONE',  ( -3.694132031475377165, 91.53186491426593818, -19.98526672388511827 ) ) ;
#2433 = EDGE_CURVE ( 'NONE', #1063, #1406, #1421, .T. ) ;
#2434 = CARTESIAN_POINT ( 'NONE',  ( 45.14567943541665329, 3.000624997109492931, -14.66872044838374478 ) ) ;
#2435 = CARTESIAN_POINT ( 'NONE',  ( 13.59674775249768608, 8.990791666724474496, -41.84648671698675315 ) ) ;
#2436 = CARTESIAN_POINT ( 'NONE',  ( 43.99999999999999289, 2.339166666666666838, -14.29646663424787256 ) ) ;
#2437 = CARTESIAN_POINT ( 'NONE',  ( 4.202258999770380754, -1.765483487626715031E-16, 44.46983508693075038 ) ) ;
#2438 = CARTESIAN_POINT ( 'NONE',  ( -35.59674775249768430, 1.386666666666666270, 25.86255110086881004 ) ) ;
#2439 = CARTESIAN_POINT ( 'NONE',  ( -13.59674775249769141, -0.5342083332755234171, 41.84648671698675315 ) ) ;
#2440 = CARTESIAN_POINT ( 'NONE',  ( 45.14567943541665329, 3.265208330442827211, -14.66872044838374300 ) ) ;
#2441 = CARTESIAN_POINT ( 'NONE',  ( -18.83969224537203857, -1.284943211510933967E-18, -40.30808097138318402 ) ) ;
#2442 = CARTESIAN_POINT ( 'NONE',  ( -6.292113240099018512, 89.12786360276361108, 24.09046680793917261 ) ) ;
#2443 = CARTESIAN_POINT ( 'NONE',  ( 7.307178339031128012, 77.28751205753557940, -25.75580998747826911 ) ) ;
#2444 = CARTESIAN_POINT ( 'NONE',  ( -13.95078216814732563, 7.763124997109493108, -42.93609260962512764 ) ) ;
#2445 = CARTESIAN_POINT ( 'NONE',  ( 2.906636507328100180E-15, 9.773958330442823694, -47.46897651391098805 ) ) ;
#2446 = CARTESIAN_POINT ( 'NONE',  ( -3.020741334232082214E-07, 0.1166666632369150330, -44.00000000000000000 ) ) ;
#2447 = ORIENTED_EDGE ( 'NONE', *, *, #1363, .T. ) ;
#2448 = CARTESIAN_POINT ( 'NONE',  ( 0.3647547463691360181, 77.50677913593349899, -24.22407581257799691 ) ) ;
#2449 = CARTESIAN_POINT ( 'NONE',  ( -36.52362188585566827, 4.164791663776159503, 26.53596457686149535 ) ) ;
#2450 = CARTESIAN_POINT ( 'NONE',  ( 4.350802683330801806E-15, 170.0000000000000000, 20.00000000000000000 ) ) ;
#2451 = CARTESIAN_POINT ( 'NONE',  ( 43.99999999999999289, 0.01083333333333318105, 14.29646663424789210 ) ) ;
#2452 = CARTESIAN_POINT ( 'NONE',  ( -18.08634576478635836, 4.128624590045974429E-17, 41.16620131758618584 ) ) ;
#2453 = CARTESIAN_POINT ( 'NONE',  ( -13.59674775249768075, -1.365000000000000213, -41.84648671698676026 ) ) ;
#2454 = CARTESIAN_POINT ( 'NONE',  ( 13.59674775249767720, 1.794125000057809505, 41.84648671698676026 ) ) ;
#2455 = CARTESIAN_POINT ( 'NONE',  ( -36.52362188585566827, 6.546041663776160036, 26.53596457686149535 ) ) ;
#2456 = CARTESIAN_POINT ( 'NONE',  ( 8.491096519867457897E-14, 8.054166666666663588, 43.99999999999998579 ) ) ;
#2457 = CARTESIAN_POINT ( 'NONE',  ( -2.225916314412351493, 92.19151687508291104, 23.96931366410031217 ) ) ;
#2458 = CARTESIAN_POINT ( 'NONE',  ( 10.90948979077031566, 81.43842274527456482, -23.61451873324218198 ) ) ;
#2459 = CARTESIAN_POINT ( 'NONE',  ( -27.90156433629465482, -0.3331250028905063387, -38.40320870533926012 ) ) ;
#2460 = CARTESIAN_POINT ( 'NONE',  ( 36.52362188585566116, 9.033124997109492682, 26.53596457686150956 ) ) ;
#2461 = CARTESIAN_POINT ( 'NONE',  ( -13.59674775249768253, 10.80583332755244541, -41.84648671698676026 ) ) ;
#2462 = ORIENTED_EDGE ( 'NONE', *, *, #1512, .F. ) ;
#2463 = CARTESIAN_POINT ( 'NONE',  ( 43.99999999999997868, 0.05978207206680858504, 7.684239767239012586 ) ) ;
#2464 = CARTESIAN_POINT ( 'NONE',  ( -13.95078216814733629, 4.376458330442826394, 42.93609260962512053 ) ) ;
#2465 = CIRCLE ( 'NONE', #3028, 3.000000000000001332 ) ;
#2466 = CARTESIAN_POINT ( 'NONE',  ( -44.00000000000000000, 5.514166666666666217, 14.29646663424786901 ) ) ;
#2467 = CARTESIAN_POINT ( 'NONE',  ( 30.85369439368241729, 1.974638965856491691E-16, 31.79074232791662880 ) ) ;
#2468 = ORIENTED_EDGE ( 'NONE', *, *, #2786, .T. ) ;
#2469 = CARTESIAN_POINT ( 'NONE',  ( 27.19349550499537216, 0.4341666666666663676, -37.42863556748975640 ) ) ;
#2470 = CARTESIAN_POINT ( 'NONE',  ( 43.99999999999999289, 2.111625000057808954, 14.29646663424789210 ) ) ;
#2471 = CARTESIAN_POINT ( 'NONE',  ( 36.52362188585566827, 7.604374997109493606, -26.53596457686149890 ) ) ;
#2472 = CARTESIAN_POINT ( 'NONE',  ( -21.36863773743963435, 11.58807788100331848, 38.46272638862293292 ) ) ;
#2473 = CARTESIAN_POINT ( 'NONE',  ( -11.18148681433174829, 82.00062129562600433, 23.37561815946730448 ) ) ;
#2474 = CARTESIAN_POINT ( 'NONE',  ( -3.712995296138256851, 75.56798068694956783, -26.83133157396582646 ) ) ;
#2475 = EDGE_CURVE ( 'NONE', #1289, #363, #836, .T. ) ;
#2476 = CARTESIAN_POINT ( 'NONE',  ( -45.14567943541666040, 8.292291663776159893, 14.66872044838374123 ) ) ;
#2477 = DIRECTION ( 'NONE',  ( -0.000000000000000000, -1.000000000000000000, -0.000000000000000000 ) ) ;
#2478 = CARTESIAN_POINT ( 'NONE',  ( 43.99999999999997158, 6.466666666666653462, 0.000000000000000000 ) ) ;
#2479 = ORIENTED_EDGE ( 'NONE', *, *, #2831, .F. ) ;
#2480 = CARTESIAN_POINT ( 'NONE',  ( 5.188419349155538818, 79.57517864174889155, -22.56117618518567980 ) ) ;
#2481 = CARTESIAN_POINT ( 'NONE',  ( -13.95078216814733629, 2.259791663776159698, 42.93609260962512053 ) ) ;
#2482 = CARTESIAN_POINT ( 'NONE',  ( 43.99999999999999289, 8.689166666666666927, -14.29646663424787256 ) ) ;
#2483 = CARTESIAN_POINT ( 'NONE',  ( -1.318073507779337517, 77.61260016767097625, 24.13308186519010334 ) ) ;
#2484 = EDGE_CURVE ( 'NONE', #484, #2059, #2306, .T. ) ;
#2486 = ADVANCED_FACE ( 'NONE', ( #726, #3356 ), #1986, .T. ) ;
#2485 = CARTESIAN_POINT ( 'NONE',  ( 35.59674775249767720, 6.254999999999998117, 25.86255110086882425 ) ) ;
#2487 = CARTESIAN_POINT ( 'NONE',  ( -8.498620992429152652E-15, -0.4283749999421899712, 46.26433786648375701 ) ) ;
#2488 = CARTESIAN_POINT ( 'NONE',  ( 13.95078216814732031, 9.086041663776159183, 42.93609260962512764 ) ) ;
#2489 = CARTESIAN_POINT ( 'NONE',  ( -39.52926906660484718, 1.543448064835853754E-17, 21.85744922222631814 ) ) ;
#2490 = CARTESIAN_POINT ( 'NONE',  ( -7.607483026131284909, 84.28413056646994050, 24.67354253010948995 ) ) ;
#2491 = CARTESIAN_POINT ( 'NONE',  ( 6.181989463788540640, 89.25331436525219431, 19.38014672374877279 ) ) ;
#2492 = CARTESIAN_POINT ( 'NONE',  ( 0.3088471408449535160, 75.03909122581740121, -27.18109142242829179 ) ) ;
#2493 = CARTESIAN_POINT ( 'NONE',  ( -36.52362188585566116, 7.974791663776160888, -26.53596457686150600 ) ) ;
#2494 = CARTESIAN_POINT ( 'NONE',  ( 0.000000000000000000, 0.000000000000000000, 0.000000000000000000 ) ) ;
#2495 = CARTESIAN_POINT ( 'NONE',  ( 36.52362188585566827, 9.721041663776158970, -26.53596457686149890 ) ) ;
#2496 = ORIENTED_EDGE ( 'NONE', *, *, #2850, .T. ) ;
#2497 = CARTESIAN_POINT ( 'NONE',  ( 4.403133123040610108, 91.09585717425935059, -23.94080028547941907 ) ) ;
#2498 = EDGE_CURVE ( 'NONE', #1603, #2917, #1456, .T. ) ;
#2499 = VECTOR ( 'NONE', #1759, 1000.000000000000000 ) ;
#2500 = CARTESIAN_POINT ( 'NONE',  ( 35.59674775249768430, 4.032499994218986750, -25.86255110086881714 ) ) ;
#2501 = CARTESIAN_POINT ( 'NONE',  ( -45.14567943541665329, 3.847291663776160053, -14.66872044838375189 ) ) ;
#2502 = CARTESIAN_POINT ( 'NONE',  ( -8.498620992429152652E-15, 5.937499999999997335, 46.26433786648375701 ) ) ;
#2503 = CARTESIAN_POINT ( 'NONE',  ( 4.831005785793140106, 75.95529782401838759, 26.58074605073911201 ) ) ;
#2504 =( BOUNDED_CURVE ( )  B_SPLINE_CURVE ( 1, ( #1121, #340, #2472 ),
 .UNSPECIFIED., .F., .T. ) 
 B_SPLINE_CURVE_WITH_KNOTS ( ( 2, 1, 2 ),
 ( 1.734723475976806902E-18, 4.317879661654140573E-07, 0.001587931782185149007 ),
 .UNSPECIFIED. ) 
 CURVE ( )  GEOMETRIC_REPRESENTATION_ITEM ( )  RATIONAL_B_SPLINE_CURVE ( ( 0.9791201892439551635, 0.9791201892439551635, 0.9791201892439551635 ) ) 
 REPRESENTATION_ITEM ( '' )  );
#2505 = CARTESIAN_POINT ( 'NONE',  ( -35.59674775249768430, 5.604125000057809558, 25.86255110086881004 ) ) ;
#2506 = CARTESIAN_POINT ( 'NONE',  ( 27.19349550499537216, 4.138333327552320640, -37.42863556748975640 ) ) ;
#2507 = CARTESIAN_POINT ( 'NONE',  ( -15.44674231894956051, -1.284943211510914900E-18, -41.67553681774482754 ) ) ;
#2508 = CARTESIAN_POINT ( 'NONE',  ( 13.59674775249767720, 7.630833327552320355, 41.84648671698676026 ) ) ;
#2509 = CARTESIAN_POINT ( 'NONE',  ( -1.971749270220558792, 77.74983351267043474, -26.62040351620347778 ) ) ;
#2510 = CARTESIAN_POINT ( 'NONE',  ( -5.767831823995960505, 89.80821972177322721, 19.47762638497244225 ) ) ;
#2511 = CARTESIAN_POINT ( 'NONE',  ( -27.90156433629466548, 8.503958330442825897, 38.40320870533925302 ) ) ;
#2512 = CARTESIAN_POINT ( 'NONE',  ( -9.322843817698602820, 92.14993466336854055, -22.17875662926910252 ) ) ;
#2513 = CARTESIAN_POINT ( 'NONE',  ( 45.14567943541666040, 7.392708330442826714, 0.000000000000000000 ) ) ;
#2514 = ORIENTED_EDGE ( 'NONE', *, *, #1610, .T. ) ;
#2515 = CARTESIAN_POINT ( 'NONE',  ( 43.99999999999998579, 0.1166666666666577451, 0.000000000000000000 ) ) ;
#2516 = CARTESIAN_POINT ( 'NONE',  ( 27.19349550499536150, 3.503333327552319965, 37.42863556748976350 ) ) ;
#2517 = CARTESIAN_POINT ( 'NONE',  ( -8.719909521984299356E-15, 8.715624997109493677, 47.46897651391099515 ) ) ;
#2518 = CARTESIAN_POINT ( 'NONE',  ( -14.48679399903566889, 10.06140632455404926, 42.28605461762129636 ) ) ;
#2519 = CARTESIAN_POINT ( 'NONE',  ( 1.914496793042517409, 77.74423077732774345, 24.02074753280458452 ) ) ;
#2520 = CARTESIAN_POINT ( 'NONE',  ( -35.59674775249767720, 3.064125000057809523, -25.86255110086882070 ) ) ;
#2521 = CARTESIAN_POINT ( 'NONE',  ( -13.95078216814732563, 10.14437499710949098, -42.93609260962512764 ) ) ;
#2522 = CARTESIAN_POINT ( 'NONE',  ( 4.558728291186652015, 90.98727707821873878, 23.94127414055363090 ) ) ;
#2523 = CARTESIAN_POINT ( 'NONE',  ( -7.550473553352858858, 85.71506919836204474, 24.55211041298096930 ) ) ;
#2524 = CARTESIAN_POINT ( 'NONE',  ( 2.485731762240715348, 77.90479152793587048, -26.55268078005808619 ) ) ;
#2525 = CARTESIAN_POINT ( 'NONE',  ( -3.043693882039121712E-06, 5.407942311339990482, 43.99999999999978684 ) ) ;
#2526 = CARTESIAN_POINT ( 'NONE',  ( 1.244581607303867591E-15, 168.2030292472766462, 10.16278006173203430 ) ) ;
#2527 = CARTESIAN_POINT ( 'NONE',  ( -11.15552654704738345, 81.98694522148990416, -23.38805808602019098 ) ) ;
#2528 = CARTESIAN_POINT ( 'NONE',  ( -13.95078216814733629, 8.874374997109491403, 42.93609260962512053 ) ) ;
#2529 = ORIENTED_EDGE ( 'NONE', *, *, #19, .T. ) ;
#2530 = CARTESIAN_POINT ( 'NONE',  ( 13.59674775249768786, 9.006666666666667709, -41.84648671698676026 ) ) ;
#2531 = ADVANCED_FACE ( 'NONE', ( #2057 ), #1450, .T. ) ;
#2532 = CARTESIAN_POINT ( 'NONE',  ( -27.19349550499538282, 5.196666660885652433, 37.42863556748974929 ) ) ;
#2533 = CARTESIAN_POINT ( 'NONE',  ( 6.968915417558405601, 2.179089212578371626, -43.99999998593786188 ) ) ;
#2534 = CARTESIAN_POINT ( 'NONE',  ( -43.99999999999999289, 9.535833333333329165, -14.29646663424788144 ) ) ;
#2535 = EDGE_CURVE ( 'NONE', #561, #1159, #2859, .T. ) ;
#2536 = CARTESIAN_POINT ( 'NONE',  ( -45.14567943541666040, 6.440208330442826146, 14.66872044838374123 ) ) ;
#2537 = CARTESIAN_POINT ( 'NONE',  ( 4.410034178121511772, 78.87598228114423193, 26.14815140959044371 ) ) ;
#2538 = CARTESIAN_POINT ( 'NONE',  ( -27.19349550499536861, 2.958291666724475633, -37.42863556748975640 ) ) ;
#2539 = CARTESIAN_POINT ( 'NONE',  ( 2.832873664143050884E-15, 0.1166666608856536669, -46.26433786648375701 ) ) ;
#2540 = CARTESIAN_POINT ( 'NONE',  ( -10.72909604150152241, 81.08634168765796346, 23.76770428279965586 ) ) ;
#2541 = CARTESIAN_POINT ( 'NONE',  ( -1.394953298400768871, 77.62664144220602225, -24.12109351948139135 ) ) ;
#2542 = B_SPLINE_CURVE_WITH_KNOTS ( 'NONE', 3,
 ( #1525, #3056, #2339, #136, #657, #1191, #2271, #3336 ),
 .UNSPECIFIED., .F., .F.,
 ( 4, 2, 2, 4 ),
 ( 0.06543808780435951544, 0.06706202236041682030, 0.06868595691647413903, 0.07193382602858874875 ),
 .UNSPECIFIED. ) ;
#2543 = CARTESIAN_POINT ( 'NONE',  ( 11.55603090161641511, 88.17073313977556381, 21.92364279583064146 ) ) ;
#2544 = DIRECTION ( 'NONE',  ( -0.000000000000000000, -1.000000000000000000, -0.000000000000000000 ) ) ;
#2545 = CARTESIAN_POINT ( 'NONE',  ( -3.271081128408964034, 78.24076218438477781, 23.60505915780656849 ) ) ;
#2546 = CARTESIAN_POINT ( 'NONE',  ( -4.827741802079674294, 95.21495034892448928, -23.02511972314497157 ) ) ;
#2547 = CARTESIAN_POINT ( 'NONE',  ( 27.90156433629465837, 9.826874997109490195, -38.40320870533925302 ) ) ;
#2548 = ORIENTED_EDGE ( 'NONE', *, *, #2175, .T. ) ;
#2549 = CARTESIAN_POINT ( 'NONE',  ( 35.59674775249769141, 8.795000000000001705, -25.86255110086882425 ) ) ;
#2550 = CARTESIAN_POINT ( 'NONE',  ( -44.00000000000000000, 4.879166660885652540, -5.388445916248353619E-15 ) ) ;
#2551 = CARTESIAN_POINT ( 'NONE',  ( -44.00000000000000000, 9.218333327552317158, 14.29646663424786901 ) ) ;
#2552 = CARTESIAN_POINT ( 'NONE',  ( 43.99999999999999289, 4.244166666666666643, 14.29646663424789210 ) ) ;
#2553 = CARTESIAN_POINT ( 'NONE',  ( 45.14567943541666040, 1.042708330442826847, 0.000000000000000000 ) ) ;
#2554 = CARTESIAN_POINT ( 'NONE',  ( 8.521941533520786649, 78.26170787331331269, 25.19167530147737821 ) ) ;
#2555 = CARTESIAN_POINT ( 'NONE',  ( -44.00000000000000000, 7.101666660885650906, 14.29646663424786901 ) ) ;
#2556 = CARTESIAN_POINT ( 'NONE',  ( 0.5657943536871861134, 92.49537041220858669, 20.39169013230222305 ) ) ;
#2557 = CARTESIAN_POINT ( 'NONE',  ( -5.254009084734841295, 76.11417060337690543, 26.47849153280027679 ) ) ;
#2558 = CARTESIAN_POINT ( 'NONE',  ( 0.000000000000000000, 10.00000000000000000, -44.00000000000000000 ) ) ;
#2559 = CARTESIAN_POINT ( 'NONE',  ( 6.968915374279639252, 4.824922552029570433, -43.99999999999995737 ) ) ;
#2560 = CARTESIAN_POINT ( 'NONE',  ( 5.038170880462923940, 76.04250532138452456, -26.52501586124346389 ) ) ;
#2561 = CARTESIAN_POINT ( 'NONE',  ( -7.400088228327582840, 86.46113434800111008, -24.50691246218684682 ) ) ;
#2562 = CARTESIAN_POINT ( 'NONE',  ( 3.767051895787505433, 78.50453120281932229, 23.39009397365786924 ) ) ;
#2563 = FACE_OUTER_BOUND ( 'NONE', #2993, .T. ) ;
#2564 = CARTESIAN_POINT ( 'NONE',  ( -7.154161115341307386, 87.27583351133317535, -19.28416864960793475 ) ) ;
#2565 = VECTOR ( 'NONE', #2751, 1000.000000000000227 ) ;
#2566 = DIRECTION ( 'NONE',  ( 0.000000000000000000, -1.000000000000000000, 0.000000000000000000 ) ) ;
#2567 = CARTESIAN_POINT ( 'NONE',  ( 35.59674775249767720, 3.609166660885653410, 25.86255110086882425 ) ) ;
#2568 = CARTESIAN_POINT ( 'NONE',  ( 27.90156433629465127, 8.927291663776157904, 38.40320870533926012 ) ) ;
#2569 = CARTESIAN_POINT ( 'NONE',  ( -35.59674775249768430, 3.503333333333332078, 25.86255110086881004 ) ) ;
#2570 = CARTESIAN_POINT ( 'NONE',  ( 2.906636507328100180E-15, 3.688541663776160107, -47.46897651391098805 ) ) ;
#2571 = CARTESIAN_POINT ( 'NONE',  ( 7.185432729745051539, 87.16401397553029540, 19.29351683733337453 ) ) ;
#2572 = CARTESIAN_POINT ( 'NONE',  ( 27.19349550499536150, 9.853333327552316945, 37.42863556748976350 ) ) ;
#2573 = CARTESIAN_POINT ( 'NONE',  ( -45.09450127648728568, -9.190547354210042925E-17, 2.149029155290455240 ) ) ;
#2574 = CARTESIAN_POINT ( 'NONE',  ( -3.909837787237486317, 78.59975246748300037, -23.31473555982187662 ) ) ;
#2575 = DIRECTION ( 'NONE',  ( -0.000000000000000000, -1.000000000000000000, -0.000000000000000000 ) ) ;
#2576 = CARTESIAN_POINT ( 'NONE',  ( 27.19349550499535439, 4.667499999999980886, -37.42863556748972798 ) ) ;
#2577 = CARTESIAN_POINT ( 'NONE',  ( -6.968915374279581521, 3.766589218696252406, 44.00000000000000000 ) ) ;
#2578 = CARTESIAN_POINT ( 'NONE',  ( -6.525972170275893269, 81.27409162308846646, -21.39880010720195358 ) ) ;
#2579 = CARTESIAN_POINT ( 'NONE',  ( 1.849043685544589088, 77.72894207208818784, 24.03380269241389655 ) ) ;
#2580 = CARTESIAN_POINT ( 'NONE',  ( -11.36245803956358102, 82.52927461537761644, -23.17794921325522850 ) ) ;
#2581 = CARTESIAN_POINT ( 'NONE',  ( -6.968915374279556652, 7.999922552029580025, 43.99999999999999289 ) ) ;
#2582 = CARTESIAN_POINT ( 'NONE',  ( -6.968918380458125839, 6.520910798921997653, -43.99999902323339285 ) ) ;
#2583 = CARTESIAN_POINT ( 'NONE',  ( -36.52362188585566116, 1.624791663776159911, -26.53596457686150600 ) ) ;
#2584 = CARTESIAN_POINT ( 'NONE',  ( -7.486636063239182626, 84.48488576337878442, 19.84601358125149417 ) ) ;
#2585 = CARTESIAN_POINT ( 'NONE',  ( 35.59674775249768430, 1.915833327552320275, -25.86255110086881714 ) ) ;
#2586 = CARTESIAN_POINT ( 'NONE',  ( -36.52362188585566827, 10.51479166377615826, 26.53596457686149535 ) ) ;
#2587 = CARTESIAN_POINT ( 'NONE',  ( 13.95078216814733096, 1.466041663776160187, -42.93609260962512053 ) ) ;
#2588 = CARTESIAN_POINT ( 'NONE',  ( 11.91320523160577594, 85.83126295962713925, 22.21745725537212479 ) ) ;
#2589 = CARTESIAN_POINT ( 'NONE',  ( -27.19349550499536861, 10.91166666088565407, -37.42863556748975640 ) ) ;
#2590 = EDGE_CURVE ( 'NONE', #3041, #107, #2542, .T. ) ;
#2591 = CARTESIAN_POINT ( 'NONE',  ( 11.33248641727471195, 82.44464542140758567, -23.20983034593190553 ) ) ;
#2592 = CIRCLE ( 'NONE', #87, 44.00000000000000000 ) ;
#2593 = CARTESIAN_POINT ( 'NONE',  ( 10.88286857932868479, 81.38958290500855242, 23.63636057051995110 ) ) ;
#2594 = CARTESIAN_POINT ( 'NONE',  ( 35.59674775249768430, 6.149166660885653890, -25.86255110086881714 ) ) ;
#2595 = CARTESIAN_POINT ( 'NONE',  ( -7.497186749840266451, 84.68130887441571986, -19.78131004736959397 ) ) ;
#2596 = CARTESIAN_POINT ( 'NONE',  ( -1.267728892927274975, 77.60538111681444207, 24.13929874735373104 ) ) ;
#2597 = DIRECTION ( 'NONE',  ( -0.000000000000000000, -1.000000000000000000, -0.000000000000000000 ) ) ;
#2598 = CARTESIAN_POINT ( 'NONE',  ( 7.063381138148280058, 87.57218093024094685, -19.26605214049070014 ) ) ;
#2599 = CARTESIAN_POINT ( 'NONE',  ( 3.369947323701478314, 91.70843845986439646, -20.05314452903906641 ) ) ;
#2600 = CARTESIAN_POINT ( 'NONE',  ( -27.90156433629465482, 1.518958330442826687, -38.40320870533926012 ) ) ;
#2601 = CARTESIAN_POINT ( 'NONE',  ( 2.667360163309149214E-15, 2.762499999999999289, -43.99999999999998579 ) ) ;
#2602 = EDGE_LOOP ( 'NONE', ( #332, #1441, #379, #2668 ) ) ;
#2603 = CARTESIAN_POINT ( 'NONE',  ( -35.59674775249767720, 0.4341666608856536436, -25.86255110086882070 ) ) ;
#2604 = CARTESIAN_POINT ( 'NONE',  ( -13.95078216814733629, 0.4077083304428268384, 42.93609260962512053 ) ) ;
#2605 = CARTESIAN_POINT ( 'NONE',  ( 0.000000000000000000, 200.0000000000000000, 0.000000000000000000 ) ) ;
#2606 = CARTESIAN_POINT ( 'NONE',  ( 11.81902693107906899, 84.45285884897992901, 22.55229703310401845 ) ) ;
#2607 = CARTESIAN_POINT ( 'NONE',  ( -27.19349550499538282, 5.196666660885652433, 37.42863556748974929 ) ) ;
#2608 = DIRECTION ( 'NONE',  ( -0.000000000000000000, -1.000000000000000000, -0.000000000000000000 ) ) ;
#2609 = CARTESIAN_POINT ( 'NONE',  ( 10.49257550433047470, 90.57088568152593666, -21.96718327072599664 ) ) ;
#2610 = CARTESIAN_POINT ( 'NONE',  ( 45.14567943541666040, 1.042708330442826847, 0.000000000000000000 ) ) ;
#2611 = CARTESIAN_POINT ( 'NONE',  ( -7.541634835899643896, 85.77718310189081308, -24.54814902802789334 ) ) ;
#2612 = CARTESIAN_POINT ( 'NONE',  ( -35.59674775249764878, 0.9633333333333126136, -25.86255110086879583 ) ) ;
#2613 = CARTESIAN_POINT ( 'NONE',  ( 8.878486707765610424E-08, 2.233333326866592472, -44.00000000000000000 ) ) ;
#2614 = CARTESIAN_POINT ( 'NONE',  ( 7.277126552129875137, 86.89825323091955056, -24.46748380406134515 ) ) ;
#2615 = CARTESIAN_POINT ( 'NONE',  ( -0.5150119653767554206, 92.51256477878123974, -20.39968455901220068 ) ) ;
#2616 = CARTESIAN_POINT ( 'NONE',  ( -8.719909521984299356E-15, 4.482291663776158508, 47.46897651391098805 ) ) ;
#2617 = ORIENTED_EDGE ( 'NONE', *, *, #3054, .T. ) ;
#2618 = CARTESIAN_POINT ( 'NONE',  ( -27.90156433629465482, 3.635624997109492273, -38.40320870533926012 ) ) ;
#2619 = DIRECTION ( 'NONE',  ( 0.000000000000000000, 0.000000000000000000, -1.000000000000000000 ) ) ;
#2620 = ORIENTED_EDGE ( 'NONE', *, *, #673, .T. ) ;
#2621 = CARTESIAN_POINT ( 'NONE',  ( -13.59674775249768075, 0.2224999942189870017, -41.84648671698676026 ) ) ;
#2622 = CARTESIAN_POINT ( 'NONE',  ( -45.14567943541666040, 2.101041663776160640, -5.528751181591550879E-15 ) ) ;
#2623 = B_SPLINE_CURVE_WITH_KNOTS ( 'NONE', 3,
 ( #1850, #3416, #2883, #763, #2958, #486, #2919, #3437, #1867, #504, #2938, #1583, #1567, #1602, #1343, #1078 ),
 .UNSPECIFIED., .F., .F.,
 ( 4, 2, 2, 2, 2, 2, 2, 4 ),
 ( 0.01727336431046406356, 0.01824802256988255697, 0.01922268082930104691, 0.02019733908871954031, 0.02117199734813803025, 0.02214665560755652365, 0.02312131386697501359, 0.02507063038581197265 ),
 .UNSPECIFIED. ) ;
#2624 = CARTESIAN_POINT ( 'NONE',  ( -6.731755748654761007, 88.31988477749563060, -24.22975292389016388 ) ) ;
#2625 = CARTESIAN_POINT ( 'NONE',  ( 27.90156433629465127, 0.4606249971094932283, 38.40320870533926012 ) ) ;
#2626 = CARTESIAN_POINT ( 'NONE',  ( -35.59674775249768430, 9.324166660885653712, 25.86255110086881004 ) ) ;
#2627 = CARTESIAN_POINT ( 'NONE',  ( 9.685572039922847765, 91.71179752248387729, 22.10813594193113829 ) ) ;
#2628 = CARTESIAN_POINT ( 'NONE',  ( -11.21793289578360842, 82.13654409127812528, -23.32813097430179639 ) ) ;
#2629 = CARTESIAN_POINT ( 'NONE',  ( 44.00000000000000000, 3.820833327552319858, 0.000000000000000000 ) ) ;
#2630 = CARTESIAN_POINT ( 'NONE',  ( 1.244553692676278665E-12, 96.03909122581703173, 23.34500906948737153 ) ) ;
#2631 = CARTESIAN_POINT ( 'NONE',  ( 11.47531125387280326, 88.47383696620613591, -21.90327612631996601 ) ) ;
#2632 = ORIENTED_EDGE ( 'NONE', *, *, #269, .F. ) ;
#2633 = CARTESIAN_POINT ( 'NONE',  ( -27.90156433629466548, 0.03729166377615996536, 38.40320870533925302 ) ) ;
#2634 = CARTESIAN_POINT ( 'NONE',  ( -36.52362188585566116, 1.624791663776159911, -26.53596457686150600 ) ) ;
#2635 = CARTESIAN_POINT ( 'NONE',  ( 6.968915374279584185, 5.991744114637064911, 43.99999999999997158 ) ) ;
#2636 = ORIENTED_EDGE ( 'NONE', *, *, #3159, .T. ) ;
#2637 = CARTESIAN_POINT ( 'NONE',  ( -11.67088535225100721, 83.61854192690844911, 22.80066700379179778 ) ) ;
#2638 = CARTESIAN_POINT ( 'NONE',  ( -27.90156433629466548, 2.418541663776159201, 38.40320870533924591 ) ) ;
#2639 = EDGE_CURVE ( 'NONE', #2769, #2059, #289, .T. ) ;
#2640 = CARTESIAN_POINT ( 'NONE',  ( -1.000308499647685867, 92.45655044612685458, -23.98806452670945433 ) ) ;
#2641 = CARTESIAN_POINT ( 'NONE',  ( -45.14567943541666040, 10.67354166377615954, 14.66872044838374123 ) ) ;
#2642 = CARTESIAN_POINT ( 'NONE',  ( 44.00000000000000000, 2.233333333333332948, 0.000000000000000000 ) ) ;
#2643 = CARTESIAN_POINT ( 'NONE',  ( 7.101463958582235669, 77.14938455655224914, -25.83876733531138470 ) ) ;
#2644 = CARTESIAN_POINT ( 'NONE',  ( 27.90156433629465127, 0.7252083304428267319, 38.40320870533926723 ) ) ;
#2645 = CARTESIAN_POINT ( 'NONE',  ( -4.593401786812717269, 90.93403645387867584, 19.77680323644426252 ) ) ;
#2646 = CARTESIAN_POINT ( 'NONE',  ( 0.000000000000000000, 10.00000000000000000, 0.000000000000000000 ) ) ;
#2647 = CARTESIAN_POINT ( 'NONE',  ( 5.830072931944711101, 80.25856925369706119, -22.06881755261525768 ) ) ;
#2648 = CARTESIAN_POINT ( 'NONE',  ( -11.67936262389430091, 87.68408840526396375, 21.95871782161124841 ) ) ;
#2649 = CARTESIAN_POINT ( 'NONE',  ( 36.52362188585566827, -1.126875002890506572, -26.53596457686149890 ) ) ;
#2650 = CARTESIAN_POINT ( 'NONE',  ( -8.719909521984299356E-15, 2.365624997109492700, 47.46897651391098805 ) ) ;
#2651 = CARTESIAN_POINT ( 'NONE',  ( -43.99999999999997158, 5.302499999999984226, -14.29646663424787434 ) ) ;
#2652 = ORIENTED_EDGE ( 'NONE', *, *, #881, .T. ) ;
#2653 = CARTESIAN_POINT ( 'NONE',  ( 45.14567943541665329, 3.053541663776159432, 14.66872044838375899 ) ) ;
#2654 = CARTESIAN_POINT ( 'NONE',  ( -3.192949722045594907, 91.80535018211391218, -23.95046152665889139 ) ) ;
#2655 = CARTESIAN_POINT ( 'NONE',  ( 27.90156433629465837, 9.826874997109488419, -38.40320870533926012 ) ) ;
#2656 = CARTESIAN_POINT ( 'NONE',  ( -44.79626782351689940, -1.129662624468342480E-16, -5.137961400891709829 ) ) ;
#2657 = CARTESIAN_POINT ( 'NONE',  ( -35.59674775249767720, 0.9633333333333329307, -25.86255110086882070 ) ) ;
#2658 = CARTESIAN_POINT ( 'NONE',  ( 8.671345594137990886, 92.78156912597614792, 22.31444286493942641 ) ) ;
#2659 = CARTESIAN_POINT ( 'NONE',  ( -44.00000000000000000, 1.174999999999999822, -5.388445916248353619E-15 ) ) ;
#2660 = CARTESIAN_POINT ( 'NONE',  ( -27.90156433629465482, 8.133541663776158614, -38.40320870533926012 ) ) ;
#2661 = CARTESIAN_POINT ( 'NONE',  ( -6.002696951752938936, 89.52404191576593462, 19.41764800926236134 ) ) ;
#2662 = CARTESIAN_POINT ( 'NONE',  ( 5.515077057198476851, 93.93498321504652893, -19.93075455085821091 ) ) ;
#2663 = CARTESIAN_POINT ( 'NONE',  ( 7.494803442283601846, 85.37225785707677517, -19.58275986062950480 ) ) ;
#2664 = CARTESIAN_POINT ( 'NONE',  ( -8.198981472405371562, 93.21294888315665617, 22.41282296819933251 ) ) ;
#2665 = CARTESIAN_POINT ( 'NONE',  ( 45.14567943541665329, 5.117291663776159183, -14.66872044838374300 ) ) ;
#2666 = CARTESIAN_POINT ( 'NONE',  ( 2.906636507328100180E-15, 3.423958330442825826, -47.46897651391098805 ) ) ;
#2667 = CARTESIAN_POINT ( 'NONE',  ( 1.104312302790268152, 96.00567407406647646, -23.33133283700851734 ) ) ;
#2668 = ORIENTED_EDGE ( 'NONE', *, *, #2112, .F. ) ;
#2669 = CARTESIAN_POINT ( 'NONE',  ( 36.52362188585566116, 5.064374997109492682, 26.53596457686150956 ) ) ;
#2670 = ORIENTED_EDGE ( 'NONE', *, *, #2899, .F. ) ;
#2671 = CARTESIAN_POINT ( 'NONE',  ( -4.796858957601713769, 90.79951233305244784, -23.94551234978764498 ) ) ;
#2672 = CARTESIAN_POINT ( 'NONE',  ( -21.92503793228911846, 10.92661955060149559, 39.46422536111771251 ) ) ;
#2673 = PRESENTATION_LAYER_ASSIGNMENT (  '', '', ( #720 ) ) ;
#2674 = CARTESIAN_POINT ( 'NONE',  ( 43.99999999999999289, 8.461625000057807711, 14.29646663424789210 ) ) ;
#2675 = CARTESIAN_POINT ( 'NONE',  ( 13.59674775249768608, -1.576666666666666661, -41.84648671698675315 ) ) ;
#2676 = CARTESIAN_POINT ( 'NONE',  ( -6.343833199858512017, 76.68093158009818922, 26.12395230405066116 ) ) ;
#2677 = CARTESIAN_POINT ( 'NONE',  ( -43.99999999999999289, 11.12333332755232007, -14.29646663424788144 ) ) ;
#2678 = CARTESIAN_POINT ( 'NONE',  ( 43.99999999999999289, 8.477499999999999147, 14.29646663424789210 ) ) ;
#2679 = CARTESIAN_POINT ( 'NONE',  ( 36.52362188585566116, 5.064374997109492682, 26.53596457686150956 ) ) ;
#2680 = CARTESIAN_POINT ( 'NONE',  ( -4.232167773889877971, 91.22065225491454044, 23.93947900666578477 ) ) ;
#2681 = CARTESIAN_POINT ( 'NONE',  ( 37.58194203997486937, 9.737700669100960838E-18, 23.18690617157413314 ) ) ;
#2682 = CARTESIAN_POINT ( 'NONE',  ( 7.478435203053144242, 85.62122019903176806, -19.52278862223627698 ) ) ;
#2683 = CARTESIAN_POINT ( 'NONE',  ( -36.52362188585566827, 8.398124997109492895, 26.53596457686149535 ) ) ;
#2684 = CONICAL_SURFACE ( 'NONE', #1167, 666.6666666666667425, 0.5880026035475676149 ) ;
#2685 = ADVANCED_FACE ( 'NONE', ( #497 ), #479, .F. ) ;
#2686 = CARTESIAN_POINT ( 'NONE',  ( -45.14567943541666040, 1.942291663776159583, 14.66872044838374123 ) ) ;
#2687 = DIRECTION ( 'NONE',  ( 0.000000000000000000, 0.000000000000000000, -1.000000000000000000 ) ) ;
#2688 = ORIENTED_EDGE ( 'NONE', *, *, #4, .T. ) ;
#2689 = ORIENTED_EDGE ( 'NONE', *, *, #2722, .F. ) ;
#2690 = CARTESIAN_POINT ( 'NONE',  ( -4.482801010051440826, 95.28646308660796649, -23.05374005602985577 ) ) ;
#2691 = CARTESIAN_POINT ( 'NONE',  ( 36.52362188585566116, 2.683124997109493481, 26.53596457686150956 ) ) ;
#2692 = CYLINDRICAL_SURFACE ( 'NONE', #3202, 44.00000000000000000 ) ;
#2693 = CARTESIAN_POINT ( 'NONE',  ( 43.99999999999999289, -1.894166666666666554, -14.29646663424787256 ) ) ;
#2694 = CARTESIAN_POINT ( 'NONE',  ( -3.944104337566852525, 75.62070244431383514, 26.79601295094561664 ) ) ;
#2695 = CARTESIAN_POINT ( 'NONE',  ( -44.00000000000000000, 11.33499999421898430, 14.29646663424786901 ) ) ;
#2696 = CARTESIAN_POINT ( 'NONE',  ( 27.19349550499537216, 8.900833333333332931, -37.42863556748975640 ) ) ;
#2697 = CARTESIAN_POINT ( 'NONE',  ( 13.95078216814732031, 4.852708330442826679, 42.93609260962512764 ) ) ;
#2698 = CARTESIAN_POINT ( 'NONE',  ( -23.66785442204384182, -5.727420298812767724E-17, -37.72852346452908989 ) ) ;
#2699 = CARTESIAN_POINT ( 'NONE',  ( -4.864117598941729348, 90.74391195557251422, 23.94733915714216366 ) ) ;
#2700 = CARTESIAN_POINT ( 'NONE',  ( 7.322543952416913804, 86.74676708419164584, -24.48299838658603278 ) ) ;
#2701 = CARTESIAN_POINT ( 'NONE',  ( -36.52362188585566116, 5.858124997109491972, -26.53596457686150600 ) ) ;
#2702 = CARTESIAN_POINT ( 'NONE',  ( -45.14567943541666040, 8.292291663776159893, 14.66872044838374123 ) ) ;
#2703 = CARTESIAN_POINT ( 'NONE',  ( -27.19349550499536861, 10.91166666088577664, -37.42863556748975640 ) ) ;
#2704 = ORIENTED_EDGE ( 'NONE', *, *, #1592, .F. ) ;
#2705 = CARTESIAN_POINT ( 'NONE',  ( 6.302123659828835933, 94.47407444086850603, -22.77503623443488934 ) ) ;
#2706 = CARTESIAN_POINT ( 'NONE',  ( 45.14567943541665329, 0.6722916637761600089, 14.66872044838375899 ) ) ;
#2707 = CARTESIAN_POINT ( 'NONE',  ( 2.737065092975212721, 75.31460244337478116, 26.99767566185765943 ) ) ;
#2708 = CARTESIAN_POINT ( 'NONE',  ( -44.00000000000000000, -0.9416666666666668739, -5.388445916248353619E-15 ) ) ;
#2709 = CARTESIAN_POINT ( 'NONE',  ( -2.510243118873556334, 77.91543658477371537, 23.87521481199936702 ) ) ;
#2710 = CARTESIAN_POINT ( 'NONE',  ( -44.00000000000000000, 11.22916666088565307, -5.388445916248353619E-15 ) ) ;
#2711 = CARTESIAN_POINT ( 'NONE',  ( -13.59674775249768075, 0.7357916667244762676, -41.84648671698676026 ) ) ;
#2712 = CARTESIAN_POINT ( 'NONE',  ( 27.90156433629465837, 3.476874997109493215, -38.40320870533926012 ) ) ;
#2713 = CARTESIAN_POINT ( 'NONE',  ( -26.71705716817959697, 1.093685645258427183E-16, -35.71827307097309046 ) ) ;
#2714 = CARTESIAN_POINT ( 'NONE',  ( -0.9399760072324095939, 92.44515981036570906, 20.36844834166304352 ) ) ;
#2715 = CARTESIAN_POINT ( 'NONE',  ( 6.886044341820706016, 81.71076438931945063, -25.18823239054187724 ) ) ;
#2716 = CARTESIAN_POINT ( 'NONE',  ( 13.95078216814733096, -0.6506250028905063987, -42.93609260962512053 ) ) ;
#2717 = CARTESIAN_POINT ( 'NONE',  ( 45.14567943541665329, 9.138958330442822131, 14.66872044838375899 ) ) ;
#2718 = CARTESIAN_POINT ( 'NONE',  ( -29.88773514950410259, 9.925234523018112043, 33.72033283137123050 ) ) ;
#2719 = ORIENTED_EDGE ( 'NONE', *, *, #1658, .T. ) ;
#2720 = CARTESIAN_POINT ( 'NONE',  ( 3.867672236798267504E-14, 3.820833333333333748, 44.00000000000000000 ) ) ;
#2721 = CARTESIAN_POINT ( 'NONE',  ( -8.719909521984299356E-15, 6.598958330442824760, 47.46897651391099515 ) ) ;
#2722 = EDGE_CURVE ( 'NONE', #26, #1657, #1691, .T. ) ;
#2723 = CARTESIAN_POINT ( 'NONE',  ( 27.19349550499536150, 6.149166666666666003, 37.42863556748976350 ) ) ;
#2724 = CARTESIAN_POINT ( 'NONE',  ( -2.070302796817554913, 75.19673146077006720, 27.07595196528383852 ) ) ;
#2725 = CARTESIAN_POINT ( 'NONE',  ( 44.00000000000000000, 10.17083332755231950, 0.000000000000000000 ) ) ;
#2726 = CARTESIAN_POINT ( 'NONE',  ( -44.00000000000000000, 1.159125000057809940, -5.388445916248353619E-15 ) ) ;
#2727 = CARTESIAN_POINT ( 'NONE',  ( 36.52362188585566116, 7.181041663776158934, 26.53596457686150956 ) ) ;
#2728 = CARTESIAN_POINT ( 'NONE',  ( -4.774269566052782743, 8.319590070705240515E-17, -44.01732072141815877 ) ) ;
#2729 = CARTESIAN_POINT ( 'NONE',  ( 27.19349550499537216, 8.371666660885653144, -37.42863556748975640 ) ) ;
#2730 = CARTESIAN_POINT ( 'NONE',  ( -3.909837787237485429, 78.59975246748300037, -23.31473555982187662 ) ) ;
#2731 = CARTESIAN_POINT ( 'NONE',  ( -27.90156433629465482, 5.752291663776159858, -38.40320870533926012 ) ) ;
#2732 = CARTESIAN_POINT ( 'NONE',  ( -45.14567943541666040, 10.40895833044282526, 14.66872044838374123 ) ) ;
#2733 = CARTESIAN_POINT ( 'NONE',  ( -44.00000000000000000, 11.22916666088577919, -5.388445916248353619E-15 ) ) ;
#2734 = ORIENTED_EDGE ( 'NONE', *, *, #358, .T. ) ;
#2735 = CARTESIAN_POINT ( 'NONE',  ( 3.518285044499812830, 91.64202555752486035, -20.02490729718498841 ) ) ;
#2736 = EDGE_CURVE ( 'NONE', #522, #854, #1213, .T. ) ;
#2737 = CARTESIAN_POINT ( 'NONE',  ( 27.90156433629465127, 6.810624997109491652, 38.40320870533926012 ) ) ;
#2738 = CARTESIAN_POINT ( 'NONE',  ( -8.498620992429152652E-15, 8.054166666666665364, 46.26433786648375701 ) ) ;
#2739 = CARTESIAN_POINT ( 'NONE',  ( 3.662850496478693429, 78.41726303300671930, 26.33477256294657209 ) ) ;
#2740 = EDGE_LOOP ( 'NONE', ( #2292, #2939, #76, #447 ) ) ;
#2741 = CARTESIAN_POINT ( 'NONE',  ( -35.59674775249767720, 7.313333333333333464, -25.86255110086882070 ) ) ;
#2742 = CARTESIAN_POINT ( 'NONE',  ( -35.59674775249767720, -1.169208333275523426, -25.86255110086882070 ) ) ;
#2743 = ORIENTED_EDGE ( 'NONE', *, *, #4, .F. ) ;
#2744 = CARTESIAN_POINT ( 'NONE',  ( 45.14567943541666040, 9.509374997109491190, 0.000000000000000000 ) ) ;
#2745 = CARTESIAN_POINT ( 'NONE',  ( -38.01706519293651354, 1.543448064835854678E-17, 24.39290785368276104 ) ) ;
#2746 = CARTESIAN_POINT ( 'NONE',  ( -5.951256696610019326, 80.41186964870763632, 21.96195320300230946 ) ) ;
#2747 = CARTESIAN_POINT ( 'NONE',  ( 2.765703554906040917, 78.00600949889785340, -26.50878966616102161 ) ) ;
#2748 = ADVANCED_FACE ( 'NONE', ( #3434 ), #2874, .T. ) ;
#2749 = CARTESIAN_POINT ( 'NONE',  ( 1.233471066361901736, 75.09321465654079475, -27.14493001579801046 ) ) ;
#2750 = CARTESIAN_POINT ( 'NONE',  ( 0.000000000000000000, 0.000000000000000000, 0.000000000000000000 ) ) ;
#2751 = DIRECTION ( 'NONE',  ( 6.793118197936355954E-17, -0.8320502943378437211, 0.5547001962252290364 ) ) ;
#2752 = CARTESIAN_POINT ( 'NONE',  ( -21.92503793228911846, 10.92661955058099821, 39.46422536111771251 ) ) ;
#2753 = ORIENTED_EDGE ( 'NONE', *, *, #931, .T. ) ;
#2754 = CARTESIAN_POINT ( 'NONE',  ( 7.323322887625167255, 83.35003453044133437, -20.29137660733923809 ) ) ;
#2755 = CIRCLE ( 'NONE', #3043, 2.999999999999998224 ) ;
#2756 = CARTESIAN_POINT ( 'NONE',  ( -35.59674775249767720, 6.784166660885652789, -25.86255110086882070 ) ) ;
#2757 = CARTESIAN_POINT ( 'NONE',  ( 45.14567943541665329, 7.233958330442825435, -14.66872044838374478 ) ) ;
#2758 = CARTESIAN_POINT ( 'NONE',  ( -35.59674775249767720, 7.313333333333333464, -25.86255110086882070 ) ) ;
#2759 = CARTESIAN_POINT ( 'NONE',  ( 7.135376190948032438, 77.14962419975258001, 25.83669731234428113 ) ) ;
#2760 = CARTESIAN_POINT ( 'NONE',  ( -27.19349550499536861, 5.074958333391143661, -37.42863556748975640 ) ) ;
#2761 = CARTESIAN_POINT ( 'NONE',  ( 44.00000000000000000, 3.820833327552319858, 0.000000000000000000 ) ) ;
#2762 = CARTESIAN_POINT ( 'NONE',  ( 7.602401848475689228, 92.24247790015914461, 19.56367207862215096 ) ) ;
#2763 = CARTESIAN_POINT ( 'NONE',  ( -5.654229258915036027, 80.04964524276785198, 22.21550282966927625 ) ) ;
#2764 = CARTESIAN_POINT ( 'NONE',  ( -0.1516083924535277516, 77.49733179035068531, -24.23222196630942449 ) ) ;
#2765 = CARTESIAN_POINT ( 'NONE',  ( -7.474314638111099640, 85.72415890628019497, 19.49603823326355112 ) ) ;
#2766 = CARTESIAN_POINT ( 'NONE',  ( -45.14567943541666040, 10.30312499710949226, -5.528751181591550879E-15 ) ) ;
#2767 = CARTESIAN_POINT ( 'NONE',  ( 43.99999999999998579, 10.27666666088577863, -14.29646663424787612 ) ) ;
#2768 = LINE ( 'NONE', #106, #546 ) ;
#2769 = VERTEX_POINT ( 'NONE', #2136 ) ;
#2770 = CARTESIAN_POINT ( 'NONE',  ( 2.414973106531975944, 77.89103991893294676, -23.89653080386095496 ) ) ;
#2771 = CARTESIAN_POINT ( 'NONE',  ( 13.59674775249768608, 8.477499994218986146, -41.84648671698675315 ) ) ;
#2772 = CARTESIAN_POINT ( 'NONE',  ( 35.59674775249767720, 6.254999999999998117, 25.86255110086882425 ) ) ;
#2773 = CARTESIAN_POINT ( 'NONE',  ( 5.711274852423032122, 79.99730998857432951, 25.72441414380641689 ) ) ;
#2774 = CARTESIAN_POINT ( 'NONE',  ( 2.832873664143050884E-15, 2.746625000057809185, -46.26433786648375701 ) ) ;
#2775 = CARTESIAN_POINT ( 'NONE',  ( 43.99999999999999289, -0.3066666724476794226, -14.29646663424787256 ) ) ;
#2776 = CARTESIAN_POINT ( 'NONE',  ( 3.437879295634673316, 91.67035138901682956, 20.03839656239381384 ) ) ;
#2777 = CARTESIAN_POINT ( 'NONE',  ( -5.318823596841179224, 79.71226744760238603, 22.46206637671761186 ) ) ;
#2778 = B_SPLINE_CURVE_WITH_KNOTS ( 'NONE', 3,
 ( #1139, #3283, #1950, #621, #2491, #1154, #2230, #1966, #1487, #1825, #1556, #3370 ),
 .UNSPECIFIED., .F., .F.,
 ( 4, 2, 2, 2, 2, 4 ),
 ( 0.02644916674397547462, 0.02717179170645754593, 0.02789441666893961724, 0.02933966659390372170, 0.03078491651886782615, 0.03223016644383193408 ),
 .UNSPECIFIED. ) ;
#2779 = CARTESIAN_POINT ( 'NONE',  ( 1.353083105615005666, 75.08450799619866700, -27.15073043033628153 ) ) ;
#2780 = EDGE_CURVE ( 'NONE', #229, #2007, #3138, .T. ) ;
#2781 = LINE ( 'NONE', #390, #3385 ) ;
#2782 = CARTESIAN_POINT ( 'NONE',  ( 1.274740709099241975, 77.60654306857767892, 24.13830208238145403 ) ) ;
#2783 = CARTESIAN_POINT ( 'NONE',  ( -11.89211719525312105, 85.43975953095133491, -22.30957316413043046 ) ) ;
#2784 = CARTESIAN_POINT ( 'NONE',  ( -36.52362188585566116, 10.35604166377615876, -26.53596457686150600 ) ) ;
#2785 = EDGE_LOOP ( 'NONE', ( #2479, #1923, #2364 ) ) ;
#2786 = EDGE_CURVE ( 'NONE', #1832, #1303, #2994, .T. ) ;
#2787 = B_SPLINE_CURVE_WITH_KNOTS ( 'NONE', 3,
 ( #22, #2, #3200, #1599, #2129, #2934, #792, #1075, #1058, #1340, #1864, #2412, #2148, #2664, #537, #1321, #3220, #2110, #1847, #1579, #1042, #1621, #2915, #2648, #259, #2885, #3439, #469, #1569, #194, #2637, #506, #1821, #247, #1309, #2384, #2365, #1550 ),
 .UNSPECIFIED., .F., .F.,
 ( 4, 2, 2, 2, 2, 2, 2, 2, 2, 2, 2, 2, 2, 2, 2, 2, 2, 2, 4 ),
 ( 0.04299456306154721130, 0.04383365359210913970, 0.04467274412267106809, 0.04635092518379491794, 0.04802910624491877473, 0.04970728730604263151, 0.05138546836716648136, 0.05306364942829033121, 0.05474183048941418106, 0.05558092101997612333, 0.05642001155053806560, 0.05809819261166192239, 0.05977637367278576530, 0.06145455473390961515, 0.06229364526447156436, 0.06313273579503350663, 0.06481091685615739117, 0.06648909791728127572, 0.06984546003952907256 ),
 .UNSPECIFIED. ) ;
#2788 = CARTESIAN_POINT ( 'NONE',  ( -7.395103907985025593, 83.72527743383764687, 20.13202418519031056 ) ) ;
#2789 = CARTESIAN_POINT ( 'NONE',  ( -44.00000000000000000, 7.101666660885651794, 14.29646663424786901 ) ) ;
#2790 = CARTESIAN_POINT ( 'NONE',  ( 45.14567943541665329, 9.138958330442823907, 14.66872044838375899 ) ) ;
#2791 = AXIS2_PLACEMENT_3D ( 'NONE', #950, #236, #1020 ) ;
#2792 = B_SPLINE_CURVE_WITH_KNOTS ( 'NONE', 3,
 ( #2205, #1674, #1379, #1710, #1907, #3258, #2448, #317, #1660, #628, #3274, #2770, #348, #1924, #1113, #1940, #2979, #2190, #2480, #92, #1145, #2220, #887, #1956, #1692, #2754, #364, #1425, #2239, #3305 ),
 .UNSPECIFIED., .F., .F.,
 ( 4, 2, 2, 2, 2, 2, 2, 2, 2, 2, 2, 2, 2, 2, 4 ),
 ( 0.0001288211311210455995, 0.002271889028538919952, 0.004414956925956794141, 0.004950723900311262797, 0.005486490874665731453, 0.006558024823374668764, 0.007629558772083605209, 0.008701092720792540786, 0.009772626669501476362, 0.01084416061821041367, 0.01298722851562831605, 0.01405876246433725336, 0.01513029641304619068, 0.01620183036175512972, 0.01727336431046406356 ),
 .UNSPECIFIED. ) ;
#2793 = CARTESIAN_POINT ( 'NONE',  ( 2.832873664143050884E-15, 6.995833333333331794, -46.26433786648375701 ) ) ;
#2794 = CARTESIAN_POINT ( 'NONE',  ( -27.90156433629466548, 4.535208330442826785, 38.40320870533925302 ) ) ;
#2795 = CARTESIAN_POINT ( 'NONE',  ( -0.3186453369481407338, 77.50255935414662645, 24.22771822422345522 ) ) ;
#2796 = CARTESIAN_POINT ( 'NONE',  ( -44.00000000000000000, 7.509125000057808919, -5.388445916248353619E-15 ) ) ;
#2797 = CARTESIAN_POINT ( 'NONE',  ( -43.99999999999999289, 2.656666660885652398, -14.29646663424788144 ) ) ;
#2798 = CARTESIAN_POINT ( 'NONE',  ( 8.671345594148352376, 92.78156912596654138, 22.31444286493728768 ) ) ;
#2799 = CARTESIAN_POINT ( 'NONE',  ( -7.496616016942444283, 85.33531673379376059, 19.59209957631111365 ) ) ;
#2800 = CARTESIAN_POINT ( 'NONE',  ( 1.039077491634270656, 77.54581230682040882, -26.71101319296565890 ) ) ;
#2801 = CARTESIAN_POINT ( 'NONE',  ( 13.59674775249766832, 3.926666666666648542, 41.84648671698673184 ) ) ;
#2802 = CARTESIAN_POINT ( 'NONE',  ( -2.666508769729682621E-06, 1.174664919227785376, 43.99999999999984368 ) ) ;
#2803 = CARTESIAN_POINT ( 'NONE',  ( -4.229075308388672738, 78.79566100831966935, 23.15757406510232741 ) ) ;
#2804 = CARTESIAN_POINT ( 'NONE',  ( -7.985394546548100436, 93.38923921342659185, -22.45593481823124193 ) ) ;
#2805 = CARTESIAN_POINT ( 'NONE',  ( -36.52362188585566827, 8.662708330442825400, 26.53596457686149535 ) ) ;
#2806 = ORIENTED_EDGE ( 'NONE', *, *, #1134, .T. ) ;
#2807 = CARTESIAN_POINT ( 'NONE',  ( 43.99999999999996447, 2.339166666666649075, -14.29646663424786723 ) ) ;
#2808 = CARTESIAN_POINT ( 'NONE',  ( -35.59674775249768430, 9.324166660885653712, 25.86255110086881004 ) ) ;
#2809 = CARTESIAN_POINT ( 'NONE',  ( 13.95078216814733096, 7.551458330442825329, -42.93609260962512053 ) ) ;
#2810 = CARTESIAN_POINT ( 'NONE',  ( -43.99999999999999289, 3.185833333333332629, -14.29646663424788144 ) ) ;
#2811 = CARTESIAN_POINT ( 'NONE',  ( 13.95078216814733096, 3.582708330442827105, -42.93609260962512053 ) ) ;
#2812 = CARTESIAN_POINT ( 'NONE',  ( 7.310192053070144524, 82.75929621446074691, 24.93273800822364095 ) ) ;
#2813 = CARTESIAN_POINT ( 'NONE',  ( 27.19349550499537216, 4.651625000057808990, -37.42863556748975640 ) ) ;
#2814 = CARTESIAN_POINT ( 'NONE',  ( -8.498620992429152652E-15, 3.291666660885652629, 46.26433786648375701 ) ) ;
#2815 = CARTESIAN_POINT ( 'NONE',  ( 2.758260142023146955, 91.97881535051340052, 20.16319474469537454 ) ) ;
#2816 = CARTESIAN_POINT ( 'NONE',  ( -7.228621381568231641, 77.21156669833054309, 25.79934934597073592 ) ) ;
#2817 = PRODUCT_CONTEXT ( 'NONE', #2405, 'mechanical' ) ;
#2818 = CARTESIAN_POINT ( 'NONE',  ( 6.723710937617436656, 76.89784418744150685, 25.99036208768779233 ) ) ;
#2819 = DIRECTION ( 'NONE',  ( -0.000000000000000000, -1.000000000000000000, -0.000000000000000000 ) ) ;
#2820 = CARTESIAN_POINT ( 'NONE',  ( -5.393397204371930265, 79.78299763282932133, -22.40950688984084849 ) ) ;
#2821 = CARTESIAN_POINT ( 'NONE',  ( 1.657939112986586139, 77.68293725803444261, 24.07300710481172246 ) ) ;
#2822 = CARTESIAN_POINT ( 'NONE',  ( -1.228973697517790287, 95.99783446171231560, -23.32809609433155984 ) ) ;
#2823 = CARTESIAN_POINT ( 'NONE',  ( 8.878486707765610424E-08, 2.233333326866592472, -44.00000000000000000 ) ) ;
#2824 = CARTESIAN_POINT ( 'NONE',  ( -5.476876522979799766, 90.13437093057406457, -19.55163972961008056 ) ) ;
#2825 = CARTESIAN_POINT ( 'NONE',  ( -7.096629871571725090, 82.52565625280831796, 20.68492367775029450 ) ) ;
#2826 = CARTESIAN_POINT ( 'NONE',  ( 2.832873664143050884E-15, 4.349999994218987531, -46.26433786648375701 ) ) ;
#2827 = CARTESIAN_POINT ( 'NONE',  ( -27.90156433629465482, 7.868958330442824334, -38.40320870533925302 ) ) ;
#2828 = CARTESIAN_POINT ( 'NONE',  ( 2.832873664143050884E-15, 6.995833333333331794, -46.26433786648375701 ) ) ;
#2829 = CARTESIAN_POINT ( 'NONE',  ( -8.719909521984299356E-15, 0.5135416637761601732, 47.46897651391098805 ) ) ;
#2830 = CARTESIAN_POINT ( 'NONE',  ( 11.42404430352663880, 88.56871079150532466, 21.91034240326142779 ) ) ;
#2831 = EDGE_CURVE ( 'NONE', #3177, #229, #1347, .T. ) ;
#2832 = CARTESIAN_POINT ( 'NONE',  ( -35.59674775249767720, 6.784166660885651901, -25.86255110086882070 ) ) ;
#2833 = CARTESIAN_POINT ( 'NONE',  ( 3.883248522396870683, 91.44138050598829182, 23.94088241742153045 ) ) ;
#2834 = CARTESIAN_POINT ( 'NONE',  ( 0.000000000000000000, 10.00000000000000000, 0.000000000000000000 ) ) ;
#2835 = LINE ( 'NONE', #2872, #213 ) ;
#2836 = CARTESIAN_POINT ( 'NONE',  ( 9.442237598039055158, 92.01136699023838617, 22.15496089692767256 ) ) ;
#2837 = CARTESIAN_POINT ( 'NONE',  ( 44.00000000000000000, 5.937499994218986998, 0.000000000000000000 ) ) ;
#2838 = CARTESIAN_POINT ( 'NONE',  ( -11.19139381724443183, 89.19735950870237673, -21.90132506823134051 ) ) ;
#2839 = CARTESIAN_POINT ( 'NONE',  ( -1.075054537083987682, 77.57483986732474079, 24.16551588971796249 ) ) ;
#2840 = SURFACE_SIDE_STYLE ('',( #3090 ) ) ;
#2841 = CARTESIAN_POINT ( 'NONE',  ( 5.826314734559010944, 89.74900833832754188, -19.46078870564008056 ) ) ;
#2842 = CARTESIAN_POINT ( 'NONE',  ( -7.478610327401617575, 85.65466974232911923, -19.51296029608469240 ) ) ;
#2843 = CARTESIAN_POINT ( 'NONE',  ( 45.14567943541666040, -1.338541669557173019, 0.000000000000000000 ) ) ;
#2844 = AXIS2_PLACEMENT_3D ( 'NONE', #3093, #193, #1212 ) ;
#2845 = CARTESIAN_POINT ( 'NONE',  ( -5.961292384236244857, 80.42420761888723746, 21.95334119758171099 ) ) ;
#2846 = CARTESIAN_POINT ( 'NONE',  ( -27.19349550499538282, 0.9633333275523200401, 37.42863556748974929 ) ) ;
#2847 = CARTESIAN_POINT ( 'NONE',  ( 0.000000000000000000, 200.0000000000000000, 0.000000000000000000 ) ) ;
#2848 = CARTESIAN_POINT ( 'NONE',  ( -27.19349550499536861, 5.090833333333333321, -37.42863556748975640 ) ) ;
#2849 = EDGE_CURVE ( 'NONE', #2936, #484, #133, .T. ) ;
#2850 = EDGE_CURVE ( 'NONE', #1962, #3151, #597, .T. ) ;
#2851 = CARTESIAN_POINT ( 'NONE',  ( 45.14567943541665329, 5.381874997109493464, -14.66872044838374300 ) ) ;
#2852 = CARTESIAN_POINT ( 'NONE',  ( 7.190699144908171192, 82.81599993666004877, 20.53691953148431182 ) ) ;
#2853 = CARTESIAN_POINT ( 'NONE',  ( -35.59674775249767720, 8.900833327552319929, -25.86255110086882070 ) ) ;
#2854 = CARTESIAN_POINT ( 'NONE',  ( -8.374990316408821300, 78.13626565246035227, 25.26331849869763602 ) ) ;
#2855 = CARTESIAN_POINT ( 'NONE',  ( 6.735994366026472946, 88.33033747960166693, 24.22561980941279813 ) ) ;
#2856 = CARTESIAN_POINT ( 'NONE',  ( -35.26639328722468036, -1.050152921499371437E-16, -27.53374491609488572 ) ) ;
#2857 = CARTESIAN_POINT ( 'NONE',  ( 13.95078216814733096, -0.6506250028905063987, -42.93609260962512053 ) ) ;
#2858 = CARTESIAN_POINT ( 'NONE',  ( -7.476178869419625173, 83.44074033297393100, -24.80424193499494123 ) ) ;
#2859 = LINE ( 'NONE', #2526, #1791 ) ;
#2860 = CARTESIAN_POINT ( 'NONE',  ( -11.03963184753976456, 81.71946928872293370, -23.49712291078100534 ) ) ;
#2861 = CARTESIAN_POINT ( 'NONE',  ( 11.23661413872753201, 89.14014452826150148, -21.89167387083302430 ) ) ;
#2862 = ORIENTED_EDGE ( 'NONE', *, *, #2233, .F. ) ;
#2863 = CARTESIAN_POINT ( 'NONE',  ( 13.95078216814732031, 2.471458330442826590, 42.93609260962512764 ) ) ;
#2864 = EDGE_CURVE ( 'NONE', #414, #3059, #1747, .T. ) ;
#2865 = CARTESIAN_POINT ( 'NONE',  ( -36.52362188585566116, -0.4918750028905065630, -26.53596457686150600 ) ) ;
#2866 = CARTESIAN_POINT ( 'NONE',  ( 27.19349550499537926, 8.900833333333334707, -37.42863556748976350 ) ) ;
#2867 = CARTESIAN_POINT ( 'NONE',  ( -27.19349550499536861, 2.444999994218986838, -37.42863556748975640 ) ) ;
#2868 = CARTESIAN_POINT ( 'NONE',  ( 45.14567943541666040, 5.276041663776160462, 0.000000000000000000 ) ) ;
#2869 = CARTESIAN_POINT ( 'NONE',  ( -36.52362188585566827, 0.1960416637761602243, 26.53596457686149535 ) ) ;
#2870 = CARTESIAN_POINT ( 'NONE',  ( 7.039277001792172861, 82.36860667556854310, 20.76785455485502041 ) ) ;
#2871 = CARTESIAN_POINT ( 'NONE',  ( -27.19349550499538282, 7.313333327552319574, 37.42863556748974929 ) ) ;
#2872 = CARTESIAN_POINT ( 'NONE',  ( -7.500000000000003553, 85.00000000000000000, -51.05600000000000449 ) ) ;
#2873 = CARTESIAN_POINT ( 'NONE',  ( 8.943069980902093263, 92.52934251181851266, 22.25828226808637922 ) ) ;
#2874 =( BOUNDED_SURFACE ( )  B_SPLINE_SURFACE ( 1, 2, ( 
 ( #2843, #260, #2649, #2396, #2898, #1564, #207, #242, #776, #1529, #1323, #2916, #519, #2633, #761, #3131, #1817, #3, #501, #1304, #192, #1777, #3109, #1511, #711, #448, #1266, #2600, #2583, #1799, #1544, #2343, #3414, #1848, #2043, #2380, #2863, #993, #1250, #2328, #3451, #2095, #1580, #3150, #1043, #3398, #2111, #3168, #2078, #1010, #2881, #465, #1026, #483, #2060, #2616, #3186, #226, #1285, #2360, #3006, #2665, #606, #866, #312, #1936, #1670, #2731, #2701, #3238, #851, #1357, #3253, #2186, #2149, #1108, #297, #1886, #343, #278, #793, #813, #1865, #1403, #1093, #2201, #2444, #1341, #74, #556, #41, #2476, #2683, #2956, #2130, #58, #1076, #2935, #1059, #1919, #3201, #2973, #1654, #538, #2990, #1600, #1374, #2413, #23, #3221, #1622, #3270, #2428, #2167, #833 ),
 ( #1901, #575, #1639, #590, #2716, #329, #1388, #2459, #1125, #1481, #2333, #1199, #2869, #1783, #3404, #2829, #3365, #2279, #1806, #3064, #2553, #2066, #3139, #436, #2587, #453, #942, #699, #2297, #3098, #1217, #962, #3344, #1766, #682, #179, #2030, #418, #2012, #160, #1500, #3081, #1517, #1748, #2811, #2570, #2262, #1234, #2314, #196, #3386, #399, #1182, #2794, #981, #2048, #3117, #717, #1464, #736, #1000, #2851, #1256, #472, #1535, #127, #3327, #923, #1994, #665, #1729, #2536, #143, #3191, #1588, #510, #214, #2963, #563, #1330, #1856, #2419, #1823, #2944, #2387, #1312, #31, #2923, #3459, #233, #821, #2084, #1572, #1084, #2158, #526, #1607, #544, #3442, #782, #1049, #2118, #250, #2655, #1294, #266, #3176, #2402, #11, #2907, #2369, #2641, #1066, #1033, #2672 ) ),
 .UNSPECIFIED., .F., .F., .T. ) 
 B_SPLINE_SURFACE_WITH_KNOTS ( ( 2, 2 ),
 ( 3, 2, 2, 2, 2, 2, 2, 2, 2, 2, 2, 2, 2, 2, 2, 2, 2, 2, 2, 2, 2, 2, 2, 2, 2, 2, 2, 2, 2, 2, 2, 2, 2, 2, 2, 2, 2, 2, 2, 2, 2, 2, 2, 2, 2, 2, 2, 2, 2, 2, 2, 2, 2, 2, 2, 2, 2, 3 ),
 ( 0.000000000000000000, 1.000000000000000000 ),
 ( 0.000000000000000000, 0.01666666666666666644, 0.03333333333333333287, 0.05000000000000000278, 0.06666666666666666574, 0.08333333333333332871, 0.1000000000000000056, 0.1166666666666666685, 0.1333333333333333315, 0.1499999999999999944, 0.1666666666666666574, 0.1833333333333333204, 0.2000000000000000111, 0.2166666666666666741, 0.2333333333333333370, 0.2500000000000000000, 0.2666666666666666630, 0.2833333333333333259, 0.2999999999999999889, 0.3166666666666666519, 0.3333333333333333148, 0.3499999999999999778, 0.3666666666666666408, 0.3833333333333333592, 0.4000000000000000222, 0.4166666666666666852, 0.4333333333333333481, 0.4500000000000000111, 0.4666666666666666741, 0.4833333333333333370, 0.5000000000000000000, 0.5166666666666667185, 0.5333333333333333259, 0.5500000000000000444, 0.5666666666666666519, 0.5833333333333333703, 0.5999999999999999778, 0.6166666666666666963, 0.6333333333333333037, 0.6500000000000000222, 0.6666666666666666297, 0.6833333333333333481, 0.6999999999999999556, 0.7166666666666666741, 0.7333333333333332815, 0.7500000000000000000, 0.7666666666666667185, 0.7833333333333333259, 0.8000000000000000444, 0.8166666666666666519, 0.8333333333333333703, 0.8499999999999999778, 0.8666666666666666963, 0.8833333333333333037, 0.9000000000000000222, 0.9166666666666666297, 0.9333333333333333481, 0.9448593093217046990 ),
 .UNSPECIFIED. ) 
 GEOMETRIC_REPRESENTATION_ITEM ( )  RATIONAL_B_SPLINE_SURFACE ( (
 ( 1.000000000000000000, 0.9510565162951535312, 1.000000000000000000, 0.9510565162951535312, 1.000000000000000000, 0.9510565162951535312, 1.000000000000000000, 0.9510565162951535312, 1.000000000000000000, 0.9510565162951535312, 1.000000000000000000, 0.9510565162951535312, 1.000000000000000000, 0.9510565162951535312, 1.000000000000000000, 0.9510565162951535312, 1.000000000000000000, 0.9510565162951535312, 1.000000000000000000, 0.9510565162951535312, 1.000000000000000000, 0.9510565162951535312, 1.000000000000000000, 0.9510565162951535312, 1.000000000000000000, 0.9510565162951535312, 1.000000000000000000, 0.9510565162951535312, 1.000000000000000000, 0.9510565162951535312, 1.000000000000000000, 0.9510565162951535312, 1.000000000000000000, 0.9510565162951535312, 1.000000000000000000, 0.9510565162951535312, 1.000000000000000000, 0.9510565162951535312, 1.000000000000000000, 0.9510565162951535312, 1.000000000000000000, 0.9510565162951535312, 1.000000000000000000, 0.9510565162951535312, 1.000000000000000000, 0.9510565162951535312, 1.000000000000000000, 0.9510565162951535312, 1.000000000000000000, 0.9510565162951535312, 1.000000000000000000, 0.9510565162951535312, 1.000000000000000000, 0.9510565162951535312, 1.000000000000000000, 0.9510565162951535312, 1.000000000000000000, 0.9510565162951535312, 1.000000000000000000, 0.9510565162951535312, 1.000000000000000000, 0.9510565162951535312, 1.000000000000000000, 0.9510565162951535312, 1.000000000000000000, 0.9510565162951535312, 1.000000000000000000, 0.9510565162951535312, 1.000000000000000000, 0.9510565162951535312, 1.000000000000000000, 0.9510565162951535312, 1.000000000000000000, 0.9510565162951535312, 1.000000000000000000, 0.9510565162951535312, 1.000000000000000000, 0.9510565162951535312, 1.000000000000000000, 0.9510565162951535312, 1.000000000000000000, 0.9510565162951535312, 1.000000000000000000, 0.9510565162951535312, 1.000000000000000000, 0.9510565162951535312, 1.000000000000000000, 0.9510565162951535312, 1.000000000000000000, 0.9510565162951535312, 1.000000000000000000, 0.9510565162951535312, 1.000000000000000000, 0.9510565162951535312, 1.000000000000000000, 0.9510565162951535312, 1.000000000000000000, 0.9510565162951535312, 1.000000000000000000, 0.9510565162951535312, 1.000000000000000000, 0.9510565162951535312, 1.000000000000000000, 0.9510565162951535312, 1.000000000000000000, 0.9510565162951535312, 1.000000000000000000, 0.9510565162951535312, 1.000000000000000000, 0.9510565162951535312, 1.000000000000000000, 0.9510565162951535312, 1.000000000000000000, 0.9661527149218416266, 0.9791201892535730256),
 ( 1.000000000000000000, 0.9510565162951535312, 1.000000000000000000, 0.9510565162951535312, 1.000000000000000000, 0.9510565162951535312, 1.000000000000000000, 0.9510565162951535312, 1.000000000000000000, 0.9510565162951535312, 1.000000000000000000, 0.9510565162951535312, 1.000000000000000000, 0.9510565162951535312, 1.000000000000000000, 0.9510565162951535312, 1.000000000000000000, 0.9510565162951535312, 1.000000000000000000, 0.9510565162951535312, 1.000000000000000000, 0.9510565162951535312, 1.000000000000000000, 0.9510565162951535312, 1.000000000000000000, 0.9510565162951535312, 1.000000000000000000, 0.9510565162951535312, 1.000000000000000000, 0.9510565162951535312, 1.000000000000000000, 0.9510565162951535312, 1.000000000000000000, 0.9510565162951535312, 1.000000000000000000, 0.9510565162951535312, 1.000000000000000000, 0.9510565162951535312, 1.000000000000000000, 0.9510565162951535312, 1.000000000000000000, 0.9510565162951535312, 1.000000000000000000, 0.9510565162951535312, 1.000000000000000000, 0.9510565162951535312, 1.000000000000000000, 0.9510565162951535312, 1.000000000000000000, 0.9510565162951535312, 1.000000000000000000, 0.9510565162951535312, 1.000000000000000000, 0.9510565162951535312, 1.000000000000000000, 0.9510565162951535312, 1.000000000000000000, 0.9510565162951535312, 1.000000000000000000, 0.9510565162951535312, 1.000000000000000000, 0.9510565162951535312, 1.000000000000000000, 0.9510565162951535312, 1.000000000000000000, 0.9510565162951535312, 1.000000000000000000, 0.9510565162951535312, 1.000000000000000000, 0.9510565162951535312, 1.000000000000000000, 0.9510565162951535312, 1.000000000000000000, 0.9510565162951535312, 1.000000000000000000, 0.9510565162951535312, 1.000000000000000000, 0.9510565162951535312, 1.000000000000000000, 0.9510565162951535312, 1.000000000000000000, 0.9510565162951535312, 1.000000000000000000, 0.9510565162951535312, 1.000000000000000000, 0.9510565162951535312, 1.000000000000000000, 0.9510565162951535312, 1.000000000000000000, 0.9510565162951535312, 1.000000000000000000, 0.9510565162951535312, 1.000000000000000000, 0.9510565162951535312, 1.000000000000000000, 0.9510565162951535312, 1.000000000000000000, 0.9510565162951535312, 1.000000000000000000, 0.9510565162951535312, 1.000000000000000000, 0.9510565162951535312, 1.000000000000000000, 0.9510565162951535312, 1.000000000000000000, 0.9510565162951535312, 1.000000000000000000, 0.9510565162951535312, 1.000000000000000000, 0.9510565162951535312, 1.000000000000000000, 0.9510565162951535312, 1.000000000000000000, 0.9661527149218416266, 0.9791201892535730256) ) ) 
 REPRESENTATION_ITEM ( '' )  SURFACE ( )  );
#2875 = CARTESIAN_POINT ( 'NONE',  ( 45.14567943541665329, -0.9681250028905061811, -14.66872044838374300 ) ) ;
#2876 = CARTESIAN_POINT ( 'NONE',  ( -6.942469330729450050, 87.84869804968462859, -19.27150861309937468 ) ) ;
#2877 = CARTESIAN_POINT ( 'NONE',  ( 27.19349550499537216, 4.138333327552320640, -37.42863556748975640 ) ) ;
#2878 = CYLINDRICAL_SURFACE ( 'NONE', #2320, 44.00000000000000000 ) ;
#2879 = CARTESIAN_POINT ( 'NONE',  ( 7.218335117291415415, 87.09624695737926459, -19.28914993386056764 ) ) ;
#2880 = ORIENTED_EDGE ( 'NONE', *, *, #1871, .T. ) ;
#2881 = CARTESIAN_POINT ( 'NONE',  ( -45.14567943541666040, 3.953124997109492611, -5.528751181591550879E-15 ) ) ;
#2882 = CARTESIAN_POINT ( 'NONE',  ( 45.14567943541666040, 5.011458330442827069, 0.000000000000000000 ) ) ;
#2883 = CARTESIAN_POINT ( 'NONE',  ( 7.480851313160520988, 85.62277711822859771, -19.52052881969395770 ) ) ;
#2884 = ORIENTED_EDGE ( 'NONE', *, *, #1225, .T. ) ;
#2885 = CARTESIAN_POINT ( 'NONE',  ( -11.89789426934940586, 86.02875029326678202, 22.18446602493418141 ) ) ;
#2886 = CARTESIAN_POINT ( 'NONE',  ( 2.906636507328099785E-15, 1.571874997109493188, -47.46897651391099515 ) ) ;
#2887 = CARTESIAN_POINT ( 'NONE',  ( -2.173221850597001570, 95.88991842489085116, -23.28413090772535554 ) ) ;
#2888 = CARTESIAN_POINT ( 'NONE',  ( 38.50538894123016576, 10.00000000000000000, 21.29166556389116494 ) ) ;
#2889 = CARTESIAN_POINT ( 'NONE',  ( -27.19349550499536861, 4.561666660885651758, -37.42863556748975640 ) ) ;
#2890 = LINE ( 'NONE', #2558, #3403 ) ;
#2891 = CARTESIAN_POINT ( 'NONE',  ( 10.76258821986653302, 81.12696301498762352, -23.74643927915019503 ) ) ;
#2892 = CARTESIAN_POINT ( 'NONE',  ( -13.95078216814732563, 1.677708330442826412, -42.93609260962512764 ) ) ;
#2893 = CARTESIAN_POINT ( 'NONE',  ( -6.931058606571163239, 82.12476566821277402, -20.90550738748100912 ) ) ;
#2894 = CARTESIAN_POINT ( 'NONE',  ( 0.000000000000000000, 10.00000000000000000, 0.000000000000000000 ) ) ;
#2895 = CARTESIAN_POINT ( 'NONE',  ( 8.384295977919610010, 93.04802129760960838, 22.37377091398519013 ) ) ;
#2896 = CYLINDRICAL_SURFACE ( 'NONE', #2954, 44.00000000000000000 ) ;
#2897 = ORIENTED_EDGE ( 'NONE', *, *, #381, .F. ) ;
#2898 = CARTESIAN_POINT ( 'NONE',  ( 13.95078216814733096, -0.9152083362238397912, -42.93609260962512053 ) ) ;
#2899 = EDGE_CURVE ( 'NONE', #3177, #2007, #681, .T. ) ;
#2900 =( BOUNDED_CURVE ( )  B_SPLINE_CURVE ( 2, ( #1317, #186, #1772, #3104, #1506, #706, #2837, #1260, #2594, #2105, #1004, #2322, #2354 ),
 .UNSPECIFIED., .F., .F. ) 
 B_SPLINE_CURVE_WITH_KNOTS ( ( 3, 2, 2, 2, 2, 2, 3 ),
 ( 0.4850810328840360897, 0.4939006919487836100, 0.5115400023755258818, 0.5291793128022681536, 0.5468186232290104254, 0.5644579336557526972, 0.5732775927715502151 ),
 .UNSPECIFIED. ) 
 CURVE ( )  GEOMETRIC_REPRESENTATION_ITEM ( )  RATIONAL_B_SPLINE_CURVE ( ( 0.9755282581475814840, 0.9755282474612305688, 1.000000000000000000, 0.9510565162951535312, 1.000000000000000000, 0.9510565162951535312, 1.000000000000000000, 0.9510565162951535312, 1.000000000000000000, 0.9510565162951535312, 1.000000000000000000, 0.9755282473195829862, 0.9755282581475814840 ) ) 
 REPRESENTATION_ITEM ( '' )  );
#2901 = ORIENTED_EDGE ( 'NONE', *, *, #2233, .T. ) ;
#2902 = CARTESIAN_POINT ( 'NONE',  ( -45.14567943541665329, 5.963958330442825861, -14.66872044838375189 ) ) ;
#2903 = DIRECTION ( 'NONE',  ( 2.200654480484087989E-17, -0.9837219938267964814, 0.1796970752723372755 ) ) ;
#2904 = CARTESIAN_POINT ( 'NONE',  ( -8.498620992429152652E-15, 1.174999994218986821, 46.26433786648375701 ) ) ;
#2905 = CARTESIAN_POINT ( 'NONE',  ( -21.36863773743963435, 11.58807788100331848, 38.46272638862293292 ) ) ;
#2906 = CARTESIAN_POINT ( 'NONE',  ( -6.918678414424777934, 94.12319594467335548, -22.66467391475032755 ) ) ;
#2907 = CARTESIAN_POINT ( 'NONE',  ( -45.14567943541665329, 10.46187499710949176, -14.66872044838375189 ) ) ;
#2908 = CARTESIAN_POINT ( 'NONE',  ( 13.59674775249767720, 7.630833327552320355, 41.84648671698676026 ) ) ;
#2909 = CARTESIAN_POINT ( 'NONE',  ( 0.000000000000000000, 170.0000000000000000, 0.000000000000000000 ) ) ;
#2910 = CARTESIAN_POINT ( 'NONE',  ( 2.906636507328100180E-15, 1.571874997109493410, -47.46897651391098805 ) ) ;
#2911 = CARTESIAN_POINT ( 'NONE',  ( -7.953308928632499608, 93.40144052127679686, 22.46236189700793773 ) ) ;
#2912 = CARTESIAN_POINT ( 'NONE',  ( -43.99999999999996447, 1.069166666666645948, -14.29646663424787256 ) ) ;
#2913 = CARTESIAN_POINT ( 'NONE',  ( 5.386621010945226828, 94.92942080444009889, 22.92613978148087739 ) ) ;
#2914 = FACE_OUTER_BOUND ( 'NONE', #2740, .T. ) ;
#2915 = CARTESIAN_POINT ( 'NONE',  ( -11.37085918173887578, 88.75449073639138931, 21.89996352502976507 ) ) ;
#2916 = CARTESIAN_POINT ( 'NONE',  ( -45.14567943541666040, -0.1743750028905064753, 14.66872044838374123 ) ) ;
#2917 = VERTEX_POINT ( 'NONE', #3362 ) ;
#2918 = CARTESIAN_POINT ( 'NONE',  ( -8.719909521984299356E-15, 4.482291663776158508, 47.46897651391098805 ) ) ;
#2919 = CARTESIAN_POINT ( 'NONE',  ( 7.084174239345958135, 87.48364092235682676, -19.27534183657045830 ) ) ;
#2920 = ORIENTED_EDGE ( 'NONE', *, *, #3371, .T. ) ;
#2921 = CARTESIAN_POINT ( 'NONE',  ( 1.644228247582122910E-11, 75.03909122581700331, -27.18109142242854759 ) ) ;
#2922 = CARTESIAN_POINT ( 'NONE',  ( -4.925586675205058995, 90.67799192253983165, -19.69505891078718918 ) ) ;
#2923 = CARTESIAN_POINT ( 'NONE',  ( -27.90156433629465482, 8.133541663776158614, -38.40320870533926012 ) ) ;
#2924 = CARTESIAN_POINT ( 'NONE',  ( 10.76423409843341084, 81.15756641557308626, 23.73726900571448439 ) ) ;
#2925 = CARTESIAN_POINT ( 'NONE',  ( 35.59674775249768430, 0.3283333333333332549, -25.86255110086881714 ) ) ;
#2926 = CARTESIAN_POINT ( 'NONE',  ( 6.876760803737876238, 88.00874136355149346, 24.29044746969466928 ) ) ;
#2927 = CARTESIAN_POINT ( 'NONE',  ( 13.59674775249768608, 0.5399999999999997025, -41.84648671698675315 ) ) ;
#2928 = EDGE_CURVE ( 'NONE', #559, #1832, #487, .T. ) ;
#2929 = CARTESIAN_POINT ( 'NONE',  ( 27.90156433629465127, 2.841874997109492984, 38.40320870533926723 ) ) ;
#2930 = CARTESIAN_POINT ( 'NONE',  ( -7.027174165149605578, 94.05491118914065396, 22.64447456713981666 ) ) ;
#2931 = CARTESIAN_POINT ( 'NONE',  ( 41.39545876267576574, 2.548636069861873071E-15, 14.91361773104062571 ) ) ;
#2932 = CARTESIAN_POINT ( 'NONE',  ( 3.313050610592854106, 78.24015557624959172, -26.40897176116316203 ) ) ;
#2933 = CIRCLE ( 'NONE', #1413, 51.05400000000000205 ) ;
#2934 = CARTESIAN_POINT ( 'NONE',  ( -2.221433612162724724, 95.86970304692646039, 23.27676108831485280 ) ) ;
#2935 = CARTESIAN_POINT ( 'NONE',  ( 27.90156433629465127, 8.927291663776159680, 38.40320870533926723 ) ) ;
#2936 = VERTEX_POINT ( 'NONE', #751 ) ;
#2937 = CARTESIAN_POINT ( 'NONE',  ( 27.90156433629465837, 3.212291663776159822, -38.40320870533926012 ) ) ;
#2938 = CARTESIAN_POINT ( 'NONE',  ( 6.219892876484155231, 89.20284548056100959, -19.37145762836764362 ) ) ;
#2939 = ORIENTED_EDGE ( 'NONE', *, *, #369, .T. ) ;
#2940 = CARTESIAN_POINT ( 'NONE',  ( -36.52362188585566827, 2.312708330442827087, 26.53596457686149535 ) ) ;
#2941 =( BOUNDED_CURVE ( )  B_SPLINE_CURVE ( 2, ( #713, #957, #678, #3134, #1477, #3077, #2329, #2807, #1778, #412, #156, #3399, #996 ),
 .UNSPECIFIED., .F., .T. ) 
 B_SPLINE_CURVE_WITH_KNOTS ( ( 3, 2, 2, 2, 2, 2, 3 ),
 ( 0.2229694435272922270, 0.2368173753896680167, 0.2645132391144197070, 0.2922091028391714529, 0.3199049665639230877, 0.3476008302886748336, 0.3614487621510507065 ),
 .UNSPECIFIED. ) 
 CURVE ( )  GEOMETRIC_REPRESENTATION_ITEM ( )  RATIONAL_B_SPLINE_CURVE ( ( 0.9755282581475765991, 0.9755282581475765991, 0.9999999999999998890, 0.9510565162951534202, 0.9999999999999998890, 0.9510565162951534202, 0.9999999999999998890, 0.9510565162951534202, 0.9999999999999998890, 0.9510565162951534202, 0.9999999999999998890, 0.9755282581475765991, 0.9755282581475765991 ) ) 
 REPRESENTATION_ITEM ( '' )  );
#2942 = ORIENTED_EDGE ( 'NONE', *, *, #1855, .F. ) ;
#2943 = CARTESIAN_POINT ( 'NONE',  ( -3.476167653157649529, 91.65040302900104052, -20.03080524916434868 ) ) ;
#2944 = CARTESIAN_POINT ( 'NONE',  ( 27.90156433629465837, 7.710208330442826608, -38.40320870533926012 ) ) ;
#2945 = CARTESIAN_POINT ( 'NONE',  ( 5.388445916248353619E-15, 10.00000000000000000, 44.00000000000000000 ) ) ;
#2946 = CARTESIAN_POINT ( 'NONE',  ( -44.00000000000000000, 11.33499999421898430, 14.29646663424786901 ) ) ;
#2947 = CARTESIAN_POINT ( 'NONE',  ( -22.97528633821323751, 3.121684193700641499E-17, 38.73383786387603323 ) ) ;
#2948 = CARTESIAN_POINT ( 'NONE',  ( 13.59674775249767720, 1.809999999999999609, 41.84648671698676026 ) ) ;
#2949 = CARTESIAN_POINT ( 'NONE',  ( -13.59674775249768075, 9.218333333333331936, -41.84648671698676026 ) ) ;
#2950 = CARTESIAN_POINT ( 'NONE',  ( 45.14567943541665329, 7.498541663776159716, -14.66872044838374300 ) ) ;
#2951 = CARTESIAN_POINT ( 'NONE',  ( -2.767163190265248485, 92.00249874165716335, 23.95757369799167336 ) ) ;
#2952 = CARTESIAN_POINT ( 'NONE',  ( 35.58110272607387259, 9.737700669100960838E-18, 26.23309637802760719 ) ) ;
#2953 = CARTESIAN_POINT ( 'NONE',  ( 5.621853553930675318, 79.92182234694752196, -25.75413777989331621 ) ) ;
#2954 = AXIS2_PLACEMENT_3D ( 'NONE', #499, #3107, #1228 ) ;
#2955 = CARTESIAN_POINT ( 'NONE',  ( -43.99999999999998579, 6.889999994218984902, -14.29646663424788322 ) ) ;
#2956 = CARTESIAN_POINT ( 'NONE',  ( -27.90156433629466548, 8.503958330442825897, 38.40320870533925302 ) ) ;
#2957 = CARTESIAN_POINT ( 'NONE',  ( 45.14567943541666040, 0.7781249971094933437, 0.000000000000000000 ) ) ;
#2958 = CARTESIAN_POINT ( 'NONE',  ( 7.341813784057071857, 86.56481881451793470, -19.35151837148872289 ) ) ;
#2959 = ORIENTED_EDGE ( 'NONE', *, *, #2849, .T. ) ;
#2960 = CARTESIAN_POINT ( 'NONE',  ( -36.52362188585566116, 6.122708330442826252, -26.53596457686150600 ) ) ;
#2961 = ORIENTED_EDGE ( 'NONE', *, *, #2180, .T. ) ;
#2962 = CARTESIAN_POINT ( 'NONE',  ( -5.942093934952692003, 89.58313550224470134, -19.43520836882906266 ) ) ;
#2963 = CARTESIAN_POINT ( 'NONE',  ( 27.90156433629465127, 7.075208330442825044, 38.40320870533926723 ) ) ;
#2964 = CARTESIAN_POINT ( 'NONE',  ( 0.000000000000000000, 10.00000000000000000, 0.000000000000000000 ) ) ;
#2965 = CARTESIAN_POINT ( 'NONE',  ( -44.00000000000000000, -0.8358333333333332060, 14.29646663424786901 ) ) ;
#2966 = CARTESIAN_POINT ( 'NONE',  ( -5.410720836332434835, 79.68297105308627692, 25.83813801249379694 ) ) ;
#2967 = AXIS2_PLACEMENT_3D ( 'NONE', #1701, #587, #1932 ) ;
#2968 = CARTESIAN_POINT ( 'NONE',  ( 27.19349550499537216, 2.550833333333333286, -37.42863556748975640 ) ) ;
#2969 = CARTESIAN_POINT ( 'NONE',  ( -35.59674775249768430, -0.7458749999421899757, 25.86255110086881004 ) ) ;
#2970 = CARTESIAN_POINT ( 'NONE',  ( -13.95078216814733629, 4.641041663776159787, 42.93609260962512053 ) ) ;
#2971 = CARTESIAN_POINT ( 'NONE',  ( -5.330738612243183461, 94.95362926530174263, 22.93458388602950748 ) ) ;
#2972 = CARTESIAN_POINT ( 'NONE',  ( 6.601292215163131694, 81.43224811940770280, -21.30707712298553957 ) ) ;
#2973 = CARTESIAN_POINT ( 'NONE',  ( 45.14567943541665329, 9.350624997109491687, -14.66872044838374300 ) ) ;
#2974 = VECTOR ( 'NONE', #408, 1000.000000000000114 ) ;
#2975 = B_SPLINE_CURVE_WITH_KNOTS ( 'NONE', 3,
 ( #1137, #2212, #1651, #1682, #2228, #1105, #2745, #2489, #3296, #894, #1964, #3034, #928, #1503, #1734, #2573 ),
 .UNSPECIFIED., .F., .F.,
 ( 4, 2, 2, 2, 2, 2, 2, 4 ),
 ( 2.804107390610080292E-14, 0.004459430703897870017, 0.008918861407767699964, 0.01337829211163752731, 0.01783772281550735639, 0.02229715351937718720, 0.02675658422324701108, 0.03567544563098667965 ),
 .UNSPECIFIED. ) ;
#2976 = CARTESIAN_POINT ( 'NONE',  ( 45.14567943541666040, 7.128124997109492433, 0.000000000000000000 ) ) ;
#2977 = CARTESIAN_POINT ( 'NONE',  ( -6.968915521527795143, 0.1709107766688715557, -43.99999995215616622 ) ) ;
#2978 = EDGE_LOOP ( 'NONE', ( #2447, #729, #42, #1818 ) ) ;
#2979 = CARTESIAN_POINT ( 'NONE',  ( 4.457654558632652808, 78.96009162008179771, -23.02885606712056088 ) ) ;
#2980 = CARTESIAN_POINT ( 'NONE',  ( 45.14567943541665329, 4.905624997109493179, 14.66872044838375899 ) ) ;
#2981 = DIRECTION ( 'NONE',  ( 1.000000000000000000, 0.000000000000000000, 0.000000000000000000 ) ) ;
#2982 = CARTESIAN_POINT ( 'NONE',  ( 35.59674775249768430, 2.444999999999999396, -25.86255110086881714 ) ) ;
#2983 = CARTESIAN_POINT ( 'NONE',  ( -30.35509595722944098, -2.115511122413166848E-13, 33.41706930765766259 ) ) ;
#2984 = CARTESIAN_POINT ( 'NONE',  ( 43.99999999999999289, 10.06499999421898650, 14.29646663424789210 ) ) ;
#2985 = CARTESIAN_POINT ( 'NONE',  ( -21.36863402905036935, 10.00057791955567410, 38.46272844888295595 ) ) ;
#2986 = CARTESIAN_POINT ( 'NONE',  ( -36.52362188585566116, 6.122708330442826252, -26.53596457686150600 ) ) ;
#2987 = CARTESIAN_POINT ( 'NONE',  ( -13.71660052385565187, -2.556678653164413201E-17, -42.25221960117234943 ) ) ;
#2988 = CARTESIAN_POINT ( 'NONE',  ( -6.773251717345478262, 88.23068076765552803, 19.28053482944076436 ) ) ;
#2989 = CARTESIAN_POINT ( 'NONE',  ( 5.425640664521465872, 79.72034664566038487, -25.82659406604799202 ) ) ;
#2990 = CARTESIAN_POINT ( 'NONE',  ( 13.95078216814733096, 9.668124997109492469, -42.93609260962512053 ) ) ;
#2991 = CARTESIAN_POINT ( 'NONE',  ( 13.95078216814732031, 8.821458330442826679, 42.93609260962512764 ) ) ;
#2992 = CARTESIAN_POINT ( 'NONE',  ( -35.59674775249768430, 11.44083332755244697, 25.86255110086881004 ) ) ;
#2993 = EDGE_LOOP ( 'NONE', ( #263, #1690, #3153, #2171, #2743, #191 ) ) ;
#2994 =( BOUNDED_CURVE ( )  B_SPLINE_CURVE ( 2, ( #767, #3423, #1892, #799, #286, #1874, #2888 ),
 .UNSPECIFIED., .F., .T. ) 
 B_SPLINE_CURVE_WITH_KNOTS ( ( 3, 2, 2, 3 ),
 ( 0.8378672472032422380, 0.8466869004836270474, 0.8643262109103652113, 0.8678131672600150059 ),
 .UNSPECIFIED. ) 
 CURVE ( )  GEOMETRIC_REPRESENTATION_ITEM ( )  RATIONAL_B_SPLINE_CURVE ( ( 0.9755282581475779313, 0.9755282635109941980, 1.000000000000000000, 0.9510565162951535312, 1.000000000000000000, 0.9903248036828072864, 0.9844748121401962759 ) ) 
 REPRESENTATION_ITEM ( '' )  );
#2995 = CARTESIAN_POINT ( 'NONE',  ( 35.59674775249767009, 0.3283333333333245951, -25.86255110086881004 ) ) ;
#2996 = CARTESIAN_POINT ( 'NONE',  ( -36.52362188585566116, 1.624791663776159911, -26.53596457686150600 ) ) ;
#2997 = CARTESIAN_POINT ( 'NONE',  ( -27.19349550499536861, 9.308291666724471725, -37.42863556748975640 ) ) ;
#2998 = CARTESIAN_POINT ( 'NONE',  ( 35.59674775249767720, 2.021666666666666501, 25.86255110086882425 ) ) ;
#2999 = CARTESIAN_POINT ( 'NONE',  ( 26.74740041084488595, -1.263891526004123529E-31, 35.40689635568764260 ) ) ;
#3000 = CARTESIAN_POINT ( 'NONE',  ( -44.00000000000000000, -0.9416666666666668739, -5.388445916248353619E-15 ) ) ;
#3001 = CARTESIAN_POINT ( 'NONE',  ( 44.00000000000000000, -2.015874999942189660, 0.000000000000000000 ) ) ;
#3002 = CARTESIAN_POINT ( 'NONE',  ( 45.14567943541665329, 3.053541663776159432, 14.66872044838375899 ) ) ;
#3003 = CARTESIAN_POINT ( 'NONE',  ( 1.290030714755258320E-15, 166.1713933409486970, 10.53390018782091175 ) ) ;
#3004 = CARTESIAN_POINT ( 'NONE',  ( -7.559797360802600785, 83.82710345478108138, 24.73533906271491389 ) ) ;
#3005 = CARTESIAN_POINT ( 'NONE',  ( -1.416035987190254142, 75.10937903316620634, -27.13411332460433556 ) ) ;
#3006 = CARTESIAN_POINT ( 'NONE',  ( 45.14567943541666040, 5.011458330442827069, 0.000000000000000000 ) ) ;
#3007 = PLANE ( 'NONE',  #566 ) ;
#3008 = CARTESIAN_POINT ( 'NONE',  ( 43.99999999999997868, 6.572499999999987352, -14.29646663424786723 ) ) ;
#3009 = VERTEX_POINT ( 'NONE', #2905 ) ;
#3010 = CARTESIAN_POINT ( 'NONE',  ( 1.639235064205523784, 92.33576799468393403, -20.31840418406247295 ) ) ;
#3011 = CARTESIAN_POINT ( 'NONE',  ( -8.719909521984299356E-15, 4.482291663776158508, 47.46897651391099515 ) ) ;
#3012 = CARTESIAN_POINT ( 'NONE',  ( 44.00000000000000000, 8.583333333333332149, 0.000000000000000000 ) ) ;
#3013 = VECTOR ( 'NONE', #1422, 1000.000000000000114 ) ;
#3014 = CARTESIAN_POINT ( 'NONE',  ( 11.35118411561311369, -8.218957872925536156E-17, 43.10309325905651434 ) ) ;
#3015 = CARTESIAN_POINT ( 'NONE',  ( 43.99999999999999289, 6.360833333333333783, 14.29646663424789210 ) ) ;
#3016 = CARTESIAN_POINT ( 'NONE',  ( -13.59674775249769141, 7.948333333333331474, 41.84648671698675315 ) ) ;
#3017 = CARTESIAN_POINT ( 'NONE',  ( 44.00000000000000000, -0.4125000057810128129, 0.000000000000000000 ) ) ;
#3018 = DIRECTION ( 'NONE',  ( 0.6843366470076097663, -0.7183456079411704165, -0.1251516724379360679 ) ) ;
#3019 = CARTESIAN_POINT ( 'NONE',  ( -7.077178241335946751, 82.47252147853595261, 20.71298270191361013 ) ) ;
#3020 = CARTESIAN_POINT ( 'NONE',  ( -6.148299224714617317, 76.57874468029321235, -26.18778183344695165 ) ) ;
#3021 = CARTESIAN_POINT ( 'NONE',  ( -21.40130768263925276, 10.00014609880414262, 38.44453968031030655 ) ) ;
#3022 = DIRECTION ( 'NONE',  ( -0.000000000000000000, -1.000000000000000000, 0.000000000000000000 ) ) ;
#3023 = CARTESIAN_POINT ( 'NONE',  ( -21.40130768263925276, 10.00014609880414262, 38.44453968031030655 ) ) ;
#3024 = CARTESIAN_POINT ( 'NONE',  ( -45.14567943541665329, 10.46187499710949176, -14.66872044838375189 ) ) ;
#3025 = VERTEX_POINT ( 'NONE', #490 ) ;
#3026 = CARTESIAN_POINT ( 'NONE',  ( 2.122741462729833550, 92.21092240805432994, -20.26175114791954002 ) ) ;
#3027 = CARTESIAN_POINT ( 'NONE',  ( -45.14567943541665329, 5.963958330442825861, -14.66872044838375189 ) ) ;
#3028 = AXIS2_PLACEMENT_3D ( 'NONE', #3433, #1528, #1543 ) ;
#3029 = CARTESIAN_POINT ( 'NONE',  ( 13.59674775249768608, 4.773333333333332540, -41.84648671698675315 ) ) ;
#3030 = CARTESIAN_POINT ( 'NONE',  ( 6.220857540017433074, 80.64301954842807163, 25.50985270190646759 ) ) ;
#3031 = CARTESIAN_POINT ( 'NONE',  ( -27.19349550499538282, 3.609166666666666412, 37.42863556748974929 ) ) ;
#3032 = CARTESIAN_POINT ( 'NONE',  ( -27.19349550499538282, 5.709958333391142560, 37.42863556748974929 ) ) ;
#3033 = CARTESIAN_POINT ( 'NONE',  ( 43.99999999999999289, 3.714999994218985524, 14.29646663424789210 ) ) ;
#3034 = CARTESIAN_POINT ( 'NONE',  ( -43.01473780564791127, -2.500142091984032068E-16, 13.78492480737924097 ) ) ;
#3035 = CARTESIAN_POINT ( 'NONE',  ( -9.378517188706865682, 79.11570873408884097, 24.72178737594289544 ) ) ;
#3036 = CARTESIAN_POINT ( 'NONE',  ( -1.025480900946397433, 75.07305594187232600, -27.15838758723709745 ) ) ;
#3037 = CARTESIAN_POINT ( 'NONE',  ( -2.454485654464099831, 92.09675277956297634, 20.21270057414124466 ) ) ;
#3038 = CARTESIAN_POINT ( 'NONE',  ( 27.90156433629465127, 8.927291663776159680, 38.40320870533926723 ) ) ;
#3039 = CARTESIAN_POINT ( 'NONE',  ( -35.59674775249766299, 9.853333333333315736, 25.86255110086879583 ) ) ;
#3040 = CARTESIAN_POINT ( 'NONE',  ( -13.95078216814732563, 10.14437499710949098, -42.93609260962512764 ) ) ;
#3041 = VERTEX_POINT ( 'NONE', #2921 ) ;
#3042 = CARTESIAN_POINT ( 'NONE',  ( 8.491096519867457897E-14, 8.054166666666663588, 43.99999999999998579 ) ) ;
#3043 = AXIS2_PLACEMENT_3D ( 'NONE', #2662, #2393, #2357 ) ;
#3044 = CARTESIAN_POINT ( 'NONE',  ( 35.59674775249767720, 7.842499994218986359, 25.86255110086882425 ) ) ;
#3045 = CARTESIAN_POINT ( 'NONE',  ( -45.14567943541666040, 3.953124997109492611, -5.528751181591550879E-15 ) ) ;
#3046 = CARTESIAN_POINT ( 'NONE',  ( -43.99999999999999289, 5.302499999999999325, -14.29646663424788144 ) ) ;
#3047 = CARTESIAN_POINT ( 'NONE',  ( 7.717538390818831751, 77.56686079900069331, 25.58735743302275978 ) ) ;
#3048 = CARTESIAN_POINT ( 'NONE',  ( 43.99999999999999289, 6.556625000057808350, -14.29646663424787256 ) ) ;
#3049 = EDGE_LOOP ( 'NONE', ( #2942, #488, #601, #2688, #954, #3206 ) ) ;
#3050 = CARTESIAN_POINT ( 'NONE',  ( -44.00000000000000000, 0.6458333275523201467, -5.388445916248353619E-15 ) ) ;
#3051 = CARTESIAN_POINT ( 'NONE',  ( -0.2146939004035044174, 92.50249293270674400, 23.99169530308002507 ) ) ;
#3052 = CARTESIAN_POINT ( 'NONE',  ( -7.329475704971458505, 86.72180582870093701, 24.48546727914078147 ) ) ;
#3053 = CARTESIAN_POINT ( 'NONE',  ( 1.353374484477313233, 77.60661193915593969, -24.13788965755151850 ) ) ;
#3054 = EDGE_CURVE ( 'NONE', #1709, #3273, #955, .T. ) ;
#3055 = CARTESIAN_POINT ( 'NONE',  ( -7.065959656893071816, 87.54197955920515994, 19.27149678202446381 ) ) ;
#3056 = CARTESIAN_POINT ( 'NONE',  ( -0.5440998342186953440, 75.03909122581632118, -27.18109142242900944 ) ) ;
#3057 = CARTESIAN_POINT ( 'NONE',  ( -7.496282817738729953, 93.75270562639100547, -22.55536985569507991 ) ) ;
#3058 = DIRECTION ( 'NONE',  ( -0.000000000000000000, -1.000000000000000000, -0.000000000000000000 ) ) ;
#3059 = VERTEX_POINT ( 'NONE', #1988 ) ;
#3060 = CARTESIAN_POINT ( 'NONE',  ( -6.708703692232783844, 81.63838508382769987, 21.18366773854834051 ) ) ;
#3061 = CARTESIAN_POINT ( 'NONE',  ( -27.19349550499536861, 8.794999994218986927, -37.42863556748975640 ) ) ;
#3062 = CARTESIAN_POINT ( 'NONE',  ( 5.388445916248353619E-15, 10.00000000000000000, 44.00000000000000000 ) ) ;
#3063 = CARTESIAN_POINT ( 'NONE',  ( 35.59674775249768430, 4.561666666666666536, -25.86255110086881714 ) ) ;
#3064 = CARTESIAN_POINT ( 'NONE',  ( 45.14567943541665329, 0.9368749971094934015, 14.66872044838375899 ) ) ;
#3065 = CARTESIAN_POINT ( 'NONE',  ( 0.9322436522018917593, 77.54134080947605412, 24.19407567828711336 ) ) ;
#3066 = CARTESIAN_POINT ( 'NONE',  ( 35.59674775249767720, 4.122458333391143093, 25.86255110086882425 ) ) ;
#3067 = CARTESIAN_POINT ( 'NONE',  ( -35.59674775249767720, 2.550833327552320284, -25.86255110086882070 ) ) ;
#3068 = CARTESIAN_POINT ( 'NONE',  ( 4.340390955013720742, 91.14641775182482775, 23.93968697666278800 ) ) ;
#3069 = CARTESIAN_POINT ( 'NONE',  ( -6.796347883406794743, 81.81946461555020278, 21.07780660779961579 ) ) ;
#3070 = FACE_BOUND ( 'NONE', #1939, .T. ) ;
#3071 = CARTESIAN_POINT ( 'NONE',  ( 43.99999999999996447, 4.244166666666648879, 14.29646663424788144 ) ) ;
#3072 = CARTESIAN_POINT ( 'NONE',  ( -3.144747240131265720, 91.81901493163725547, 20.09713332773546668 ) ) ;
#3073 = CARTESIAN_POINT ( 'NONE',  ( 7.470354387466474400, 84.23994623695418227, 19.92911344293837317 ) ) ;
#3074 = FILL_AREA_STYLE ('',( #429 ) ) ;
#3075 = CARTESIAN_POINT ( 'NONE',  ( 14.28911233145324466, 0.005444152684430707267, -41.62152382831008879 ) ) ;
#3076 = ORIENTED_EDGE ( 'NONE', *, *, #3355, .T. ) ;
#3077 = CARTESIAN_POINT ( 'NONE',  ( 43.99999999999996447, 2.127499999999980851, 14.29646663424788322 ) ) ;
#3078 = CARTESIAN_POINT ( 'NONE',  ( -13.59674775249768075, 4.455833327552319645, -41.84648671698676026 ) ) ;
#3079 = CARTESIAN_POINT ( 'NONE',  ( 44.00000000000000000, 1.704166660885653606, 0.000000000000000000 ) ) ;
#3080 = AXIS2_PLACEMENT_3D ( 'NONE', #2964, #2192, #1875 ) ;
#3081 = CARTESIAN_POINT ( 'NONE',  ( 45.14567943541665329, 3.265208330442827211, -14.66872044838374300 ) ) ;
#3082 = CARTESIAN_POINT ( 'NONE',  ( 5.573526637422753893, 79.97595614975946887, 22.27057618944258977 ) ) ;
#3083 = CARTESIAN_POINT ( 'NONE',  ( 35.59674775249768430, 4.545791666724475988, -25.86255110086881714 ) ) ;
#3084 = CARTESIAN_POINT ( 'NONE',  ( 35.59674775249768430, -0.2008333391143461710, -25.86255110086881714 ) ) ;
#3085 = CARTESIAN_POINT ( 'NONE',  ( 4.416793288668307227, 95.30943271660105154, 23.06202649829084805 ) ) ;
#3086 = CARTESIAN_POINT ( 'NONE',  ( -1.936988439943839078E-11, 75.03909122581700331, 27.18109142242854404 ) ) ;
#3087 = CARTESIAN_POINT ( 'NONE',  ( 9.070288713696598393, 92.41125244705139608, 22.23198841934408065 ) ) ;
#3088 = CARTESIAN_POINT ( 'NONE',  ( -5.997196754330641255, 89.51898977327080331, 19.42091072312607736 ) ) ;
#3089 = CARTESIAN_POINT ( 'NONE',  ( 7.500000000000003553, 84.61718693300501570, 19.79775655315079774 ) ) ;
#3090 = SURFACE_STYLE_FILL_AREA ( #3074 ) ;
#3091 = CARTESIAN_POINT ( 'NONE',  ( 45.14567943541665329, 7.286874997109492824, 14.66872044838375899 ) ) ;
#3092 = CARTESIAN_POINT ( 'NONE',  ( 0.8321325385872683222, 92.46112792688475679, -20.37571359908081092 ) ) ;
#3093 = CARTESIAN_POINT ( 'NONE',  ( 0.000000000000000000, 10.00000000000000888, 0.000000000000000000 ) ) ;
#3094 = CARTESIAN_POINT ( 'NONE',  ( 27.19349550499537216, 6.254999994218986004, -37.42863556748975640 ) ) ;
#3095 = EDGE_CURVE ( 'NONE', #1803, #1603, #2768, .T. ) ;
#3096 = CARTESIAN_POINT ( 'NONE',  ( -13.95078216814733629, 8.609791663776157122, 42.93609260962512053 ) ) ;
#3097 = CARTESIAN_POINT ( 'NONE',  ( 35.59674775249767720, 4.138333333333332753, 25.86255110086882425 ) ) ;
#3098 = CARTESIAN_POINT ( 'NONE',  ( -45.14567943541665329, 1.995208330442826750, -14.66872044838375189 ) ) ;
#3099 = CARTESIAN_POINT ( 'NONE',  ( 6.666136752168539736, 81.32758887659976210, 25.30003651734572045 ) ) ;
#3100 = CARTESIAN_POINT ( 'NONE',  ( 13.59674775249768608, 8.477499994218986146, -41.84648671698675315 ) ) ;
#3101 = CARTESIAN_POINT ( 'NONE',  ( 3.282827651604173891, 95.64556706695826449, 23.18879441736151037 ) ) ;
#3102 = DIRECTION ( 'NONE',  ( -0.000000000000000000, -1.000000000000000000, -0.000000000000000000 ) ) ;
#3103 = CARTESIAN_POINT ( 'NONE',  ( 11.19102425443556648, 89.22337896216863840, 21.89646670911900372 ) ) ;
#3104 = CARTESIAN_POINT ( 'NONE',  ( 27.19349550499536150, 5.619999994218986217, 37.42863556748976350 ) ) ;
#3105 = CARTESIAN_POINT ( 'NONE',  ( -9.236008571801731293, 78.98018853009487827, -24.79830547477074276 ) ) ;
#3106 = CARTESIAN_POINT ( 'NONE',  ( 2.406304293076506173, 77.88602196956429680, 23.90070540586603443 ) ) ;
#3107 = DIRECTION ( 'NONE',  ( -0.000000000000000000, -1.000000000000000000, -0.000000000000000000 ) ) ;
#3108 = CARTESIAN_POINT ( 'NONE',  ( -1.175099760971305196, 92.43736676810459585, -20.36370908970742022 ) ) ;
#3109 = CARTESIAN_POINT ( 'NONE',  ( 36.52362188585566827, 0.9897916637761602354, -26.53596457686149890 ) ) ;
#3110 = ADVANCED_FACE ( 'NONE', ( #137 ), #1423, .F. ) ;
#3111 = EDGE_CURVE ( 'NONE', #3400, #1112, #1313, .T. ) ;
#3112 = DIRECTION ( 'NONE',  ( -0.000000000000000000, -1.000000000000000000, -0.000000000000000000 ) ) ;
#3113 = CARTESIAN_POINT ( 'NONE',  ( -43.99999999999999289, 4.773333327552318650, -14.29646663424788144 ) ) ;
#3114 = CARTESIAN_POINT ( 'NONE',  ( -6.968900983703687935, 8.637577330177128587, -44.00000467578155394 ) ) ;
#3115 = CARTESIAN_POINT ( 'NONE',  ( -44.00000000000000000, 7.630833333333332469, 14.29646663424786901 ) ) ;
#3116 = AXIS2_PLACEMENT_3D ( 'NONE', #1158, #3058, #3338 ) ;
#3117 = CARTESIAN_POINT ( 'NONE',  ( 13.95078216814732031, 4.852708330442826679, 42.93609260962512764 ) ) ;
#3118 = CARTESIAN_POINT ( 'NONE',  ( 11.12013519945626250, 81.85514057137882560, 23.43445810272224250 ) ) ;
#3119 = CARTESIAN_POINT ( 'NONE',  ( 43.99999999999999289, 10.27666666088565250, -14.29646663424787256 ) ) ;
#3120 = CARTESIAN_POINT ( 'NONE',  ( -0.7842727023455272617, 75.05658717343337116, 27.16937678413004065 ) ) ;
#3121 = CARTESIAN_POINT ( 'NONE',  ( 0.000000000000000000, 10.00000000000000888, -39.06182047493749110 ) ) ;
#3122 = EDGE_CURVE ( 'NONE', #1011, #3151, #3358, .T. ) ;
#3123 = CARTESIAN_POINT ( 'NONE',  ( 11.77214112796944079, 87.14596840068610106, -22.02033412552560065 ) ) ;
#3124 = CARTESIAN_POINT ( 'NONE',  ( -37.43087357575780771, -6.926521735976215096E-17, -24.59453224071860333 ) ) ;
#3125 = CARTESIAN_POINT ( 'NONE',  ( 2.906636507328100180E-15, -0.5447916695571730639, -47.46897651391098805 ) ) ;
#3126 = CARTESIAN_POINT ( 'NONE',  ( -11.87929015310091785, 85.09292365000277414, -22.38824783138114682 ) ) ;
#3127 = CARTESIAN_POINT ( 'NONE',  ( 0.000000000000000000, -800.0000000000000000, 0.000000000000000000 ) ) ;
#3128 = CARTESIAN_POINT ( 'NONE',  ( -10.43941835113663252, 90.68401415333151760, -21.97077526066454567 ) ) ;
#3129 = CARTESIAN_POINT ( 'NONE',  ( -6.812065899055818718, 81.84617093161475054, -21.06084536750566727 ) ) ;
#3130 = ORIENTED_EDGE ( 'NONE', *, *, #3309, .T. ) ;
#3131 = CARTESIAN_POINT ( 'NONE',  ( -8.719909521984299356E-15, 0.2489583304428268362, 47.46897651391098805 ) ) ;
#3132 = VECTOR ( 'NONE', #1802, 1000.000000000000114 ) ;
#3133 = CARTESIAN_POINT ( 'NONE',  ( 27.90156433629465837, -1.021041669557173126, -38.40320870533926012 ) ) ;
#3134 = CARTESIAN_POINT ( 'NONE',  ( 27.19349550499534729, 1.915833333333315291, 37.42863556748974219 ) ) ;
#3135 = ORIENTED_EDGE ( 'NONE', *, *, #2498, .T. ) ;
#3136 = CARTESIAN_POINT ( 'NONE',  ( 43.99999999999999289, -0.3066666724476795891, -14.29646663424787256 ) ) ;
#3137 = CARTESIAN_POINT ( 'NONE',  ( 13.95078216814733096, 1.466041663776160187, -42.93609260962512053 ) ) ;
#3138 = CIRCLE ( 'NONE', #2242, 20.00000000000000000 ) ;
#3139 = CARTESIAN_POINT ( 'NONE',  ( 36.52362188585566827, 1.254374997109493739, -26.53596457686149890 ) ) ;
#3140 = CARTESIAN_POINT ( 'NONE',  ( 7.513317519956703272, 85.20869409561542795, 19.61654526234377016 ) ) ;
#3141 = B_SPLINE_CURVE_WITH_KNOTS ( 'NONE', 3,
 ( #2854, #1787, #2816, #984, #2557, #1486, #3369, #2017, #2051, #3120, #1753, #3086 ),
 .UNSPECIFIED., .F., .F.,
 ( 4, 2, 2, 2, 2, 4 ),
 ( 0.06984546003952907256, 0.07219971306631878250, 0.07455396609310849243, 0.07690821911989820236, 0.07808534563329305733, 0.07926247214668791230 ),
 .UNSPECIFIED. ) ;
#3142 = CARTESIAN_POINT ( 'NONE',  ( -13.59674775249769141, 5.302499994218986323, 41.84648671698675315 ) ) ;
#3143 = CARTESIAN_POINT ( 'NONE',  ( 11.88837084992047011, 85.02859169493576985, -22.39670351521469627 ) ) ;
#3144 = CARTESIAN_POINT ( 'NONE',  ( 36.52362188585566116, 0.8310416637761601777, 26.53596457686150956 ) ) ;
#3145 = CARTESIAN_POINT ( 'NONE',  ( -7.172514558291795517, 82.79516299773621313, -20.55440809804808566 ) ) ;
#3146 = CARTESIAN_POINT ( 'NONE',  ( -6.968915374279587738, 0.7000774479703911757, -43.99999999999996447 ) ) ;
#3147 = CARTESIAN_POINT ( 'NONE',  ( -27.19349550499536861, 4.561666660885651758, -37.42863556748975640 ) ) ;
#3148 = CARTESIAN_POINT ( 'NONE',  ( 7.132104264258527060, 87.34929792283310235, -24.41046141256071778 ) ) ;
#3149 = CARTESIAN_POINT ( 'NONE',  ( -3.377132121262433895, 91.70467492141223431, -20.05131133022835854 ) ) ;
#3150 = CARTESIAN_POINT ( 'NONE',  ( 27.90156433629465837, 3.212291663776159822, -38.40320870533926012 ) ) ;
#3151 = VERTEX_POINT ( 'NONE', #2823 ) ;
#3152 = CARTESIAN_POINT ( 'NONE',  ( 6.302123659828835933, 94.47407444086850603, -22.77503623443488934 ) ) ;
#3153 = ORIENTED_EDGE ( 'NONE', *, *, #1443, .F. ) ;
#3154 = CARTESIAN_POINT ( 'NONE',  ( -43.99999999999999289, 2.656666660885652398, -14.29646663424788144 ) ) ;
#3155 = CARTESIAN_POINT ( 'NONE',  ( -8.719909521984299356E-15, 0.5135416637761601732, 47.46897651391099515 ) ) ;
#3156 = CARTESIAN_POINT ( 'NONE',  ( -30.35509595722944098, -2.115511122413166848E-13, 33.41706930765766259 ) ) ;
#3157 = CARTESIAN_POINT ( 'NONE',  ( -43.99999999999999289, 9.006666660885654707, -14.29646663424788144 ) ) ;
#3158 = FACE_OUTER_BOUND ( 'NONE', #1128, .T. ) ;
#3159 = EDGE_CURVE ( 'NONE', #579, #414, #1419, .T. ) ;
#3160 = CARTESIAN_POINT ( 'NONE',  ( 11.88992785828626353, 85.92865287087867898, -22.20949722757445954 ) ) ;
#3161 = CARTESIAN_POINT ( 'NONE',  ( 27.90156433629465837, 1.360208330442826741, -38.40320870533926012 ) ) ;
#3162 = CARTESIAN_POINT ( 'NONE',  ( -11.33692441086781066, 82.45231942268381431, -23.20612025015106283 ) ) ;
#3163 = CARTESIAN_POINT ( 'NONE',  ( -6.968915374279576191, 1.649922552029567280, 43.99999999999996447 ) ) ;
#3164 = CARTESIAN_POINT ( 'NONE',  ( -6.968939972541105199, 4.404244300322146977, -43.99999200754034234 ) ) ;
#3165 = CARTESIAN_POINT ( 'NONE',  ( -6.674405911952420389, 81.56503790677295740, -21.22610640856564856 ) ) ;
#3166 = EDGE_CURVE ( 'NONE', #2081, #3240, #2368, .T. ) ;
#3167 = CARTESIAN_POINT ( 'NONE',  ( 2.450253214588103745, 92.09623079721060890, -20.21295622748212395 ) ) ;
#3168 = CARTESIAN_POINT ( 'NONE',  ( -27.90156433629465482, 3.635624997109492273, -38.40320870533926012 ) ) ;
#3169 = EDGE_LOOP ( 'NONE', ( #3203, #1327, #28, #1872, #1079, #1270 ) ) ;
#3170 = CARTESIAN_POINT ( 'NONE',  ( 36.52362188585566827, 0.9897916637761602354, -26.53596457686149890 ) ) ;
#3171 = CARTESIAN_POINT ( 'NONE',  ( -7.557520462709257289E-15, 5.937499999999997335, 43.99999999999998579 ) ) ;
#3172 = ORIENTED_EDGE ( 'NONE', *, *, #3122, .F. ) ;
#3173 = CARTESIAN_POINT ( 'NONE',  ( 27.19349550499537216, 2.021666660885653499, -37.42863556748975640 ) ) ;
#3174 = CARTESIAN_POINT ( 'NONE',  ( 13.95078216814733096, 3.582708330442827105, -42.93609260962512053 ) ) ;
#3175 = CARTESIAN_POINT ( 'NONE',  ( -9.232668554937205840, 92.23044748583564001, -22.19872961932478717 ) ) ;
#3176 = CARTESIAN_POINT ( 'NONE',  ( -13.95078216814732563, 10.14437499710949098, -42.93609260962512764 ) ) ;
#3177 = VERTEX_POINT ( 'NONE', #759 ) ;
#3178 = CARTESIAN_POINT ( 'NONE',  ( 27.19349550499537216, 8.371666660885653144, -37.42863556748975640 ) ) ;
#3179 = CARTESIAN_POINT ( 'NONE',  ( 9.094487984018178039, 78.81361394330676262, -24.88525023526844393 ) ) ;
#3180 = CARTESIAN_POINT ( 'NONE',  ( -35.59674775249768430, 3.503333333333330302, 25.86255110086880649 ) ) ;
#3181 = CARTESIAN_POINT ( 'NONE',  ( -11.64344927662270379, 83.41342434996450095, -22.85833572651309709 ) ) ;
#3182 = CARTESIAN_POINT ( 'NONE',  ( -13.59674775249767897, 1.598333333333312289, 41.84648671698671762 ) ) ;
#3183 = CARTESIAN_POINT ( 'NONE',  ( -44.00000000000000000, 4.879166660885652540, -5.388445916248353619E-15 ) ) ;
#3184 = CARTESIAN_POINT ( 'NONE',  ( -7.500000000000003553, 84.99999999999997158, -19.68680216366898961 ) ) ;
#3185 = CARTESIAN_POINT ( 'NONE',  ( -27.19349550499537926, 7.313333327552319574, 37.42863556748974929 ) ) ;
#3186 = CARTESIAN_POINT ( 'NONE',  ( 13.95078216814732031, 4.588124997109493286, 42.93609260962512764 ) ) ;
#3187 = CARTESIAN_POINT ( 'NONE',  ( -45.14567943541666040, 6.175624997109492753, 14.66872044838374123 ) ) ;
#3188 = CARTESIAN_POINT ( 'NONE',  ( -43.99999999999997868, 5.408333333333318116, -5.388445916248350463E-15 ) ) ;
#3189 = ORIENTED_EDGE ( 'NONE', *, *, #2068, .T. ) ;
#3190 = CARTESIAN_POINT ( 'NONE',  ( -4.849275834900587334, 95.15103563426511357, -23.00443395865359619 ) ) ;
#3191 = CARTESIAN_POINT ( 'NONE',  ( -27.90156433629466548, 6.651874997109493926, 38.40320870533925302 ) ) ;
#3192 = CARTESIAN_POINT ( 'NONE',  ( 6.968915374279605501, 3.875077447970394662, 43.99999999999996447 ) ) ;
#3193 = CARTESIAN_POINT ( 'NONE',  ( -8.498620992429152652E-15, -0.4125000000000001443, 46.26433786648375701 ) ) ;
#3194 = CARTESIAN_POINT ( 'NONE',  ( 7.340853637102272344, 77.31338769014338652, -25.74053940419916842 ) ) ;
#3195 = CARTESIAN_POINT ( 'NONE',  ( 13.59674775249768608, -1.576666666666666661, -41.84648671698675315 ) ) ;
#3196 = CARTESIAN_POINT ( 'NONE',  ( 13.95078216814733096, 5.699374997109493357, -42.93609260962512053 ) ) ;
#3197 = CARTESIAN_POINT ( 'NONE',  ( -5.057610440114025607, 90.57444957268040753, 23.95381197440972798 ) ) ;
#3198 = CARTESIAN_POINT ( 'NONE',  ( -35.59674775249768430, 2.974166660885653179, 25.86255110086881004 ) ) ;
#3199 = CARTESIAN_POINT ( 'NONE',  ( 7.180633409357647601, 82.41996548911474463, -25.01349319074054733 ) ) ;
#3200 = CARTESIAN_POINT ( 'NONE',  ( -0.5549258476285153785, 96.03072269652285797, 23.34159990541805030 ) ) ;
#3201 = CARTESIAN_POINT ( 'NONE',  ( 45.14567943541666040, 9.244791663776156909, 0.000000000000000000 ) ) ;
#3202 = AXIS2_PLACEMENT_3D ( 'NONE', #1893, #1364, #49 ) ;
#3203 = ORIENTED_EDGE ( 'NONE', *, *, #3371, .F. ) ;
#3204 = CARTESIAN_POINT ( 'NONE',  ( 45.14567943541665329, 0.6722916637761600089, 14.66872044838375899 ) ) ;
#3205 = CARTESIAN_POINT ( 'NONE',  ( -27.19349550499536505, 5.725833333333317121, 37.42863556748972798 ) ) ;
#3206 = ORIENTED_EDGE ( 'NONE', *, *, #18, .F. ) ;
#3207 = CARTESIAN_POINT ( 'NONE',  ( -45.14567943541666040, 4.323541663776159893, 14.66872044838374300 ) ) ;
#3208 = CARTESIAN_POINT ( 'NONE',  ( -6.115588143591676129, 89.37827920825465355, -24.05817175027926069 ) ) ;
#3209 = ADVANCED_FACE ( 'NONE', ( #2914 ), #2896, .F. ) ;
#3210 = CARTESIAN_POINT ( 'NONE',  ( 27.19349550499536150, 8.249958333391141707, 37.42863556748976350 ) ) ;
#3211 = CARTESIAN_POINT ( 'NONE',  ( 27.19349550499537216, -1.682499999999999885, -37.42863556748975640 ) ) ;
#3212 = CARTESIAN_POINT ( 'NONE',  ( 28.16871365460219323, 1.974638965856492430E-16, 34.25531917353924882 ) ) ;
#3213 = CARTESIAN_POINT ( 'NONE',  ( -27.19349550499538282, 1.492499999999999050, 37.42863556748974929 ) ) ;
#3214 = CARTESIAN_POINT ( 'NONE',  ( 44.00000000000000000, 8.583333333333332149, 0.000000000000000000 ) ) ;
#3215 = CARTESIAN_POINT ( 'NONE',  ( 2.906636507328100180E-15, 3.688541663776160107, -47.46897651391098805 ) ) ;
#3216 = CARTESIAN_POINT ( 'NONE',  ( -7.292560286234595957, 86.82222035820763040, 19.31351675930092071 ) ) ;
#3217 = CARTESIAN_POINT ( 'NONE',  ( -27.19349550499537926, 5.196666660885652433, 37.42863556748974929 ) ) ;
#3218 = CARTESIAN_POINT ( 'NONE',  ( 5.990530053768492458, 80.34370398567284610, -25.60845236060263019 ) ) ;
#3219 = AXIS2_PLACEMENT_3D ( 'NONE', #1472, #2544, #1207 ) ;
#3220 = CARTESIAN_POINT ( 'NONE',  ( -9.745621873543242941, 91.65092298865590692, 22.09482158398852292 ) ) ;
#3221 = CARTESIAN_POINT ( 'NONE',  ( -45.14567943541665329, 10.19729166377615925, -14.66872044838375189 ) ) ;
#3222 = CARTESIAN_POINT ( 'NONE',  ( -36.52362188585566827, -0.06854166955717325149, 26.53596457686149535 ) ) ;
#3223 = FACE_OUTER_BOUND ( 'NONE', #1211, .T. ) ;
#3224 = ORIENTED_EDGE ( 'NONE', *, *, #1871, .F. ) ;
#3225 = CARTESIAN_POINT ( 'NONE',  ( -27.90156433629465482, 6.016874997109492362, -38.40320870533925302 ) ) ;
#3226 = ADVANCED_FACE ( 'NONE', ( #2563 ), #2143, .F. ) ;
#3227 = ORIENTED_EDGE ( 'NONE', *, *, #1658, .F. ) ;
#3228 = CARTESIAN_POINT ( 'NONE',  ( 1.437683610125927602, 95.96958541215903438, -23.31679353672937793 ) ) ;
#3229 = DIRECTION ( 'NONE',  ( 0.000000000000000000, 0.000000000000000000, -1.000000000000000000 ) ) ;
#3230 = CARTESIAN_POINT ( 'NONE',  ( 35.59674775249768430, 8.779125000057808492, -25.86255110086881714 ) ) ;
#3231 = CARTESIAN_POINT ( 'NONE',  ( -27.19349550499536861, 2.974166666666666181, -37.42863556748975640 ) ) ;
#3232 = CARTESIAN_POINT ( 'NONE',  ( -5.358168246996713791, 76.18001791543694878, 26.43738954367365324 ) ) ;
#3233 = CARTESIAN_POINT ( 'NONE',  ( 35.59674775249768430, 10.38249999421898728, -25.86255110086881714 ) ) ;
#3234 = CARTESIAN_POINT ( 'NONE',  ( 27.19349550499536150, -0.2167083332755235237, 37.42863556748976350 ) ) ;
#3235 = CARTESIAN_POINT ( 'NONE',  ( 13.95078216814733096, 3.582708330442827105, -42.93609260962512053 ) ) ;
#3236 = CARTESIAN_POINT ( 'NONE',  ( -1.929430852456008649, 92.26490400169033990, 20.28655782012623021 ) ) ;
#3237 = CARTESIAN_POINT ( 'NONE',  ( 6.161267641225612657, 80.56317708385216747, -25.53569065347534206 ) ) ;
#3238 = CARTESIAN_POINT ( 'NONE',  ( -45.14567943541665329, 5.963958330442825861, -14.66872044838375189 ) ) ;
#3239 = CARTESIAN_POINT ( 'NONE',  ( 27.90156433629465127, 4.693958330442827176, 38.40320870533926723 ) ) ;
#3240 = VERTEX_POINT ( 'NONE', #2730 ) ;
#3241 = EDGE_LOOP ( 'NONE', ( #1851, #997, #1716, #2719, #2098, #2218 ) ) ;
#3242 = CARTESIAN_POINT ( 'NONE',  ( -2.799557584113374631, 91.96240847189844203, -20.15646531738265779 ) ) ;
#3243 = CARTESIAN_POINT ( 'NONE',  ( 13.95078216814732031, 2.471458330442826590, 42.93609260962512764 ) ) ;
#3244 = CARTESIAN_POINT ( 'NONE',  ( -35.59674775249767720, 9.414125000057808279, -25.86255110086882070 ) ) ;
#3245 = CARTESIAN_POINT ( 'NONE',  ( 44.00000000000000000, -2.000000000000000000, 0.000000000000000000 ) ) ;
#3246 = CARTESIAN_POINT ( 'NONE',  ( -28.98776736848798663, -1.038840015916841490E-16, 34.62689720678712035 ) ) ;
#3247 = CARTESIAN_POINT ( 'NONE',  ( -29.87620800797902021, 11.51287969386342880, 33.73619858056110132 ) ) ;
#3248 = CARTESIAN_POINT ( 'NONE',  ( 13.59674775249767720, 8.159999999999998366, 41.84648671698676026 ) ) ;
#3249 = CARTESIAN_POINT ( 'NONE',  ( 45.14567943541665329, 5.381874997109493464, -14.66872044838374300 ) ) ;
#3250 = DIRECTION ( 'NONE',  ( -0.000000000000000000, -1.000000000000000000, -0.000000000000000000 ) ) ;
#3251 = CARTESIAN_POINT ( 'NONE',  ( -11.37880532487047525, 88.76209346996783722, 21.89548553828887378 ) ) ;
#3252 = CARTESIAN_POINT ( 'NONE',  ( 6.112919853310833318, 80.62942087993451423, -21.81468886009808728 ) ) ;
#3253 = CARTESIAN_POINT ( 'NONE',  ( -36.52362188585566827, 6.281458330442825755, 26.53596457686149535 ) ) ;
#3254 = VECTOR ( 'NONE', #1273, 1000.000000000000227 ) ;
#3255 = CARTESIAN_POINT ( 'NONE',  ( 13.95078216814733096, 9.668124997109492469, -42.93609260962512053 ) ) ;
#3256 = CARTESIAN_POINT ( 'NONE',  ( 27.19349550499537216, 10.48833332755244641, -37.42863556748975640 ) ) ;
#3257 = ORIENTED_EDGE ( 'NONE', *, *, #1240, .F. ) ;
#3258 = CARTESIAN_POINT ( 'NONE',  ( 0.1850994584558364187, 77.50017609954542763, -24.22977356804548776 ) ) ;
#3259 = CARTESIAN_POINT ( 'NONE',  ( -27.90156433629465482, 3.635624997109492273, -38.40320870533925302 ) ) ;
#3260 = CARTESIAN_POINT ( 'NONE',  ( -35.59674775249768430, 7.720791666724476698, 25.86255110086881004 ) ) ;
#3261 = CARTESIAN_POINT ( 'NONE',  ( 43.99999999999999289, 0.2224999999999996148, -14.29646663424787256 ) ) ;
#3262 = CARTESIAN_POINT ( 'NONE',  ( -2.455383776086590419, 77.87620645958021726, 26.56486072591263792 ) ) ;
#3263 = CARTESIAN_POINT ( 'NONE',  ( 43.99999999999999289, -1.894166666666666554, -14.29646663424787256 ) ) ;
#3264 = CARTESIAN_POINT ( 'NONE',  ( -35.59674775249768430, 1.370791666724476388, 25.86255110086881004 ) ) ;
#3265 = CARTESIAN_POINT ( 'NONE',  ( -27.90156433629466548, 6.651874997109493926, 38.40320870533925302 ) ) ;
#3266 = CARTESIAN_POINT ( 'NONE',  ( 7.500000000000003553, 85.00000000000000000, -51.05600000000000449 ) ) ;
#3267 = CARTESIAN_POINT ( 'NONE',  ( 43.99999999999998579, 8.159999994218985364, -14.29646663424787434 ) ) ;
#3268 = ADVANCED_FACE ( 'NONE', ( #117, #3070 ), #1205, .F. ) ;
#3269 = CARTESIAN_POINT ( 'NONE',  ( 5.757137409456741572, 76.35040988078404212, -26.32895149372101429 ) ) ;
#3270 = CARTESIAN_POINT ( 'NONE',  ( -45.14567943541666040, 10.40895833044282526, 14.66872044838374123 ) ) ;
#3271 = DIRECTION ( 'NONE',  ( -0.000000000000000000, -1.000000000000000000, -0.000000000000000000 ) ) ;
#3272 = CARTESIAN_POINT ( 'NONE',  ( 6.968915374279550434, 6.941589218696241126, -43.99999999999998579 ) ) ;
#3273 = VERTEX_POINT ( 'NONE', #896 ) ;
#3274 = CARTESIAN_POINT ( 'NONE',  ( 1.751052165521294501, 77.69909424433515710, -24.05902653362173993 ) ) ;
#3275 = CARTESIAN_POINT ( 'NONE',  ( 27.90156433629465837, 5.328958330442825186, -38.40320870533925302 ) ) ;
#3276 = CARTESIAN_POINT ( 'NONE',  ( 43.99999999999999289, 4.455833333333331758, -14.29646663424787256 ) ) ;
#3277 = CARTESIAN_POINT ( 'NONE',  ( -7.844793341950616394, 77.66510689955143221, 25.52975586092917837 ) ) ;
#3278 = CARTESIAN_POINT ( 'NONE',  ( 44.00000000000000000, 6.466666666666665897, 0.000000000000000000 ) ) ;
#3279 = CARTESIAN_POINT ( 'NONE',  ( 2.832873664143050884E-15, 9.112500000000000711, -46.26433786648375701 ) ) ;
#3280 = CARTESIAN_POINT ( 'NONE',  ( -27.19349550499536861, 2.444999994218986838, -37.42863556748975640 ) ) ;
#3281 = CARTESIAN_POINT ( 'NONE',  ( -10.17864690849023290, -2.575961858425808910E-17, -43.16375949729079764 ) ) ;
#3282 = CARTESIAN_POINT ( 'NONE',  ( -7.069854486678986305, 82.14108002414337761, 25.08074875977231599 ) ) ;
#3283 = CARTESIAN_POINT ( 'NONE',  ( 5.593067043820837192, 90.00232893587595129, 19.52199512522344449 ) ) ;
#3284 = CARTESIAN_POINT ( 'NONE',  ( 45.14567943541665329, 7.233958330442825435, -14.66872044838374300 ) ) ;
#3285 = CARTESIAN_POINT ( 'NONE',  ( 1.884934515405132080E-13, 9.112499999999998934, -43.99999999999998579 ) ) ;
#3286 = CARTESIAN_POINT ( 'NONE',  ( 36.52362188585566116, 7.181041663776158934, 26.53596457686150956 ) ) ;
#3287 = ORIENTED_EDGE ( 'NONE', *, *, #2175, .F. ) ;
#3288 = CARTESIAN_POINT ( 'NONE',  ( 6.302123659837982395, 94.47407444086353223, -22.77503623443329772 ) ) ;
#3289 = CARTESIAN_POINT ( 'NONE',  ( 45.14567943541665329, 0.8839583304428265675, -14.66872044838374478 ) ) ;
#3290 = CARTESIAN_POINT ( 'NONE',  ( 27.19349550499536150, 8.265833333333331367, 37.42863556748976350 ) ) ;
#3291 = AXIS2_PLACEMENT_3D ( 'NONE', #1392, #871, #62 ) ;
#3292 = CARTESIAN_POINT ( 'NONE',  ( 4.535493994535653606, 79.00752355320666709, 22.99109200794902819 ) ) ;
#3293 = CARTESIAN_POINT ( 'NONE',  ( 44.00000000000000000, 4.349999999999999645, 0.000000000000000000 ) ) ;
#3294 = CARTESIAN_POINT ( 'NONE',  ( 13.59674775249768608, 4.757458333391142880, -41.84648671698675315 ) ) ;
#3295 = CARTESIAN_POINT ( 'NONE',  ( -27.19349550499538282, 0.9633333275523200401, 37.42863556748974929 ) ) ;
#3296 = CARTESIAN_POINT ( 'NONE',  ( -40.21887379287554154, 4.151241199865273172E-17, 20.56023050324759893 ) ) ;
#3297 = CARTESIAN_POINT ( 'NONE',  ( -7.373381056818526069, 86.56468445823126956, 24.49883145434776210 ) ) ;
#3298 = CARTESIAN_POINT ( 'NONE',  ( 0.1237580507219311343, 77.49496570750899593, -26.73381041988730189 ) ) ;
#3299 = CARTESIAN_POINT ( 'NONE',  ( 5.430287034625496112, 90.17319850011367066, 19.56367207862215452 ) ) ;
#3300 = DIRECTION ( 'NONE',  ( 2.200654480484087989E-17, -0.9837219938267964814, 0.1796970752723372755 ) ) ;
#3301 = CARTESIAN_POINT ( 'NONE',  ( 35.59674775249766299, 6.254999999999986571, 25.86255110086881359 ) ) ;
#3302 = CARTESIAN_POINT ( 'NONE',  ( -45.14567943541665329, 8.345208330442826394, -14.66872044838375189 ) ) ;
#3303 = AXIS2_PLACEMENT_3D ( 'NONE', #2750, #3271, #104 ) ;
#3304 = EDGE_LOOP ( 'NONE', ( #3435, #1955, #1305 ) ) ;
#3305 = CARTESIAN_POINT ( 'NONE',  ( 7.500000000000003553, 85.00000000000000000, -19.68680216366898250 ) ) ;
#3306 = CARTESIAN_POINT ( 'NONE',  ( 43.99999999999999289, 3.714999994218985524, 14.29646663424789210 ) ) ;
#3307 = CARTESIAN_POINT ( 'NONE',  ( -13.95078216814732563, 1.413124997109493020, -42.93609260962512764 ) ) ;
#3308 = CARTESIAN_POINT ( 'NONE',  ( -35.59674775249768430, 9.853333333333331723, 25.86255110086881004 ) ) ;
#3309 = EDGE_CURVE ( 'NONE', #901, #522, #605, .T. ) ;
#3310 = CARTESIAN_POINT ( 'NONE',  ( -0.3841531628905274776, 77.50361151118181624, 26.72993507614275188 ) ) ;
#3311 = CARTESIAN_POINT ( 'NONE',  ( 27.19349550499537216, 2.534958333391143182, -37.42863556748975640 ) ) ;
#3312 = ORIENTED_EDGE ( 'NONE', *, *, #2373, .F. ) ;
#3313 = CARTESIAN_POINT ( 'NONE',  ( 36.52362188585566827, 9.721041663776158970, -26.53596457686149890 ) ) ;
#3314 = FACE_OUTER_BOUND ( 'NONE', #1324, .T. ) ;
#3315 = CARTESIAN_POINT ( 'NONE',  ( -11.84100232438341394, 84.63693653492424573, 22.50275211931304753 ) ) ;
#3316 = CARTESIAN_POINT ( 'NONE',  ( -0.9015953507503399189, 77.55020557666064462, -24.18665465499098133 ) ) ;
#3317 = DIRECTION ( 'NONE',  ( -0.000000000000000000, -1.000000000000000000, -0.000000000000000000 ) ) ;
#3318 = CARTESIAN_POINT ( 'NONE',  ( -13.95078216814733629, 8.609791663776157122, 42.93609260962512053 ) ) ;
#3319 = CARTESIAN_POINT ( 'NONE',  ( -2.442583836160804545, 95.83389252570867711, -23.26249813364008290 ) ) ;
#3320 = CARTESIAN_POINT ( 'NONE',  ( 27.90156433629465127, 9.191874997109492185, 38.40320870533926012 ) ) ;
#3321 = ORIENTED_EDGE ( 'NONE', *, *, #2373, .T. ) ;
#3322 = CARTESIAN_POINT ( 'NONE',  ( 5.388445916248353619E-15, 10.00000000000000000, 44.00000000000000000 ) ) ;
#3323 = ORIENTED_EDGE ( 'NONE', *, *, #1363, .F. ) ;
#3324 = CARTESIAN_POINT ( 'NONE',  ( -13.59674775249769141, 5.302499994218987212, 41.84648671698675315 ) ) ;
#3325 = CARTESIAN_POINT ( 'NONE',  ( 27.19349550499537216, 2.021666660885653499, -37.42863556748975640 ) ) ;
#3326 = CARTESIAN_POINT ( 'NONE',  ( -21.36863793222626384, 10.00057788505560552, 38.46272628040582475 ) ) ;
#3327 = CARTESIAN_POINT ( 'NONE',  ( -13.95078216814732563, 5.911041663776159361, -42.93609260962512764 ) ) ;
#3328 = CARTESIAN_POINT ( 'NONE',  ( -0.5004386047696166573, 75.04267432183024766, 27.17869508944913903 ) ) ;
#3329 = CARTESIAN_POINT ( 'NONE',  ( -27.19349550499536861, 7.191625000057809025, -37.42863556748975640 ) ) ;
#3330 = CARTESIAN_POINT ( 'NONE',  ( -13.59674775249768075, 2.339166660885653393, -41.84648671698676026 ) ) ;
#3331 = CARTESIAN_POINT ( 'NONE',  ( 4.044248076595868824, 95.43219644686573133, 23.10775063631679771 ) ) ;
#3332 = CARTESIAN_POINT ( 'NONE',  ( -7.616601806887727477, 84.92333320562138965, 24.60853485791020745 ) ) ;
#3333 = CARTESIAN_POINT ( 'NONE',  ( 3.254518063559692198, 75.44165812355684864, -26.91416106205047853 ) ) ;
#3334 = CARTESIAN_POINT ( 'NONE',  ( -33.50799684431011372, -1.050152921499370451E-16, -29.63784422942157093 ) ) ;
#3335 = CARTESIAN_POINT ( 'NONE',  ( 4.761257274608651002, 75.92990131116825125, -26.59712685432381818 ) ) ;
#3336 = CARTESIAN_POINT ( 'NONE',  ( -6.148299224709892208, 76.57874468029065440, -26.18778183344854327 ) ) ;
#3337 = CARTESIAN_POINT ( 'NONE',  ( -8.530976885481315719, 78.25727587228357152, -25.19188143244884515 ) ) ;
#3338 = DIRECTION ( 'NONE',  ( 0.000000000000000000, 0.000000000000000000, -1.000000000000000000 ) ) ;
#3339 = ORIENTED_EDGE ( 'NONE', *, *, #3111, .F. ) ;
#3340 = CARTESIAN_POINT ( 'NONE',  ( 1.244553692676278665E-12, 96.03909122581703173, 23.34500906948737153 ) ) ;
#3341 = CARTESIAN_POINT ( 'NONE',  ( -43.99999999999999289, 9.006666660885654707, -14.29646663424788144 ) ) ;
#3342 = CARTESIAN_POINT ( 'NONE',  ( -36.52362188585566827, 8.398124997109492895, 26.53596457686149535 ) ) ;
#3343 = CARTESIAN_POINT ( 'NONE',  ( -35.59674775249768430, 5.619999999999999218, 25.86255110086881004 ) ) ;
#3344 = CARTESIAN_POINT ( 'NONE',  ( -36.52362188585566827, 2.312708330442827087, 26.53596457686149535 ) ) ;
#3345 = CARTESIAN_POINT ( 'NONE',  ( -1.291908961760223740, 77.60276542207186878, 26.68559708247738982 ) ) ;
#3346 = PRODUCT_DEFINITION ( 'UNKNOWN', '', #1267, #1412 ) ;
#3347 = EDGE_LOOP ( 'NONE', ( #2670, #1905, #1459 ) ) ;
#3348 = CARTESIAN_POINT ( 'NONE',  ( -44.00000000000000000, 5.392458333391142666, -5.388445916248353619E-15 ) ) ;
#3349 = CARTESIAN_POINT ( 'NONE',  ( 45.14567943541665329, 9.403541663776159965, 14.66872044838375899 ) ) ;
#3350 = CARTESIAN_POINT ( 'NONE',  ( -0.1852279061587820130, 92.50189081762053434, 20.39472239381824892 ) ) ;
#3351 = DIRECTION ( 'NONE',  ( -0.000000000000000000, -1.000000000000000000, -0.000000000000000000 ) ) ;
#3352 = CARTESIAN_POINT ( 'NONE',  ( -1.678675466486585277, 77.67858388985622753, -26.65192443777586817 ) ) ;
#3353 = CARTESIAN_POINT ( 'NONE',  ( -43.77883904539708482, 1.038233645787383315E-16, -10.49341443720768119 ) ) ;
#3354 = FACE_OUTER_BOUND ( 'NONE', #2399, .T. ) ;
#3355 = EDGE_CURVE ( 'NONE', #1989, #1289, #2778, .T. ) ;
#3356 = FACE_OUTER_BOUND ( 'NONE', #3304, .T. ) ;
#3357 = CARTESIAN_POINT ( 'NONE',  ( -6.670731676158043300, 76.86208628270843235, -26.01196099245401072 ) ) ;
#3358 = LINE ( 'NONE', #953, #2499 ) ;
#3359 = EDGE_LOOP ( 'NONE', ( #2652, #482, #3339, #2514 ) ) ;
#3360 = LINE ( 'NONE', #2008, #165 ) ;
#3361 = CARTESIAN_POINT ( 'NONE',  ( -35.59674775249768430, 7.207499994218985684, 25.86255110086881004 ) ) ;
#3362 = CARTESIAN_POINT ( 'NONE',  ( -1.364148164431329959E-11, 96.03909122581703173, -23.34500906948737153 ) ) ;
#3363 = CARTESIAN_POINT ( 'NONE',  ( 27.19349550499536150, 6.149166666666666003, 37.42863556748976350 ) ) ;
#3364 = AXIS2_PLACEMENT_3D ( 'NONE', #1416, #1169, #619 ) ;
#3365 = CARTESIAN_POINT ( 'NONE',  ( 13.95078216814732031, 0.6193749971094935081, 42.93609260962512764 ) ) ;
#3366 = CARTESIAN_POINT ( 'NONE',  ( 4.903806735502677761, 79.30554969511140939, 22.76115546314963822 ) ) ;
#3367 = CARTESIAN_POINT ( 'NONE',  ( -13.59674775249769141, 9.535833327552319716, 41.84648671698675315 ) ) ;
#3368 = CARTESIAN_POINT ( 'NONE',  ( 5.430287034632037546, 90.17319850010680682, 19.56367207862047763 ) ) ;
#3369 = CARTESIAN_POINT ( 'NONE',  ( -3.083411541742645756, 75.38168268143108719, 26.95343413460934912 ) ) ;
#3370 = CARTESIAN_POINT ( 'NONE',  ( 7.500000000000003553, 85.00000000000001421, 19.68680216366901803 ) ) ;
#3371 = EDGE_CURVE ( 'NONE', #2081, #464, #2835, .T. ) ;
#3372 = CARTESIAN_POINT ( 'NONE',  ( 8.000030538966051097, 77.80226206072811124, 25.45253609293079222 ) ) ;
#3373 = CARTESIAN_POINT ( 'NONE',  ( -1.376762178925302615, 92.38194461890789455, 20.33922491560698376 ) ) ;
#3374 = CARTESIAN_POINT ( 'NONE',  ( -10.79354503846480462, 81.20848551398688642, -23.71411385220583057 ) ) ;
#3375 = CARTESIAN_POINT ( 'NONE',  ( -4.802385663513768499, 79.22799928737140363, 22.82218635268672813 ) ) ;
#3376 = CARTESIAN_POINT ( 'NONE',  ( -5.940849669774336483, 94.73154063450650142, -22.84740101396936396 ) ) ;
#3377 = CARTESIAN_POINT ( 'NONE',  ( -43.99999999999997868, 7.419166666666657584, -14.29646663424787967 ) ) ;
#3378 = VERTEX_POINT ( 'NONE', #3121 ) ;
#3379 = AXIS2_PLACEMENT_3D ( 'NONE', #2834, #3102, #2301 ) ;
#3380 = CARTESIAN_POINT ( 'NONE',  ( -7.500000000000006217, 84.74108236536324057, 19.76184674953620402 ) ) ;
#3381 = CARTESIAN_POINT ( 'NONE',  ( 27.19349550499537216, 4.138333327552319751, -37.42863556748975640 ) ) ;
#3382 = CARTESIAN_POINT ( 'NONE',  ( 6.968912831886402870, 1.229244089066778178, 44.00000082607362373 ) ) ;
#3383 = CARTESIAN_POINT ( 'NONE',  ( -44.00000000000000000, 5.408333333333332327, -5.388445916248353619E-15 ) ) ;
#3384 = EDGE_CURVE ( 'NONE', #579, #3455, #2890, .T. ) ;
#3385 = VECTOR ( 'NONE', #1455, 1000.000000000000000 ) ;
#3386 = CARTESIAN_POINT ( 'NONE',  ( -45.14567943541666040, 4.217708330442826892, -5.528751181591550879E-15 ) ) ;
#3387 = CARTESIAN_POINT ( 'NONE',  ( 7.354360769156404132, 83.51007372853344179, 20.22305482844677371 ) ) ;
#3388 = CARTESIAN_POINT ( 'NONE',  ( -8.498620992429152652E-15, 9.641666660885650941, 46.26433786648375701 ) ) ;
#3389 = CARTESIAN_POINT ( 'NONE',  ( -5.499154735833390539, 79.77387487693398782, -25.80427144339099144 ) ) ;
#3390 = CARTESIAN_POINT ( 'NONE',  ( 11.41852916920844407, 88.62652199522965191, -21.90216346437535222 ) ) ;
#3391 = CARTESIAN_POINT ( 'NONE',  ( -42.10901367867248268, -8.856455998072510407E-17, -15.71785637927862034 ) ) ;
#3392 = CARTESIAN_POINT ( 'NONE',  ( -35.59674775249767720, 3.079999999999997851, -25.86255110086881714 ) ) ;
#3393 = CARTESIAN_POINT ( 'NONE',  ( -6.202686257671354397, 80.61876008710027008, -25.51761428961145128 ) ) ;
#3394 = CARTESIAN_POINT ( 'NONE',  ( 0.000000000000000000, 10.00000000000000000, 0.000000000000000000 ) ) ;
#3395 = FACE_OUTER_BOUND ( 'NONE', #1344, .T. ) ;
#3396 = CARTESIAN_POINT ( 'NONE',  ( 5.886980927936706465, 89.70766915467800118, -24.01559980485463441 ) ) ;
#3397 = CARTESIAN_POINT ( 'NONE',  ( -5.006927130174949170, 90.59362333499578313, -19.67242948701413141 ) ) ;
#3398 = CARTESIAN_POINT ( 'NONE',  ( 2.906636507328100180E-15, 3.423958330442825826, -47.46897651391098805 ) ) ;
#3399 = CARTESIAN_POINT ( 'NONE',  ( 6.968915374279594843, 2.708255885362903737, -43.99999999999996447 ) ) ;
#3400 = VERTEX_POINT ( 'NONE', #2371 ) ;
#3401 = CARTESIAN_POINT ( 'NONE',  ( 2.832873664143050884E-15, 2.233333327552319947, -46.26433786648375701 ) ) ;
#3402 = CARTESIAN_POINT ( 'NONE',  ( -30.65413117814940591, 10.58683801268938574, 34.61462546932195039 ) ) ;
#3403 = VECTOR ( 'NONE', #2575, 1000.000000000000000 ) ;
#3404 = CARTESIAN_POINT ( 'NONE',  ( -13.95078216814733629, 0.4077083304428268384, 42.93609260962512053 ) ) ;
#3405 = CARTESIAN_POINT ( 'NONE',  ( 7.564142926562752223, 85.61598110364946024, 24.55800905669078915 ) ) ;
#3406 = CARTESIAN_POINT ( 'NONE',  ( 35.59674775249767720, 5.725833327552320107, 25.86255110086882425 ) ) ;
#3407 = CARTESIAN_POINT ( 'NONE',  ( 11.81695317425057823, 86.84168697075811849, -22.05936255906605936 ) ) ;
#3408 = CARTESIAN_POINT ( 'NONE',  ( -45.14567943541666040, 0.09020833044282698665, 14.66872044838374123 ) ) ;
#3409 = CARTESIAN_POINT ( 'NONE',  ( -11.04847518625734715, 89.52726849526429476, -21.90654531570443453 ) ) ;
#3410 = CARTESIAN_POINT ( 'NONE',  ( -27.19349550499535084, 0.8574999999999795008, -37.42863556748972087 ) ) ;
#3411 = CARTESIAN_POINT ( 'NONE',  ( -44.00000000000000000, 2.762499994218986732, -5.388445916248353619E-15 ) ) ;
#3412 = CARTESIAN_POINT ( 'NONE',  ( 5.493672820188477246, 90.13040087484264973, -19.54746231559597902 ) ) ;
#3413 = CARTESIAN_POINT ( 'NONE',  ( 3.939340755141764738, 91.38213086789038186, -19.93075455085821446 ) ) ;
#3414 = CARTESIAN_POINT ( 'NONE',  ( -36.52362188585566827, 2.048124997109493250, 26.53596457686149535 ) ) ;
#3415 = EDGE_LOOP ( 'NONE', ( #3312, #8, #3417, #1275 ) ) ;
#3416 = CARTESIAN_POINT ( 'NONE',  ( 7.500000000000002665, 85.30790838327318681, -19.59755811839490747 ) ) ;
#3417 = ORIENTED_EDGE ( 'NONE', *, *, #413, .F. ) ;
#3418 = AXIS2_PLACEMENT_3D ( 'NONE', #115, #3250, #309 ) ;
#3419 = CARTESIAN_POINT ( 'NONE',  ( 35.59674775249767720, 1.492499994218986936, 25.86255110086882425 ) ) ;
#3420 = CARTESIAN_POINT ( 'NONE',  ( 27.90156433629465837, 5.593541663776159467, -38.40320870533925302 ) ) ;
#3421 = ADVANCED_FACE ( 'NONE', ( #424 ), #103, .T. ) ;
#3422 = VECTOR ( 'NONE', #1508, 1000.000000000000114 ) ;
#3423 = CARTESIAN_POINT ( 'NONE',  ( 6.968916863326486855, 9.695910787113062312, 43.99999951617933647 ) ) ;
#3424 = ADVANCED_FACE ( 'NONE', ( #3158 ), #1296, .T. ) ;
#3425 = CARTESIAN_POINT ( 'NONE',  ( 43.99999999999999289, 8.159999994218985364, -14.29646663424787256 ) ) ;
#3426 = APPLICATION_PROTOCOL_DEFINITION ( 'draft international standard', 'automotive_design', 1998, #2222 ) ;
#3427 = CARTESIAN_POINT ( 'NONE',  ( 11.06868553467660909, 89.47841380373695586, -21.90607542119410667 ) ) ;
#3428 = CARTESIAN_POINT ( 'NONE',  ( -36.52362188585566827, 0.1960416637761602243, 26.53596457686149535 ) ) ;
#3429 = CARTESIAN_POINT ( 'NONE',  ( -6.807656632383590534, 88.15555114335693077, -24.26111787927095520 ) ) ;
#3430 = CARTESIAN_POINT ( 'NONE',  ( -35.59674775249765588, 1.386666666666645842, 25.86255110086878517 ) ) ;
#3431 = CARTESIAN_POINT ( 'NONE',  ( -13.59674775249769141, 3.185833327552319627, 41.84648671698675315 ) ) ;
#3432 = CARTESIAN_POINT ( 'NONE',  ( -27.19349550499537216, 7.842499999999990479, 37.42863556748974219 ) ) ;
#3433 = CARTESIAN_POINT ( 'NONE',  ( -5.473772902132480134, 76.03965345447620905, -23.31473555982187662 ) ) ;
#3434 = FACE_OUTER_BOUND ( 'NONE', #1081, .T. ) ;
#3435 = ORIENTED_EDGE ( 'NONE', *, *, #1761, .T. ) ;
#3436 = CARTESIAN_POINT ( 'NONE',  ( -36.52362188585566116, 5.858124997109491972, -26.53596457686150600 ) ) ;
#3437 = CARTESIAN_POINT ( 'NONE',  ( 6.844838311791908936, 88.08256149493305998, -19.27319417604820018 ) ) ;
#3438 = ORIENTED_EDGE ( 'NONE', *, *, #1552, .T. ) ;
#3439 = CARTESIAN_POINT ( 'NONE',  ( -11.90361089128496808, 85.48616381959872967, 22.29403141120302223 ) ) ;
#3440 = CARTESIAN_POINT ( 'NONE',  ( 45.14567943541665329, 3.265208330442827211, -14.66872044838374478 ) ) ;
#3441 = CARTESIAN_POINT ( 'NONE',  ( -4.153060220470990771, 91.27274493562670443, -23.93943461190937683 ) ) ;
#3442 = CARTESIAN_POINT ( 'NONE',  ( 36.52362188585566116, 9.297708330442825186, 26.53596457686150956 ) ) ;
#3443 = CARTESIAN_POINT ( 'NONE',  ( -44.00000000000000000, 4.984999994218986430, 14.29646663424786901 ) ) ;
#3444 = CARTESIAN_POINT ( 'NONE',  ( 6.834809102372345180, 94.18525440298202511, -22.68237736696550755 ) ) ;
#3445 = CARTESIAN_POINT ( 'NONE',  ( 36.52362188585566827, -0.8622916695571729573, -26.53596457686149890 ) ) ;
#3446 = CARTESIAN_POINT ( 'NONE',  ( -10.29512435501682788, 80.32281949808209731, -24.11335633280690516 ) ) ;
#3447 = CARTESIAN_POINT ( 'NONE',  ( 27.19349550499536150, 3.503333327552319965, 37.42863556748976350 ) ) ;
#3448 = CARTESIAN_POINT ( 'NONE',  ( 0.000000000000000000, 10.00000000000000000, 0.000000000000000000 ) ) ;
#3449 = CARTESIAN_POINT ( 'NONE',  ( -5.621747371643645685, 80.02556288837679688, -22.23466026836377551 ) ) ;
#3450 = ORIENTED_EDGE ( 'NONE', *, *, #2498, .F. ) ;
#3451 = CARTESIAN_POINT ( 'NONE',  ( 45.14567943541666040, 2.894791663776159929, 0.000000000000000000 ) ) ;
#3452 = ORIENTED_EDGE ( 'NONE', *, *, #1083, .F. ) ;
#3453 = CARTESIAN_POINT ( 'NONE',  ( 27.90156433629465837, 5.328958330442824298, -38.40320870533926012 ) ) ;
#3454 = CARTESIAN_POINT ( 'NONE',  ( -35.59674775249766299, 5.619999999999984119, 25.86255110086879583 ) ) ;
#3455 = VERTEX_POINT ( 'NONE', #2086 ) ;
#3456 = CARTESIAN_POINT ( 'NONE',  ( 13.59674775249768608, 0.01083332755232035982, -41.84648671698675315 ) ) ;
#3457 = CARTESIAN_POINT ( 'NONE',  ( -27.90156433629466548, 4.535208330442826785, 38.40320870533924591 ) ) ;
#3458 = CARTESIAN_POINT ( 'NONE',  ( -6.238972910854710285, 89.19566032336896910, -24.08313199145263184 ) ) ;
#3459 = CARTESIAN_POINT ( 'NONE',  ( -36.52362188585566116, 8.239374997109493393, -26.53596457686150600 ) ) ;
#3460 = CARTESIAN_POINT ( 'NONE',  ( -29.56633889144367799, -3.121389352725822814E-17, -33.43786326769673423 ) ) ;
#3461 = CARTESIAN_POINT ( 'NONE',  ( -44.00000000000000000, 3.397499999999999076, 14.29646663424786901 ) ) ;
#3462 = CARTESIAN_POINT ( 'NONE',  ( 11.82968340588147882, 84.43858691001133820, -22.55018891804858683 ) ) ;
#3463 = CARTESIAN_POINT ( 'NONE',  ( -45.14567943541666040, 2.206874997109493197, 14.66872044838374123 ) ) ;
#3464 = CARTESIAN_POINT ( 'NONE',  ( -7.155507053342203605, 87.30214446010970164, 19.27674800534243360 ) ) ;
ENDSEC;
END-ISO-10303-21;
