ISO-10303-21;
HEADER;
FILE_DESCRIPTION (( 'STEP AP214' ),
    '1' );
FILE_NAME ('NSCN-Shoulder.STEP',
    '2025-10-14T15:42:35',
    ( '' ),
    ( '' ),
    'SwSTEP 2.0',
    'SolidWorks 2025',
    '' );
FILE_SCHEMA (( 'AUTOMOTIVE_DESIGN' ));
ENDSEC;

DATA;
#1 = CARTESIAN_POINT ( 'NONE',  ( 43.35432056458333960, 29.69687500289050774, -5.309372990862526299E-15 ) ) ;
#2 = CARTESIAN_POINT ( 'NONE',  ( 43.35432056458334671, 31.70770833622384188, 14.08667266822845576 ) ) ;
#3 = CARTESIAN_POINT ( 'NONE',  ( -36.00125624968516291, 37.81958333911434522, -26.15644372701505560 ) ) ;
#4 = CARTESIAN_POINT ( 'NONE',  ( 0.000000000000000000, 0.000000000000000000, 0.000000000000000000 ) ) ;
#5 = CARTESIAN_POINT ( 'NONE',  ( 43.35432056458333960, 40.28020833622383634, -5.309372990862526299E-15 ) ) ;
#6 = EDGE_LOOP ( 'NONE', ( #164, #885, #899, #580, #1403, #59, #1875, #1078, #922, #258, #2055, #1567, #308, #1668, #1844 ) ) ;
#7 = FACE_BOUND ( 'NONE', #461, .T. ) ;
#8 = CARTESIAN_POINT ( 'NONE',  ( -36.00125624968516291, 36.12625000578101009, 26.15644372701506626 ) ) ;
#9 = CARTESIAN_POINT ( 'NONE',  ( -35.93569720648110888, 28.30970014753998143, 24.25330447383941390 ) ) ;
#10 = CARTESIAN_POINT ( 'NONE',  ( 35.07438211632719316, 33.71854166955716892, 25.48303025102237029 ) ) ;
#11 = CARTESIAN_POINT ( 'NONE',  ( 13.75125624968516824, 34.16833333333333655, 42.32201497513433708 ) ) ;
#12 = DIRECTION ( 'NONE',  ( 0.000000000000000000, 0.000000000000000000, -1.000000000000000000 ) ) ;
#13 = CARTESIAN_POINT ( 'NONE',  ( 35.07438211632718605, 29.90854166955717375, -25.48303025102238095 ) ) ;
#14 = CARTESIAN_POINT ( 'NONE',  ( -2.791302567141446299E-15, 32.34270833622383634, -45.58543033117564391 ) ) ;
#15 = CARTESIAN_POINT ( 'NONE',  ( 43.35432056458333960, 40.38604166955716579, -14.08667266822846642 ) ) ;
#16 = CARTESIAN_POINT ( 'NONE',  ( -44.38746589597610637, 40.00000000000000000, -3.486668690315625874 ) ) ;
#17 = CARTESIAN_POINT ( 'NONE',  ( 27.50251249937032583, 38.50750000000000028, 37.85396097166577789 ) ) ;
#18 = CARTESIAN_POINT ( 'NONE',  ( -43.35432056458333960, 37.21104166955717574, 14.08667266822847353 ) ) ;
#19 = EDGE_CURVE ( 'NONE', #1321, #97, #166, .T. ) ;
#20 = VERTEX_POINT ( 'NONE', #1621 ) ;
#21 = CARTESIAN_POINT ( 'NONE',  ( -44.50000000000000711, 35.80875000578101464, -14.45892648236433153 ) ) ;
#22 = CARTESIAN_POINT ( 'NONE',  ( 0.000000000000000000, 40.00000000000000000, 0.000000000000000000 ) ) ;
#23 = CARTESIAN_POINT ( 'NONE',  ( 0.000000000000000000, 40.00000000000000000, 0.000000000000000000 ) ) ;
#24 = CARTESIAN_POINT ( 'NONE',  ( 44.50000000000000711, 32.58083333333333798, -14.45892648236433864 ) ) ;
#25 = CARTESIAN_POINT ( 'NONE',  ( -26.79444366807103961, 29.90854166955717730, -36.87938783381628838 ) ) ;
#26 = CARTESIAN_POINT ( 'NONE',  ( -2.865065410326494806E-15, 41.47083333333334565, -46.79006897860290337 ) ) ;
#27 = CARTESIAN_POINT ( 'NONE',  ( -35.07438211632718605, 39.43354166955717943, 25.48303025102238450 ) ) ;
#28 = CARTESIAN_POINT ( 'NONE',  ( -43.78326706782295474, 40.00000000000000000, 8.085959442658314344 ) ) ;
#29 = CARTESIAN_POINT ( 'NONE',  ( -2.791302567141446299E-15, 38.69270833622383066, -45.58543033117564391 ) ) ;
#30 = CARTESIAN_POINT ( 'NONE',  ( -27.50251249937032227, 35.59708333911434153, -37.85396097166577789 ) ) ;
#31 = CARTESIAN_POINT ( 'NONE',  ( 8.595196230979485600E-15, 32.21041667244767837, 46.79006897860290337 ) ) ;
#32 = CARTESIAN_POINT ( 'NONE',  ( 27.50251249937031872, 35.17375000578100952, -37.85396097166577789 ) ) ;
#33 = CARTESIAN_POINT ( 'NONE',  ( -36.00125624968516291, 27.65958333911434863, 26.15644372701506626 ) ) ;
#34 = CARTESIAN_POINT ( 'NONE',  ( -35.07438211632718605, 28.85020833622384373, 25.48303025102238450 ) ) ;
#35 = CARTESIAN_POINT ( 'NONE',  ( -13.75125624968515226, 38.45458333911435034, 42.32201497513433708 ) ) ;
#36 = EDGE_CURVE ( 'NONE', #1088, #748, #1827, .T. ) ;
#37 = CARTESIAN_POINT ( 'NONE',  ( -27.50251249937032227, 39.56583333333333741, -37.85396097166577789 ) ) ;
#38 = CARTESIAN_POINT ( 'NONE',  ( -43.35432056458333960, 37.10520833622383918, 0.000000000000000000 ) ) ;
#39 = ORIENTED_EDGE ( 'NONE', *, *, #356, .T. ) ;
#40 = CARTESIAN_POINT ( 'NONE',  ( 44.50000000000001421, 32.63375000578101748, 14.45892648236432443 ) ) ;
#41 = CARTESIAN_POINT ( 'NONE',  ( 44.50000000000001421, 28.40041667244767254, 14.45892648236432443 ) ) ;
#42 = CARTESIAN_POINT ( 'NONE',  ( 35.07438211632718605, 38.37520833622384231, -25.48303025102238095 ) ) ;
#43 = CARTESIAN_POINT ( 'NONE',  ( 35.07438211632718605, 39.96270833622384089, -25.48303025102238095 ) ) ;
#44 = CARTESIAN_POINT ( 'NONE',  ( -26.79444366807102895, 28.42687500289051528, 36.87938783381629548 ) ) ;
#45 = CARTESIAN_POINT ( 'NONE',  ( -44.50000000000000711, 39.88333333333333286, 0.000000000000000000 ) ) ;
#46 =( BOUNDED_CURVE ( )  B_SPLINE_CURVE ( 2, ( #1013, #1048, #549, #1985, #1676, #243, #218, #1977, #1021, #1964, #1171, #1824, #701 ),
 .UNSPECIFIED., .F., .F. ) 
 B_SPLINE_CURVE_WITH_KNOTS ( ( 3, 2, 2, 2, 2, 2, 3 ),
 ( 0.2916666666666666852, 0.2999999999999999889, 0.3166666666666666519, 0.3333333333333333148, 0.3499999999999999778, 0.3666666666666666408, 0.3750000000000000000 ),
 .UNSPECIFIED. ) 
 CURVE ( )  GEOMETRIC_REPRESENTATION_ITEM ( )  RATIONAL_B_SPLINE_CURVE ( ( 0.9755282581475768211, 0.9755282581475768211, 1.000000000000000000, 0.9510565162951535312, 1.000000000000000000, 0.9510565162951535312, 1.000000000000000000, 0.9510565162951535312, 1.000000000000000000, 0.9510565162951535312, 1.000000000000000000, 0.9755282581475768211, 0.9755282581475768211 ) ) 
 REPRESENTATION_ITEM ( '' )  );
#47 = CARTESIAN_POINT ( 'NONE',  ( 0.000000000000000000, 40.00000000000000000, -44.50000000000000711 ) ) ;
#48 = CARTESIAN_POINT ( 'NONE',  ( -26.79444366807102895, 39.53937500289050178, 36.87938783381629548 ) ) ;
#49 = EDGE_LOOP ( 'NONE', ( #131, #351, #565, #1234 ) ) ;
#50 = CARTESIAN_POINT ( 'NONE',  ( 9.113480557972927072E-14, 33.26875000578100838, -44.50000000000000711 ) ) ;
#51 = CARTESIAN_POINT ( 'NONE',  ( -27.50251249937030806, 35.96750000000000114, 37.85396097166577789 ) ) ;
#52 = CARTESIAN_POINT ( 'NONE',  ( -43.35432056458333960, 36.99937500289050263, -14.08667266822846109 ) ) ;
#53 = CARTESIAN_POINT ( 'NONE',  ( 8.373907701424338897E-15, 39.22187500289051343, 45.58543033117564391 ) ) ;
#54 = CARTESIAN_POINT ( 'NONE',  ( 9.113480557972927072E-14, 33.00416666666666998, -44.50000000000000711 ) ) ;
#55 = CARTESIAN_POINT ( 'NONE',  ( 13.39722183403551270, 31.70770833622384188, -41.23240908249596970 ) ) ;
#56 = CARTESIAN_POINT ( 'NONE',  ( -13.75125624968515226, 36.07333333333333769, 42.32201497513433708 ) ) ;
#57 = CARTESIAN_POINT ( 'NONE',  ( 4.783470397469562523E-15, 40.00000000000000000, 39.06000000000000227 ) ) ;
#58 = CYLINDRICAL_SURFACE ( 'NONE', #1972, 44.50000000000000711 ) ;
#59 = ORIENTED_EDGE ( 'NONE', *, *, #1452, .T. ) ;
#60 = CARTESIAN_POINT ( 'NONE',  ( 43.35432056458334671, 39.64520833622383122, 14.08667266822845576 ) ) ;
#61 = ADVANCED_FACE ( 'NONE', ( #1007 ), #1640, .F. ) ;
#62 = CARTESIAN_POINT ( 'NONE',  ( 0.000000000000000000, 31.00000000000001066, 0.000000000000000000 ) ) ;
#63 = CARTESIAN_POINT ( 'NONE',  ( 26.79444366807104316, 35.72937500289050661, 36.87938783381628838 ) ) ;
#64 = CARTESIAN_POINT ( 'NONE',  ( 35.07438211632719316, 37.42270833622384174, 25.48303025102237029 ) ) ;
#65 = CARTESIAN_POINT ( 'NONE',  ( 27.50251249937032583, 32.15750000000000597, 37.85396097166577789 ) ) ;
#66 = CARTESIAN_POINT ( 'NONE',  ( 13.75125624968516824, 36.28500000000000369, 42.32201497513433708 ) ) ;
#67 = CIRCLE ( 'NONE', #1969, 50.48250000000000171 ) ;
#68 = AXIS2_PLACEMENT_3D ( 'NONE', #1633, #1310, #311 ) ;
#69 = ORIENTED_EDGE ( 'NONE', *, *, #504, .T. ) ;
#70 = CARTESIAN_POINT ( 'NONE',  ( -26.79444366807103961, 40.49187500289050234, -36.87938783381628838 ) ) ;
#71 = CARTESIAN_POINT ( 'NONE',  ( 36.00125624968516291, 28.29458333911434664, 26.15644372701505205 ) ) ;
#72 = CARTESIAN_POINT ( 'NONE',  ( 26.79444366807103606, 38.48104166955717176, -36.87938783381628838 ) ) ;
#73 = CARTESIAN_POINT ( 'NONE',  ( -3.789732587691039267, 40.00000000000000000, 43.68193291546096901 ) ) ;
#74 = CARTESIAN_POINT ( 'NONE',  ( -43.35432056458333960, 38.79854166955717432, 14.08667266822847353 ) ) ;
#75 = CARTESIAN_POINT ( 'NONE',  ( 13.75125624968516824, 38.40166666666667084, 42.32201497513433708 ) ) ;
#76 = CARTESIAN_POINT ( 'NONE',  ( 44.50000000000000711, 28.50625000578101620, -5.449678256205721981E-15 ) ) ;
#77 = CARTESIAN_POINT ( 'NONE',  ( 0.000000000000000000, 40.00000000000000000, -39.06000000000000227 ) ) ;
#78 = CARTESIAN_POINT ( 'NONE',  ( -2.791302567141446299E-15, 36.04687500289050206, -45.58543033117564391 ) ) ;
#79 = EDGE_CURVE ( 'NONE', #2017, #908, #722, .T. ) ;
#80 = VERTEX_POINT ( 'NONE', #219 ) ;
#81 = CARTESIAN_POINT ( 'NONE',  ( -35.07438211632718605, 35.20020833622383805, 25.48303025102238450 ) ) ;
#82 = CARTESIAN_POINT ( 'NONE',  ( 23.51950196234018620, 40.00000000000002132, 36.54795009126477368 ) ) ;
#83 = CARTESIAN_POINT ( 'NONE',  ( 13.39722183403551270, 38.05770833622383975, -41.23240908249596970 ) ) ;
#84 = CARTESIAN_POINT ( 'NONE',  ( -26.79444366807103606, 38.90437500289051087, -36.87938783381628838 ) ) ;
#85 = CARTESIAN_POINT ( 'NONE',  ( -13.75125624968515226, 38.19000000000000483, 42.32201497513433708 ) ) ;
#86 = CARTESIAN_POINT ( 'NONE',  ( 36.00125624968516291, 34.64458333911434806, 26.15644372701505205 ) ) ;
#87 = CARTESIAN_POINT ( 'NONE',  ( 35.07438211632718605, 39.96270833622384089, -25.48303025102238095 ) ) ;
#88 = VERTEX_POINT ( 'NONE', #1155 ) ;
#89 = DIRECTION ( 'NONE',  ( -0.000000000000000000, -1.000000000000000000, -0.000000000000000000 ) ) ;
#90 = CARTESIAN_POINT ( 'NONE',  ( -43.35432056458333960, 32.44854166955718000, 14.08667266822847353 ) ) ;
#91 = CARTESIAN_POINT ( 'NONE',  ( -26.79444366807102540, 37.42270833622384174, 36.87938783381629548 ) ) ;
#92 = CARTESIAN_POINT ( 'NONE',  ( 9.113480557972927072E-14, 33.26875000578100838, -44.50000000000000711 ) ) ;
#93 = CARTESIAN_POINT ( 'NONE',  ( 27.50251249937032227, 38.50750000000000028, 37.85396097166577789 ) ) ;
#94 = ADVANCED_FACE ( 'NONE', ( #852 ), #1780, .T. ) ;
#95 = ORIENTED_EDGE ( 'NONE', *, *, #1639, .F. ) ;
#96 = CARTESIAN_POINT ( 'NONE',  ( -13.39722183403550737, 36.99937500289050973, 41.23240908249596970 ) ) ;
#97 = VERTEX_POINT ( 'NONE', #1365 ) ;
#98 = CARTESIAN_POINT ( 'NONE',  ( 35.07438211632719316, 33.71854166955716892, 25.48303025102237029 ) ) ;
#99 = VECTOR ( 'NONE', #161, 1000.000000000000000 ) ;
#100 = CARTESIAN_POINT ( 'NONE',  ( 13.39722183403551270, 35.94104166955717261, -41.23240908249596970 ) ) ;
#101 = CARTESIAN_POINT ( 'NONE',  ( 6.182323203795626394E-15, 0.000000000000000000, 50.48250000000000171 ) ) ;
#102 = CARTESIAN_POINT ( 'NONE',  ( 29.15062033300837285, 40.00000000000000711, 32.09109605198072046 ) ) ;
#103 = CARTESIAN_POINT ( 'NONE',  ( 44.50000000000000711, 32.47500000000000142, -5.449678256205721981E-15 ) ) ;
#104 = CARTESIAN_POINT ( 'NONE',  ( -26.79444366807103961, 38.37520833622384231, -36.87938783381628838 ) ) ;
#105 = CARTESIAN_POINT ( 'NONE',  ( 35.07438211632718605, 32.02520833622384089, -25.48303025102238095 ) ) ;
#106 = CARTESIAN_POINT ( 'NONE',  ( 26.79444366807104316, 33.08354166955716380, 36.87938783381628838 ) ) ;
#107 =( BOUNDED_CURVE ( )  B_SPLINE_CURVE ( 2, ( #537, #1973, #361, #51, #528, #1614, #189, #1757, #323, #352, #333, #1287, #1921 ),
 .UNSPECIFIED., .F., .F. ) 
 B_SPLINE_CURVE_WITH_KNOTS ( ( 3, 2, 2, 2, 2, 2, 3 ),
 ( 0.4583333333333333703, 0.4666666666666666741, 0.4833333333333333370, 0.5000000000000000000, 0.5166666666666667185, 0.5333333333333333259, 0.5416666666666667407 ),
 .UNSPECIFIED. ) 
 CURVE ( )  GEOMETRIC_REPRESENTATION_ITEM ( )  RATIONAL_B_SPLINE_CURVE ( ( 0.9755282581475768211, 0.9755282581475768211, 1.000000000000000000, 0.9510565162951535312, 1.000000000000000000, 0.9510565162951535312, 1.000000000000000000, 0.9510565162951535312, 1.000000000000000000, 0.9510565162951535312, 1.000000000000000000, 0.9755282581475765991, 0.9755282581475768211 ) ) 
 REPRESENTATION_ITEM ( '' )  );
#108 = VERTEX_POINT ( 'NONE', #92 ) ;
#109 = FACE_OUTER_BOUND ( 'NONE', #1554, .T. ) ;
#110 = CARTESIAN_POINT ( 'NONE',  ( 35.07438211632719316, 31.07270833622384387, 25.48303025102237029 ) ) ;
#111 = CARTESIAN_POINT ( 'NONE',  ( 0.000000000000000000, 31.00000000000001066, 0.000000000000000000 ) ) ;
#112 = CARTESIAN_POINT ( 'NONE',  ( 44.50000000000000711, 30.72875000578100924, -14.45892648236433864 ) ) ;
#113 = CARTESIAN_POINT ( 'NONE',  ( 44.50000000000001421, 30.25249999999999773, 14.45892648236432443 ) ) ;
#114 = CARTESIAN_POINT ( 'NONE',  ( -13.39722183403551803, 38.26937500289050575, -41.23240908249596259 ) ) ;
#115 = CARTESIAN_POINT ( 'NONE',  ( 26.79444366807104316, 29.37937500289050519, 36.87938783381628838 ) ) ;
#116 = CARTESIAN_POINT ( 'NONE',  ( -35.07438211632719316, 34.24770833622384458, -25.48303025102237385 ) ) ;
#117 = ORIENTED_EDGE ( 'NONE', *, *, #874, .F. ) ;
#118 = CARTESIAN_POINT ( 'NONE',  ( -36.00125624968516291, 37.81958333911434522, -26.15644372701505560 ) ) ;
#119 =( BOUNDED_CURVE ( )  B_SPLINE_CURVE ( 2, ( #719, #1203, #1839, #779, #298, #1734, #749, #1544, #426, #1879, #946, #1394, #2028 ),
 .UNSPECIFIED., .F., .F. ) 
 B_SPLINE_CURVE_WITH_KNOTS ( ( 3, 2, 2, 2, 2, 2, 3 ),
 ( 0.3750000000000000000, 0.3833333333333333592, 0.4000000000000000222, 0.4166666666666666852, 0.4333333333333333481, 0.4500000000000000111, 0.4583333333333333703 ),
 .UNSPECIFIED. ) 
 CURVE ( )  GEOMETRIC_REPRESENTATION_ITEM ( )  RATIONAL_B_SPLINE_CURVE ( ( 0.9755282581475768211, 0.9755282581475768211, 1.000000000000000000, 0.9510565162951535312, 1.000000000000000000, 0.9510565162951535312, 1.000000000000000000, 0.9510565162951535312, 1.000000000000000000, 0.9510565162951535312, 1.000000000000000000, 0.9755282581475767101, 0.9755282581475768211 ) ) 
 REPRESENTATION_ITEM ( '' )  );
#120 = CARTESIAN_POINT ( 'NONE',  ( -2.791302567141445904E-15, 36.04687500289050206, -45.58543033117564391 ) ) ;
#121 = DIRECTION ( 'NONE',  ( 0.000000000000000000, -1.000000000000000000, 0.000000000000000000 ) ) ;
#122 = CARTESIAN_POINT ( 'NONE',  ( 8.373907701424338897E-15, 35.51770833622384060, 45.58543033117564391 ) ) ;
#123 = CARTESIAN_POINT ( 'NONE',  ( 13.75125624968515758, 31.04625000578101179, -42.32201497513433708 ) ) ;
#124 = CARTESIAN_POINT ( 'NONE',  ( 32.66397725762472959, 40.00000000000001421, 28.51621969480495622 ) ) ;
#125 = CARTESIAN_POINT ( 'NONE',  ( 29.50637085191980802, 39.99999999999998579, -31.88090525584511070 ) ) ;
#126 = CARTESIAN_POINT ( 'NONE',  ( 8.373907701424337319E-15, 34.98854166955717204, 45.58543033117564391 ) ) ;
#127 = CARTESIAN_POINT ( 'NONE',  ( 26.79444366807104316, 31.49604166955717588, 36.87938783381628838 ) ) ;
#128 = ORIENTED_EDGE ( 'NONE', *, *, #941, .T. ) ;
#129 = CARTESIAN_POINT ( 'NONE',  ( 13.39722183403551270, 29.59104166955717830, -41.23240908249596970 ) ) ;
#130 = B_SPLINE_CURVE_WITH_KNOTS ( 'NONE', 3,
 ( #102, #1536, #560, #124, #550, #741, #1387, #2000, #2022, #1049, #1227, #1677, #915, #1196, #2011, #755, #417, #1710, #1398, #573, #244, #1215, #1861, #1060, #714, #1688, #2034, #276, #1832, #180, #1247, #1893, #1410, #926 ),
 .UNSPECIFIED., .F., .F.,
 ( 4, 2, 2, 2, 2, 2, 2, 2, 2, 2, 2, 2, 2, 2, 2, 2, 4 ),
 ( 0.000000000000000000, 0.004301181690894844215, 0.006451772536342266322, 0.008602363381789688429, 0.01720472676357941849, 0.01935531760902684320, 0.02150590845447427138, 0.02580709014536911039, 0.03440945352715880229, 0.03656004437260623047, 0.03871063521805364477, 0.04301181690894849419, 0.04731299859984333667, 0.05161418029073817915, 0.06021654367252788492, 0.06451772536342273434, 0.06881890705431759070 ),
 .UNSPECIFIED. ) ;
#131 = ORIENTED_EDGE ( 'NONE', *, *, #683, .F. ) ;
#132 = CARTESIAN_POINT ( 'NONE',  ( 43.35432056458333960, 34.03604166955717147, -14.08667266822846642 ) ) ;
#133 = CARTESIAN_POINT ( 'NONE',  ( 44.50000000000001421, 38.98375000578101890, 14.45892648236432443 ) ) ;
#134 = CARTESIAN_POINT ( 'NONE',  ( -44.50000000000000711, 31.78708333911434991, 14.45892648236434574 ) ) ;
#135 = APPLICATION_PROTOCOL_DEFINITION ( 'draft international standard', 'automotive_design', 1998, #896 ) ;
#136 = CARTESIAN_POINT ( 'NONE',  ( -36.00125624968516291, 31.20500000000000185, -26.15644372701505560 ) ) ;
#137 = CARTESIAN_POINT ( 'NONE',  ( -44.50000000000000711, 31.31083333333333485, -14.45892648236433153 ) ) ;
#138 = CARTESIAN_POINT ( 'NONE',  ( 8.373907701424337319E-15, 37.10520833622384629, 45.58543033117564391 ) ) ;
#139 = CARTESIAN_POINT ( 'NONE',  ( 26.79444366807103606, 32.13104166955717034, -36.87938783381628838 ) ) ;
#140 = LINE ( 'NONE', #1577, #99 ) ;
#141 = CARTESIAN_POINT ( 'NONE',  ( -43.35432056458333960, 30.12020833622383620, -14.08667266822846109 ) ) ;
#142 = ORIENTED_EDGE ( 'NONE', *, *, #1425, .F. ) ;
#143 = ADVANCED_FACE ( 'NONE', ( #1374 ), #389, .T. ) ;
#144 = CARTESIAN_POINT ( 'NONE',  ( -36.00125624968516291, 39.93625000578101236, -26.15644372701505560 ) ) ;
#145 = CARTESIAN_POINT ( 'NONE',  ( 43.35432056458333960, 29.16770833622384274, -5.309372990862526299E-15 ) ) ;
#146 = CARTESIAN_POINT ( 'NONE',  ( 27.50251249937031872, 30.67583333333334039, -37.85396097166577789 ) ) ;
#147 = CARTESIAN_POINT ( 'NONE',  ( -3.778760231354628329E-14, 36.17916666666666714, 44.50000000000000000 ) ) ;
#148 = CARTESIAN_POINT ( 'NONE',  ( -35.07438211632719316, 38.48104166955717176, -25.48303025102237385 ) ) ;
#149 = DIRECTION ( 'NONE',  ( 0.000000000000000000, 1.000000000000000000, 0.000000000000000000 ) ) ;
#150 = EDGE_CURVE ( 'NONE', #20, #1165, #130, .T. ) ;
#151 = CARTESIAN_POINT ( 'NONE',  ( 43.35432056458333960, 31.81354166955717488, -5.309372990862526299E-15 ) ) ;
#152 = CARTESIAN_POINT ( 'NONE',  ( 27.50251249937031872, 37.29041667244768377, -37.85396097166577789 ) ) ;
#153 = CARTESIAN_POINT ( 'NONE',  ( 13.39722183403552336, 30.86104166955717787, 41.23240908249596259 ) ) ;
#154 = ORIENTED_EDGE ( 'NONE', *, *, #436, .F. ) ;
#155 = CARTESIAN_POINT ( 'NONE',  ( -36.88533059776463574, 40.00000000000000000, 24.89422396246986224 ) ) ;
#156 = CARTESIAN_POINT ( 'NONE',  ( 13.39722183403551270, 32.23687500289050689, -41.23240908249596970 ) ) ;
#157 = FILL_AREA_STYLE ('',( #477 ) ) ;
#158 = CARTESIAN_POINT ( 'NONE',  ( 26.79444366807104316, 33.08354166955716380, 36.87938783381628838 ) ) ;
#159 = CARTESIAN_POINT ( 'NONE',  ( -27.50251249937031872, 41.68249999999999744, -37.85396097166577789 ) ) ;
#160 = CARTESIAN_POINT ( 'NONE',  ( -44.50000000000000711, 38.03125000578101123, 0.000000000000000000 ) ) ;
#161 = DIRECTION ( 'NONE',  ( -0.000000000000000000, -1.000000000000000000, -0.000000000000000000 ) ) ;
#162 = EDGE_CURVE ( 'NONE', #908, #2017, #67, .T. ) ;
#163 = CARTESIAN_POINT ( 'NONE',  ( -26.79444366807103961, 36.78770833622382952, -36.87938783381628838 ) ) ;
#164 = ORIENTED_EDGE ( 'NONE', *, *, #1833, .T. ) ;
#165 = CARTESIAN_POINT ( 'NONE',  ( 13.75125624968515758, 37.39625000578101321, -42.32201497513433708 ) ) ;
#166 = CIRCLE ( 'NONE', #448, 44.50000000000000711 ) ;
#167 = CARTESIAN_POINT ( 'NONE',  ( -43.35432056458333960, 35.09437500289049439, 14.08667266822847353 ) ) ;
#168 = CARTESIAN_POINT ( 'NONE',  ( 44.50000000000000711, 34.69750000000000512, -14.45892648236433864 ) ) ;
#169 = CARTESIAN_POINT ( 'NONE',  ( -14.61175392787524352, 31.00000000000001066, -42.03268546204516554 ) ) ;
#170 = AXIS2_PLACEMENT_3D ( 'NONE', #341, #980, #1793 ) ;
#171 = CARTESIAN_POINT ( 'NONE',  ( -27.50251249937031162, 40.20083333333334252, 37.85396097166579210 ) ) ;
#172 = CARTESIAN_POINT ( 'NONE',  ( -2.791302567141446299E-15, 40.80937500289051201, -45.58543033117564391 ) ) ;
#173 = CARTESIAN_POINT ( 'NONE',  ( 44.50000000000000711, 39.19541667244767069, -14.45892648236433864 ) ) ;
#174 = DIRECTION ( 'NONE',  ( -0.000000000000000000, -1.000000000000000000, -0.000000000000000000 ) ) ;
#175 = CARTESIAN_POINT ( 'NONE',  ( -5.577882160176064197, 40.00000000000001421, 43.53255646493606434 ) ) ;
#176 = CARTESIAN_POINT ( 'NONE',  ( -43.35432056458333960, 39.32770833622384288, 14.08667266822847353 ) ) ;
#177 = ORIENTED_EDGE ( 'NONE', *, *, #1876, .F. ) ;
#178 = DIRECTION ( 'NONE',  ( 0.000000000000000000, 1.000000000000000000, 0.000000000000000000 ) ) ;
#179 = CARTESIAN_POINT ( 'NONE',  ( -27.50251249937031872, 33.48041667244768149, -37.85396097166577789 ) ) ;
#180 = CARTESIAN_POINT ( 'NONE',  ( 36.37968685949891068, 40.00000000000001421, -23.62465454323022485 ) ) ;
#181 = CARTESIAN_POINT ( 'NONE',  ( -2.791302567141446299E-15, 31.81354166955717133, -45.58543033117564391 ) ) ;
#182 = CARTESIAN_POINT ( 'NONE',  ( -2.791302567141446299E-15, 30.22604166955717631, -45.58543033117564391 ) ) ;
#183 = CARTESIAN_POINT ( 'NONE',  ( 13.39722183403552336, 39.85687500289050433, 41.23240908249596259 ) ) ;
#184 = CARTESIAN_POINT ( 'NONE',  ( -7.048107594441903601, 30.03950589114393921, 44.50000000000000000 ) ) ;
#185 = MANIFOLD_SOLID_BREP ( 'Boss-Extrude2', #1966 ) ;
#186 = CARTESIAN_POINT ( 'NONE',  ( 26.79444366807104316, 39.96270833622384089, 36.87938783381628838 ) ) ;
#187 = CARTESIAN_POINT ( 'NONE',  ( -44.50000000000000711, 35.80875000578101464, -14.45892648236433153 ) ) ;
#188 = CARTESIAN_POINT ( 'NONE',  ( 36.00125624968516291, 32.52791667244768092, 26.15644372701505205 ) ) ;
#189 = CARTESIAN_POINT ( 'NONE',  ( -44.50000000000000711, 35.64999999999999858, 0.000000000000000000 ) ) ;
#190 = CARTESIAN_POINT ( 'NONE',  ( -35.07438211632718605, 30.43770833622384231, 25.48303025102238450 ) ) ;
#191 = CARTESIAN_POINT ( 'NONE',  ( -44.50000000000000711, 39.77749999999998920, -14.45892648236433153 ) ) ;
#192 =( BOUNDED_CURVE ( )  B_SPLINE_CURVE ( 2, ( #458, #814, #1109, #483, #1740, #1127, #1931, #173, #805, #639, #305, #1916, #792 ),
 .UNSPECIFIED., .F., .F. ) 
 B_SPLINE_CURVE_WITH_KNOTS ( ( 3, 2, 2, 2, 2, 2, 3 ),
 ( 0.8592647952301020187, 0.8675981285634353224, 0.8842647952301020409, 0.9009314618967686483, 0.9175981285634353668, 0.9342647952301019743, 0.9425981285634353890 ),
 .UNSPECIFIED. ) 
 CURVE ( )  GEOMETRIC_REPRESENTATION_ITEM ( )  RATIONAL_B_SPLINE_CURVE ( ( 0.9755282581475768211, 0.9755282581475768211, 1.000000000000000000, 0.9510565162951535312, 1.000000000000000000, 0.9510565162951535312, 1.000000000000000000, 0.9510565162951535312, 1.000000000000000000, 0.9510565162951535312, 1.000000000000000000, 0.9755282581475765991, 0.9755282581475768211 ) ) 
 REPRESENTATION_ITEM ( '' )  );
#193 = CARTESIAN_POINT ( 'NONE',  ( -44.50000000000000711, 39.88333333333333286, 0.000000000000000000 ) ) ;
#194 = CARTESIAN_POINT ( 'NONE',  ( -13.39722183403550737, 37.52854166955717119, 41.23240908249596970 ) ) ;
#195 = VERTEX_POINT ( 'NONE', #1451 ) ;
#196 = LINE ( 'NONE', #1461, #1168 ) ;
#197 = CARTESIAN_POINT ( 'NONE',  ( 27.50251249937032583, 30.30541667244768078, 37.85396097166577789 ) ) ;
#198 = CARTESIAN_POINT ( 'NONE',  ( 35.07438211632719316, 37.95187500289050320, 25.48303025102237029 ) ) ;
#199 = CARTESIAN_POINT ( 'NONE',  ( 13.39722183403552336, 28.74437500289051073, 41.23240908249596259 ) ) ;
#200 = CARTESIAN_POINT ( 'NONE',  ( -13.39722183403551803, 32.44854166955717290, -41.23240908249596259 ) ) ;
#201 = ADVANCED_FACE ( 'NONE', ( #948 ), #604, .T. ) ;
#202 = VECTOR ( 'NONE', #1766, 1000.000000000000000 ) ;
#203 = CARTESIAN_POINT ( 'NONE',  ( 26.79444366807103606, 36.36437500289051172, -36.87938783381628838 ) ) ;
#204 =( BOUNDED_CURVE ( )  B_SPLINE_CURVE ( 2, ( #535, #704, #406, #765, #1722, #1715, #1433 ),
 .UNSPECIFIED., .F., .F. ) 
 B_SPLINE_CURVE_WITH_KNOTS ( ( 3, 2, 2, 3 ),
 ( 0.9583333333333333703, 0.9666666666666666741, 0.9833333333333332815, 0.9842647953077495737 ),
 .UNSPECIFIED. ) 
 CURVE ( )  GEOMETRIC_REPRESENTATION_ITEM ( )  RATIONAL_B_SPLINE_CURVE ( ( 0.9755282581475768211, 0.9755282581475769321, 1.000000000000000000, 0.9510565162951535312, 1.000000000000000000, 0.9972646603620083372, 0.9948350645072050469 ) ) 
 REPRESENTATION_ITEM ( '' )  );
#205 = ORIENTED_EDGE ( 'NONE', *, *, #1647, .F. ) ;
#206 = CARTESIAN_POINT ( 'NONE',  ( 27.50251249937031872, 33.05708333911434949, -37.85396097166577789 ) ) ;
#207 = CARTESIAN_POINT ( 'NONE',  ( 27.50251249937031872, 28.82375000578101165, -37.85396097166577789 ) ) ;
#208 = CARTESIAN_POINT ( 'NONE',  ( -13.39722183403551803, 38.79854166955717432, -41.23240908249596259 ) ) ;
#209 = CARTESIAN_POINT ( 'NONE',  ( 35.07438211632719316, 39.53937500289050888, 25.48303025102237029 ) ) ;
#210 = CARTESIAN_POINT ( 'NONE',  ( -26.79444366807102895, 30.54354166955717176, 36.87938783381629548 ) ) ;
#211 = CARTESIAN_POINT ( 'NONE',  ( 36.00125624968516291, 39.03666666666666885, -26.15644372701505915 ) ) ;
#212 = CARTESIAN_POINT ( 'NONE',  ( 20.08089297412928786, 39.99999999999999289, -38.66721577425218470 ) ) ;
#213 = CARTESIAN_POINT ( 'NONE',  ( -13.75125624968515226, 29.98791667244768178, 42.32201497513433708 ) ) ;
#214 = EDGE_CURVE ( 'NONE', #908, #1708, #1290, .T. ) ;
#215 = DIRECTION ( 'NONE',  ( 0.000000000000000000, -1.000000000000000000, 0.000000000000000000 ) ) ;
#216 = CARTESIAN_POINT ( 'NONE',  ( 43.35432056458333960, 37.74020833622383719, -14.08667266822846642 ) ) ;
#217 = CARTESIAN_POINT ( 'NONE',  ( 36.00125624968516291, 32.26333333333333542, 26.15644372701505205 ) ) ;
#218 = CARTESIAN_POINT ( 'NONE',  ( -44.50000000000000711, 37.76666666666667282, 0.000000000000000000 ) ) ;
#219 = CARTESIAN_POINT ( 'NONE',  ( -36.88533248791076602, 29.50032514369671333, 24.89422116187359180 ) ) ;
#220 = CARTESIAN_POINT ( 'NONE',  ( 35.07438211632719316, 39.53937500289050888, 25.48303025102237029 ) ) ;
#221 = CARTESIAN_POINT ( 'NONE',  ( 43.35432056458333960, 36.04687500289050917, -5.309372990862526299E-15 ) ) ;
#222 = CARTESIAN_POINT ( 'NONE',  ( 44.50000000000000711, 34.59166666666667567, -5.449678256205721981E-15 ) ) ;
#223 = EDGE_CURVE ( 'NONE', #1683, #673, #961, .T. ) ;
#224 = CARTESIAN_POINT ( 'NONE',  ( -44.50000000000000711, 33.90375000578101350, 14.45892648236434574 ) ) ;
#225 =( GEOMETRIC_REPRESENTATION_CONTEXT ( 3 ) GLOBAL_UNCERTAINTY_ASSIGNED_CONTEXT ( ( #615 ) ) GLOBAL_UNIT_ASSIGNED_CONTEXT ( ( #1735, #881, #1698 ) ) REPRESENTATION_CONTEXT ( 'NONE', 'WORKASPACE' ) );
#226 = CARTESIAN_POINT ( 'NONE',  ( -13.39722183403550737, 33.29520833622383691, 41.23240908249596970 ) ) ;
#227 = CARTESIAN_POINT ( 'NONE',  ( 43.35432056458333960, 39.85687500289051144, -14.08667266822846642 ) ) ;
#228 = VERTEX_POINT ( 'NONE', #1135 ) ;
#229 = CARTESIAN_POINT ( 'NONE',  ( 43.35432056458333960, 38.16354166955717631, -5.309372990862526299E-15 ) ) ;
#230 = CARTESIAN_POINT ( 'NONE',  ( 21.22938310262275863, 40.00000000000001421, 37.96599368312048028 ) ) ;
#231 = CARTESIAN_POINT ( 'NONE',  ( -35.07438211632719316, 36.36437500289051172, -25.48303025102237385 ) ) ;
#232 = CARTESIAN_POINT ( 'NONE',  ( 36.00125624968516291, 34.38000000000000256, 26.15644372701505205 ) ) ;
#233 = CARTESIAN_POINT ( 'NONE',  ( 43.35432056458333960, 35.62354166955717716, -14.08667266822846642 ) ) ;
#234 = EDGE_LOOP ( 'NONE', ( #1312, #895, #878, #142 ) ) ;
#235 = CARTESIAN_POINT ( 'NONE',  ( -8.580008525311097072E-14, 29.82916666666666572, 44.50000000000000711 ) ) ;
#236 = CARTESIAN_POINT ( 'NONE',  ( 26.79444366807103961, 35.20020833622384515, 36.87938783381628838 ) ) ;
#237 = EDGE_CURVE ( 'NONE', #969, #97, #1980, .T. ) ;
#238 = CARTESIAN_POINT ( 'NONE',  ( -44.50000000000000711, 37.76666666666667282, 0.000000000000000000 ) ) ;
#239 = CARTESIAN_POINT ( 'NONE',  ( -26.79444366807102895, 36.89354166955716607, 36.87938783381629548 ) ) ;
#240 =( BOUNDED_CURVE ( )  B_SPLINE_CURVE ( 2, ( #739, #1407, #1546, #146, #1724, #1850, #2057, #2020, #781, #613, #1396, #752, #1522 ),
 .UNSPECIFIED., .F., .F. ) 
 B_SPLINE_CURVE_WITH_KNOTS ( ( 3, 2, 2, 2, 2, 2, 3 ),
 ( 0.8750000000000000000, 0.8833333333333333037, 0.9000000000000000222, 0.9166666666666666297, 0.9333333333333333481, 0.9499999999999999556, 0.9583333333333333703 ),
 .UNSPECIFIED. ) 
 CURVE ( )  GEOMETRIC_REPRESENTATION_ITEM ( )  RATIONAL_B_SPLINE_CURVE ( ( 0.9755282581475768211, 0.9755282581475768211, 1.000000000000000000, 0.9510565162951535312, 1.000000000000000000, 0.9510565162951535312, 1.000000000000000000, 0.9510565162951535312, 1.000000000000000000, 0.9510565162951535312, 1.000000000000000000, 0.9755282581475765991, 0.9755282581475768211 ) ) 
 REPRESENTATION_ITEM ( '' )  );
#241 = VERTEX_POINT ( 'NONE', #1092 ) ;
#242 = CARTESIAN_POINT ( 'NONE',  ( 26.79444366807103250, 35.83520833622382895, -36.87938783381628838 ) ) ;
#243 = CARTESIAN_POINT ( 'NONE',  ( -44.50000000000000711, 37.87250000000000227, 14.45892648236434574 ) ) ;
#244 = CARTESIAN_POINT ( 'NONE',  ( 43.33183458513610020, 40.00000000000002132, -1.565854385453583353 ) ) ;
#245 = CARTESIAN_POINT ( 'NONE',  ( -44.50000000000000711, 33.42749999999999488, -14.45892648236433153 ) ) ;
#246 = CARTESIAN_POINT ( 'NONE',  ( -2.791302567141446299E-15, 30.22604166955717631, -45.58543033117564391 ) ) ;
#247 = VERTEX_POINT ( 'NONE', #1726 ) ;
#248 = CARTESIAN_POINT ( 'NONE',  ( -2.791302567141446299E-15, 29.69687500289050774, -45.58543033117564391 ) ) ;
#249 = AXIS2_PLACEMENT_3D ( 'NONE', #1960, #1818, #877 ) ;
#250 = ORIENTED_EDGE ( 'NONE', *, *, #1530, .F. ) ;
#251 = VECTOR ( 'NONE', #174, 1000.000000000000000 ) ;
#252 =( BOUNDED_CURVE ( )  B_SPLINE_CURVE ( 1, ( #1635, #1301 ),
 .UNSPECIFIED., .F., .F. ) 
 B_SPLINE_CURVE_WITH_KNOTS ( ( 2, 2 ),
 ( 0.000000000000000000, 1.000000000000000000 ),
 .UNSPECIFIED. ) 
 CURVE ( )  GEOMETRIC_REPRESENTATION_ITEM ( )  RATIONAL_B_SPLINE_CURVE ( ( 0.9948350645072050469, 0.9948350645072050469 ) ) 
 REPRESENTATION_ITEM ( '' )  );
#253 = CARTESIAN_POINT ( 'NONE',  ( 35.07438211632718605, 31.49604166955717588, -25.48303025102238095 ) ) ;
#254 = LINE ( 'NONE', #1373, #412 ) ;
#255 = CARTESIAN_POINT ( 'NONE',  ( -13.75125624968516291, 31.25791667244767780, -42.32201497513433708 ) ) ;
#256 = CARTESIAN_POINT ( 'NONE',  ( -43.35432056458333960, 36.57604166955717773, 0.000000000000000000 ) ) ;
#257 = CARTESIAN_POINT ( 'NONE',  ( 43.35432056458334671, 29.59104166955716764, 14.08667266822845576 ) ) ;
#258 = ORIENTED_EDGE ( 'NONE', *, *, #1311, .T. ) ;
#259 = CARTESIAN_POINT ( 'NONE',  ( -35.85760749487117494, 39.99999999999999289, 26.08906788163901780 ) ) ;
#260 = CARTESIAN_POINT ( 'NONE',  ( 26.79444366807103606, 33.71854166955717602, -36.87938783381628838 ) ) ;
#261 = ORIENTED_EDGE ( 'NONE', *, *, #726, .T. ) ;
#262 = CARTESIAN_POINT ( 'NONE',  ( 27.50251249937032227, 38.77208333911434579, 37.85396097166577789 ) ) ;
#263 = CARTESIAN_POINT ( 'NONE',  ( 13.39722183403551270, 29.59104166955717830, -41.23240908249596970 ) ) ;
#264 = CARTESIAN_POINT ( 'NONE',  ( 26.79444366807103250, 36.36437500289050462, -36.87938783381628838 ) ) ;
#265 = CARTESIAN_POINT ( 'NONE',  ( 0.000000000000000000, 40.00000000000000000, 0.000000000000000000 ) ) ;
#266 = CARTESIAN_POINT ( 'NONE',  ( 8.446640517145639571E-15, 32.21041667244767837, 44.50000000000000000 ) ) ;
#267 = CARTESIAN_POINT ( 'NONE',  ( 35.07438211632718605, 37.84604166955718085, -25.48303025102238095 ) ) ;
#268 = CARTESIAN_POINT ( 'NONE',  ( -35.07438211632718605, 28.85020833622384373, 25.48303025102238450 ) ) ;
#269 = EDGE_LOOP ( 'NONE', ( #1540, #1202, #1693, #868 ) ) ;
#270 = CARTESIAN_POINT ( 'NONE',  ( -25.56206703344502174, 40.00000000000000000, 36.02523142128620037 ) ) ;
#271 = CARTESIAN_POINT ( 'NONE',  ( 13.39722183403552336, 32.97770833622384146, 41.23240908249596259 ) ) ;
#272 = VERTEX_POINT ( 'NONE', #801 ) ;
#273 = DIRECTION ( 'NONE',  ( 0.000000000000000000, 1.000000000000000000, 0.000000000000000000 ) ) ;
#274 = CARTESIAN_POINT ( 'NONE',  ( -26.79444366807102540, 32.66020833622384600, 36.87938783381629548 ) ) ;
#275 = CARTESIAN_POINT ( 'NONE',  ( -26.79444366807102540, 35.30604166955716749, 36.87938783381629548 ) ) ;
#276 = CARTESIAN_POINT ( 'NONE',  ( 39.79681580689690890, 39.99999999999998579, -17.43339157216138346 ) ) ;
#277 = CARTESIAN_POINT ( 'NONE',  ( 44.50000000000001421, 32.36916666666666487, 14.45892648236432443 ) ) ;
#278 = CARTESIAN_POINT ( 'NONE',  ( -35.07438211632718605, 28.85020833622384373, 25.48303025102238450 ) ) ;
#279 = CARTESIAN_POINT ( 'NONE',  ( -26.79444366807102895, 34.77687500289050604, 36.87938783381629548 ) ) ;
#280 = CARTESIAN_POINT ( 'NONE',  ( 13.39722183403552336, 33.50687500289050291, 41.23240908249596259 ) ) ;
#281 = CARTESIAN_POINT ( 'NONE',  ( -35.93569728011021880, 28.83886681320727874, 24.25330436474447993 ) ) ;
#282 = EDGE_CURVE ( 'NONE', #577, #241, #1598, .T. ) ;
#283 = CARTESIAN_POINT ( 'NONE',  ( 13.39722183403551270, 33.82437500289051258, -41.23240908249596970 ) ) ;
#284 = VERTEX_POINT ( 'NONE', #147 ) ;
#285 = CARTESIAN_POINT ( 'NONE',  ( 36.00125624968516291, 37.18458333911434721, -26.15644372701505915 ) ) ;
#286 = VECTOR ( 'NONE', #1662, 1000.000000000000000 ) ;
#287 = CARTESIAN_POINT ( 'NONE',  ( -27.50251249937032227, 31.36375000578101080, -37.85396097166577789 ) ) ;
#288 = CARTESIAN_POINT ( 'NONE',  ( -43.35432056458333960, 34.88270833622383549, -14.08667266822846109 ) ) ;
#289 = CARTESIAN_POINT ( 'NONE',  ( -27.50251249937031162, 29.88208333911434877, 37.85396097166579210 ) ) ;
#290 = CARTESIAN_POINT ( 'NONE',  ( 5.449678256205721981E-15, 40.00000000000000000, 44.50000000000000711 ) ) ;
#291 = CARTESIAN_POINT ( 'NONE',  ( -36.00125624968516291, 31.20500000000000185, -26.15644372701505560 ) ) ;
#292 = CARTESIAN_POINT ( 'NONE',  ( -13.39722183403551803, 34.03604166955717858, -41.23240908249596259 ) ) ;
#293 = CARTESIAN_POINT ( 'NONE',  ( -35.07438211632719316, 32.66020833622383890, -25.48303025102237385 ) ) ;
#294 = CARTESIAN_POINT ( 'NONE',  ( 44.50000000000000711, 37.07875000578101776, -14.45892648236433864 ) ) ;
#295 = CARTESIAN_POINT ( 'NONE',  ( -24.05413649511389451, 40.00000000000000000, 36.99870719679968545 ) ) ;
#296 = CARTESIAN_POINT ( 'NONE',  ( -35.07438211632718605, 32.55437500289050945, 25.48303025102238450 ) ) ;
#297 = ORIENTED_EDGE ( 'NONE', *, *, #867, .F. ) ;
#298 = CARTESIAN_POINT ( 'NONE',  ( 36.00125624968516291, 36.92000000000000171, -26.15644372701505915 ) ) ;
#299 = CARTESIAN_POINT ( 'NONE',  ( -43.35432056458333960, 32.87187500289051201, 0.000000000000000000 ) ) ;
#300 = CARTESIAN_POINT ( 'NONE',  ( 43.35432056458333960, 29.80270833622384075, -14.08667266822846642 ) ) ;
#301 = CARTESIAN_POINT ( 'NONE',  ( -35.07438211632719316, 36.36437500289051172, -25.48303025102237385 ) ) ;
#302 = EDGE_CURVE ( 'NONE', #1708, #1996, #883, .T. ) ;
#303 = CARTESIAN_POINT ( 'NONE',  ( 26.79444366807104316, 31.49604166955717588, 36.87938783381628838 ) ) ;
#304 = CARTESIAN_POINT ( 'NONE',  ( -36.88533241585995626, 27.64824181709715489, 24.89422126863002305 ) ) ;
#305 = CARTESIAN_POINT ( 'NONE',  ( 13.75125624968515758, 39.51291667244768036, -42.32201497513433708 ) ) ;
#306 = CARTESIAN_POINT ( 'NONE',  ( -10.00496810691667449, 40.00000000000000000, 42.77534996614734553 ) ) ;
#307 = CARTESIAN_POINT ( 'NONE',  ( 8.373907701424337319E-15, 39.75104166955716778, 45.58543033117564391 ) ) ;
#308 = ORIENTED_EDGE ( 'NONE', *, *, #482, .T. ) ;
#309 = CARTESIAN_POINT ( 'NONE',  ( -35.63505904479871589, 40.00000000000000711, -26.51896361030482652 ) ) ;
#310 = CARTESIAN_POINT ( 'NONE',  ( 0.000000000000000000, 40.00000000000000000, 0.000000000000000000 ) ) ;
#311 = DIRECTION ( 'NONE',  ( 0.000000000000000000, 0.000000000000000000, -1.000000000000000000 ) ) ;
#312 = CARTESIAN_POINT ( 'NONE',  ( 36.00125624968516291, 34.38000000000000256, 26.15644372701505205 ) ) ;
#313 = CARTESIAN_POINT ( 'NONE',  ( -35.07438211632719316, 32.13104166955717034, -25.48303025102237385 ) ) ;
#314 = DIRECTION ( 'NONE',  ( 0.000000000000000000, 0.000000000000000000, -1.000000000000000000 ) ) ;
#315 =( BOUNDED_SURFACE ( )  B_SPLINE_SURFACE ( 1, 2, ( 
 ( #1054, #1650, #1845, #70, #383, #727, #1183, #527, #87, #227, #1209, #60, #220, #1682, #373, #853, #1519, #1178, #861, #1496, #1971, #1016, #717, #1023, #866, #1359, #849, #1673, #1200, #685, #1811, #696, #1489, #1331, #1981, #1503, #96, #239, #366, #1341, #1657, #2004, #1828, #1350, #1986, #78, #545, #402, #1191, #233, #1511, #1995, #556, #1835, #391, #1369, #566, #447, #600, #1404, #1077, #1087, #116, #1098, #886, #1718, #283, #260, #920, #746, #777, #897, #460, #106, #271, #1732, #2054, #786, #296, #909, #2027, #610, #1392, #1415, #411, #1110, #1553, #1707, #1566, #1242, #932, #1531, #579, #1579, #153, #1541, #1426, #736, #2064, #1221, #621, #141, #435, #1262, #1899, #248, #129, #761, #1694, #590, #1252, #1885, #1379, #1233, #2016, #1865, #1877, #2039, #1855, #1067, #423 ),
 ( #793, #1754, #1957, #1588, #807, #331, #1791, #507, #1437, #321, #5, #1479, #652, #186, #817, #307, #1918, #48, #1448, #176, #473, #1298, #1468, #1459, #485, #29, #517, #1945, #496, #340, #1130, #979, #1601, #1153, #943, #1620, #194, #955, #827, #18, #38, #641, #1741, #163, #1768, #349, #662, #203, #993, #968, #1284, #1309, #1632, #670, #1910, #629, #1319, #1272, #1119, #907, #607, #1843, #884, #775, #1250, #576, #1413, #400, #444, #1527, #2050, #2037, #760, #1883, #1095, #1730, #2025, #1074, #2014, #1218, #1085, #1874, #293, #1064, #784, #930, #1854, #139, #105, #1576, #151, #1402, #598, #127, #1704, #1240, #588, #1423, #563, #1377, #1207, #410, #433, #1053, #894, #246, #1714, #1231, #1680, #734, #1692, #257, #1539, #115, #745, #1390, #1864, #420, #268, #1551, #281 ) ),
 .UNSPECIFIED., .F., .F., .F. ) 
 B_SPLINE_SURFACE_WITH_KNOTS ( ( 2, 2 ),
 ( 3, 2, 2, 2, 2, 2, 2, 2, 2, 2, 2, 2, 2, 2, 2, 2, 2, 2, 2, 2, 2, 2, 2, 2, 2, 2, 2, 2, 2, 2, 2, 2, 2, 2, 2, 2, 2, 2, 2, 2, 2, 2, 2, 2, 2, 2, 2, 2, 2, 2, 2, 2, 2, 2, 2, 2, 2, 2, 2, 2, 3 ),
 ( 0.000000000000000000, 1.000000000000000000 ),
 ( 0.000000000000000000, 0.01666666666666666644, 0.03333333333333333287, 0.05000000000000000278, 0.06666666666666666574, 0.08333333333333332871, 0.1000000000000000056, 0.1166666666666666685, 0.1333333333333333315, 0.1499999999999999944, 0.1666666666666666574, 0.1833333333333333204, 0.2000000000000000111, 0.2166666666666666741, 0.2333333333333333370, 0.2500000000000000000, 0.2666666666666666630, 0.2833333333333333259, 0.2999999999999999889, 0.3166666666666666519, 0.3333333333333333148, 0.3499999999999999778, 0.3666666666666666408, 0.3833333333333333592, 0.4000000000000000222, 0.4166666666666666852, 0.4333333333333333481, 0.4500000000000000111, 0.4666666666666666741, 0.4833333333333333370, 0.5000000000000000000, 0.5166666666666667185, 0.5333333333333333259, 0.5500000000000000444, 0.5666666666666666519, 0.5833333333333333703, 0.5999999999999999778, 0.6166666666666666963, 0.6333333333333333037, 0.6500000000000000222, 0.6666666666666666297, 0.6833333333333333481, 0.6999999999999999556, 0.7166666666666666741, 0.7333333333333332815, 0.7500000000000000000, 0.7666666666666667185, 0.7833333333333333259, 0.8000000000000000444, 0.8166666666666666519, 0.8333333333333333703, 0.8499999999999999778, 0.8666666666666666963, 0.8833333333333333037, 0.9000000000000000222, 0.9166666666666666297, 0.9333333333333333481, 0.9499999999999999556, 0.9666666666666666741, 0.9833333333333332815, 0.9842647953115473136 ),
 .UNSPECIFIED. ) 
 GEOMETRIC_REPRESENTATION_ITEM ( )  RATIONAL_B_SPLINE_SURFACE ( (
 ( 1.000000000000000000, 0.9510565162951535312, 1.000000000000000000, 0.9510565162951535312, 1.000000000000000000, 0.9510565162951535312, 1.000000000000000000, 0.9510565162951535312, 1.000000000000000000, 0.9510565162951535312, 1.000000000000000000, 0.9510565162951535312, 1.000000000000000000, 0.9510565162951535312, 1.000000000000000000, 0.9510565162951535312, 1.000000000000000000, 0.9510565162951535312, 1.000000000000000000, 0.9510565162951535312, 1.000000000000000000, 0.9510565162951535312, 1.000000000000000000, 0.9510565162951535312, 1.000000000000000000, 0.9510565162951535312, 1.000000000000000000, 0.9510565162951535312, 1.000000000000000000, 0.9510565162951535312, 1.000000000000000000, 0.9510565162951535312, 1.000000000000000000, 0.9510565162951535312, 1.000000000000000000, 0.9510565162951535312, 1.000000000000000000, 0.9510565162951535312, 1.000000000000000000, 0.9510565162951535312, 1.000000000000000000, 0.9510565162951535312, 1.000000000000000000, 0.9510565162951535312, 1.000000000000000000, 0.9510565162951535312, 1.000000000000000000, 0.9510565162951535312, 1.000000000000000000, 0.9510565162951535312, 1.000000000000000000, 0.9510565162951535312, 1.000000000000000000, 0.9510565162951535312, 1.000000000000000000, 0.9510565162951535312, 1.000000000000000000, 0.9510565162951535312, 1.000000000000000000, 0.9510565162951535312, 1.000000000000000000, 0.9510565162951535312, 1.000000000000000000, 0.9510565162951535312, 1.000000000000000000, 0.9510565162951535312, 1.000000000000000000, 0.9510565162951535312, 1.000000000000000000, 0.9510565162951535312, 1.000000000000000000, 0.9510565162951535312, 1.000000000000000000, 0.9510565162951535312, 1.000000000000000000, 0.9510565162951535312, 1.000000000000000000, 0.9510565162951535312, 1.000000000000000000, 0.9510565162951535312, 1.000000000000000000, 0.9510565162951535312, 1.000000000000000000, 0.9510565162951535312, 1.000000000000000000, 0.9510565162951535312, 1.000000000000000000, 0.9510565162951535312, 1.000000000000000000, 0.9510565162951535312, 1.000000000000000000, 0.9510565162951535312, 1.000000000000000000, 0.9510565162951535312, 1.000000000000000000, 0.9510565162951535312, 1.000000000000000000, 0.9510565162951535312, 1.000000000000000000, 0.9510565162951535312, 1.000000000000000000, 0.9510565162951535312, 1.000000000000000000, 0.9510565162951535312, 1.000000000000000000, 0.9510565162951535312, 1.000000000000000000, 0.9510565162951535312, 1.000000000000000000, 0.9510565162951535312, 1.000000000000000000, 0.9510565162951535312, 1.000000000000000000, 0.9510565162951535312, 1.000000000000000000, 0.9510565162951535312, 1.000000000000000000, 0.9510565162951535312, 1.000000000000000000, 0.9972646603508559249, 0.9948350644873933390),
 ( 1.000000000000000000, 0.9510565162951535312, 1.000000000000000000, 0.9510565162951535312, 1.000000000000000000, 0.9510565162951535312, 1.000000000000000000, 0.9510565162951535312, 1.000000000000000000, 0.9510565162951535312, 1.000000000000000000, 0.9510565162951535312, 1.000000000000000000, 0.9510565162951535312, 1.000000000000000000, 0.9510565162951535312, 1.000000000000000000, 0.9510565162951535312, 1.000000000000000000, 0.9510565162951535312, 1.000000000000000000, 0.9510565162951535312, 1.000000000000000000, 0.9510565162951535312, 1.000000000000000000, 0.9510565162951535312, 1.000000000000000000, 0.9510565162951535312, 1.000000000000000000, 0.9510565162951535312, 1.000000000000000000, 0.9510565162951535312, 1.000000000000000000, 0.9510565162951535312, 1.000000000000000000, 0.9510565162951535312, 1.000000000000000000, 0.9510565162951535312, 1.000000000000000000, 0.9510565162951535312, 1.000000000000000000, 0.9510565162951535312, 1.000000000000000000, 0.9510565162951535312, 1.000000000000000000, 0.9510565162951535312, 1.000000000000000000, 0.9510565162951535312, 1.000000000000000000, 0.9510565162951535312, 1.000000000000000000, 0.9510565162951535312, 1.000000000000000000, 0.9510565162951535312, 1.000000000000000000, 0.9510565162951535312, 1.000000000000000000, 0.9510565162951535312, 1.000000000000000000, 0.9510565162951535312, 1.000000000000000000, 0.9510565162951535312, 1.000000000000000000, 0.9510565162951535312, 1.000000000000000000, 0.9510565162951535312, 1.000000000000000000, 0.9510565162951535312, 1.000000000000000000, 0.9510565162951535312, 1.000000000000000000, 0.9510565162951535312, 1.000000000000000000, 0.9510565162951535312, 1.000000000000000000, 0.9510565162951535312, 1.000000000000000000, 0.9510565162951535312, 1.000000000000000000, 0.9510565162951535312, 1.000000000000000000, 0.9510565162951535312, 1.000000000000000000, 0.9510565162951535312, 1.000000000000000000, 0.9510565162951535312, 1.000000000000000000, 0.9510565162951535312, 1.000000000000000000, 0.9510565162951535312, 1.000000000000000000, 0.9510565162951535312, 1.000000000000000000, 0.9510565162951535312, 1.000000000000000000, 0.9510565162951535312, 1.000000000000000000, 0.9510565162951535312, 1.000000000000000000, 0.9510565162951535312, 1.000000000000000000, 0.9510565162951535312, 1.000000000000000000, 0.9510565162951535312, 1.000000000000000000, 0.9510565162951535312, 1.000000000000000000, 0.9510565162951535312, 1.000000000000000000, 0.9510565162951535312, 1.000000000000000000, 0.9510565162951535312, 1.000000000000000000, 0.9510565162951535312, 1.000000000000000000, 0.9510565162951535312, 1.000000000000000000, 0.9510565162951535312, 1.000000000000000000, 0.9972646603508559249, 0.9948350644873933390) ) ) 
 REPRESENTATION_ITEM ( '' )  SURFACE ( )  );
#316 = CARTESIAN_POINT ( 'NONE',  ( 13.75125624968516824, 40.51833333333333798, 42.32201497513433708 ) ) ;
#317 = CARTESIAN_POINT ( 'NONE',  ( -7.048107594441856527, 38.50617255781059356, 44.50000000000000000 ) ) ;
#318 = CARTESIAN_POINT ( 'NONE',  ( 36.00125624968516291, 37.18458333911434721, -26.15644372701505915 ) ) ;
#319 = CYLINDRICAL_SURFACE ( 'NONE', #1170, 50.48250000000000171 ) ;
#320 = CARTESIAN_POINT ( 'NONE',  ( -21.72989026946192581, 40.00000000000000000, 38.36828913060161028 ) ) ;
#321 = CARTESIAN_POINT ( 'NONE',  ( 43.35432056458333960, 40.38604166955716579, -14.08667266822846642 ) ) ;
#322 = VERTEX_POINT ( 'NONE', #984 ) ;
#323 = CARTESIAN_POINT ( 'NONE',  ( -36.00125624968516291, 35.43833333333333258, -26.15644372701505560 ) ) ;
#324 = CARTESIAN_POINT ( 'NONE',  ( -44.50000000000000711, 35.91458333911434408, 0.000000000000000000 ) ) ;
#325 = CARTESIAN_POINT ( 'NONE',  ( -27.50251249937030806, 33.85083333333333400, 37.85396097166577789 ) ) ;
#326 = CIRCLE ( 'NONE', #1525, 39.06000000000000227 ) ;
#327 = CARTESIAN_POINT ( 'NONE',  ( 13.39722183403552336, 30.86104166955717787, 41.23240908249596259 ) ) ;
#328 = CARTESIAN_POINT ( 'NONE',  ( 43.35432056458333960, 29.69687500289050774, -5.309372990862526299E-15 ) ) ;
#329 = CARTESIAN_POINT ( 'NONE',  ( -44.36410908850154300, 40.00000000000000000, 3.772664078212814687 ) ) ;
#330 = CARTESIAN_POINT ( 'NONE',  ( 44.50000000000000711, 38.82500000000000284, -5.449678256205721981E-15 ) ) ;
#331 = CARTESIAN_POINT ( 'NONE',  ( -2.791302567141446299E-15, 40.80937500289051201, -45.58543033117564391 ) ) ;
#332 = CARTESIAN_POINT ( 'NONE',  ( -44.50000000000000711, 36.02041667244767353, 14.45892648236434574 ) ) ;
#333 = CARTESIAN_POINT ( 'NONE',  ( -13.75125624968516291, 35.22666666666666657, -42.32201497513433708 ) ) ;
#334 = CARTESIAN_POINT ( 'NONE',  ( -2.865065410326494806E-15, 33.26875000578101549, -46.79006897860290337 ) ) ;
#335 = CARTESIAN_POINT ( 'NONE',  ( 44.50000000000001421, 34.48583333333333911, 14.45892648236432443 ) ) ;
#336 = CARTESIAN_POINT ( 'NONE',  ( -13.75125624968515226, 31.84000000000000696, 42.32201497513433708 ) ) ;
#337 = CARTESIAN_POINT ( 'NONE',  ( 13.39722183403551270, 30.12020833622384330, -41.23240908249596970 ) ) ;
#338 = CARTESIAN_POINT ( 'NONE',  ( 0.2601142172527383112, 39.99999999999999289, -43.87217317786519999 ) ) ;
#339 = DIRECTION ( 'NONE',  ( 0.8288832869168105688, 0.000000000000000000, -0.5594215732969046728 ) ) ;
#340 = CARTESIAN_POINT ( 'NONE',  ( 43.35432056458333960, 38.26937500289051286, -14.08667266822846642 ) ) ;
#341 = CARTESIAN_POINT ( 'NONE',  ( 0.000000000000000000, 40.00000000000000000, 0.000000000000000000 ) ) ;
#342 = CARTESIAN_POINT ( 'NONE',  ( -26.67403987642250840, 39.99999999999999289, -35.30001994707987478 ) ) ;
#343 = CARTESIAN_POINT ( 'NONE',  ( -35.07438211632719316, 30.54354166955717531, -25.48303025102237385 ) ) ;
#344 = CARTESIAN_POINT ( 'NONE',  ( 27.50251249937032227, 40.62416666666666742, 37.85396097166577789 ) ) ;
#345 = CARTESIAN_POINT ( 'NONE',  ( 13.48850967802321144, 40.00000000000000000, -41.53015887029767583 ) ) ;
#346 = EDGE_CURVE ( 'NONE', #1683, #1088, #1528, .T. ) ;
#347 = CARTESIAN_POINT ( 'NONE',  ( -13.39722183403550737, 39.64520833622383833, 41.23240908249596970 ) ) ;
#348 = CARTESIAN_POINT ( 'NONE',  ( -7.048107594441868073, 29.08966078708475322, -44.50000000000000000 ) ) ;
#349 = CARTESIAN_POINT ( 'NONE',  ( -2.791302567141446299E-15, 36.57604166955717773, -45.58543033117564391 ) ) ;
#350 = CARTESIAN_POINT ( 'NONE',  ( -36.00125624968516291, 31.46958333911434380, -26.15644372701505560 ) ) ;
#351 = ORIENTED_EDGE ( 'NONE', *, *, #408, .T. ) ;
#352 = CARTESIAN_POINT ( 'NONE',  ( -27.50251249937032227, 35.33249999999999602, -37.85396097166577789 ) ) ;
#353 = CARTESIAN_POINT ( 'NONE',  ( -36.88533241585995626, 27.64824181709715489, 24.89422126863002305 ) ) ;
#354 = CARTESIAN_POINT ( 'NONE',  ( -13.39722183403550737, 37.52854166955717119, 41.23240908249596970 ) ) ;
#355 = CARTESIAN_POINT ( 'NONE',  ( 31.98696078705016177, 40.00000000000000000, -29.26485009741838539 ) ) ;
#356 = EDGE_CURVE ( 'NONE', #1351, #241, #1039, .T. ) ;
#357 = CARTESIAN_POINT ( 'NONE',  ( 36.00125624968516291, 36.49666666666666970, 26.15644372701505205 ) ) ;
#358 = CIRCLE ( 'NONE', #1729, 39.06000000000000227 ) ;
#359 = CARTESIAN_POINT ( 'NONE',  ( 35.07438211632719316, 28.95604166955717673, 25.48303025102237029 ) ) ;
#360 = CARTESIAN_POINT ( 'NONE',  ( -36.00125624968516291, 36.12625000578101009, 26.15644372701506626 ) ) ;
#361 = CARTESIAN_POINT ( 'NONE',  ( -13.75125624968515226, 36.07333333333333769, 42.32201497513433708 ) ) ;
#362 = CARTESIAN_POINT ( 'NONE',  ( 26.79444366807103606, 36.36437500289051172, -36.87938783381628838 ) ) ;
#363 = CARTESIAN_POINT ( 'NONE',  ( -14.18298080603712030, 30.99665600059012505, -42.18173916342817620 ) ) ;
#364 = CARTESIAN_POINT ( 'NONE',  ( 10.90765746076493592, 39.99999999999998579, -42.31767363727279729 ) ) ;
#365 = ORIENTED_EDGE ( 'NONE', *, *, #569, .F. ) ;
#366 = CARTESIAN_POINT ( 'NONE',  ( -35.07438211632718605, 36.78770833622384373, 25.48303025102238450 ) ) ;
#367 = DIRECTION ( 'NONE',  ( 0.000000000000000000, 0.000000000000000000, -1.000000000000000000 ) ) ;
#368 = CARTESIAN_POINT ( 'NONE',  ( -43.35432056458333960, 34.88270833622383549, -14.08667266822846109 ) ) ;
#369 = EDGE_CURVE ( 'NONE', #2040, #567, #674, .T. ) ;
#370 = CARTESIAN_POINT ( 'NONE',  ( -35.07438211632718605, 36.78770833622384373, 25.48303025102238450 ) ) ;
#371 = CARTESIAN_POINT ( 'NONE',  ( 5.449678256205721981E-15, 40.00000000000000000, 44.50000000000000711 ) ) ;
#372 = CARTESIAN_POINT ( 'NONE',  ( 27.50251249937031872, 37.02583333333332405, -37.85396097166577789 ) ) ;
#373 = CARTESIAN_POINT ( 'NONE',  ( 13.39722183403552336, 39.32770833622384288, 41.23240908249596259 ) ) ;
#374 = CARTESIAN_POINT ( 'NONE',  ( 27.50251249937032583, 28.18875000578101364, 37.85396097166577789 ) ) ;
#375 = CARTESIAN_POINT ( 'NONE',  ( -43.35432056458333960, 39.32770833622384288, 14.08667266822847353 ) ) ;
#376 = CARTESIAN_POINT ( 'NONE',  ( 19.65491496441291019, 40.00000000000001421, 38.83166990909393945 ) ) ;
#377 = CARTESIAN_POINT ( 'NONE',  ( -26.79444366807102540, 39.01020833622384743, 36.87938783381629548 ) ) ;
#378 = CARTESIAN_POINT ( 'NONE',  ( 43.35432056458333960, 38.16354166955717631, -5.309372990862526299E-15 ) ) ;
#379 = CARTESIAN_POINT ( 'NONE',  ( -36.00125624968516291, 27.65958333911434863, 26.15644372701506626 ) ) ;
#380 = VECTOR ( 'NONE', #661, 1000.000000000000000 ) ;
#381 = CARTESIAN_POINT ( 'NONE',  ( -2.865065410326494806E-15, 35.38541667244768263, -46.79006897860290337 ) ) ;
#382 = VECTOR ( 'NONE', #931, 1000.000000000000000 ) ;
#383 = CARTESIAN_POINT ( 'NONE',  ( -13.39722183403551803, 40.38604166955718000, -41.23240908249596259 ) ) ;
#384 = ADVANCED_FACE ( 'NONE', ( #688 ), #1785, .F. ) ;
#385 = EDGE_LOOP ( 'NONE', ( #177, #1370, #1360, #128 ) ) ;
#386 = CARTESIAN_POINT ( 'NONE',  ( -43.35432056458333960, 39.22187500289050632, 0.000000000000000000 ) ) ;
#387 = CARTESIAN_POINT ( 'NONE',  ( 13.39722183403552336, 32.97770833622384146, 41.23240908249596259 ) ) ;
#388 = FACE_OUTER_BOUND ( 'NONE', #1378, .T. ) ;
#389 = CYLINDRICAL_SURFACE ( 'NONE', #1727, 44.50000000000000711 ) ;
#390 = ORIENTED_EDGE ( 'NONE', *, *, #773, .T. ) ;
#391 = CARTESIAN_POINT ( 'NONE',  ( 13.39722183403552336, 35.09437500289050860, 41.23240908249596259 ) ) ;
#392 = EDGE_LOOP ( 'NONE', ( #1611, #1065, #1934 ) ) ;
#393 = DIRECTION ( 'NONE',  ( -0.000000000000000000, -1.000000000000000000, -0.000000000000000000 ) ) ;
#394 = CARTESIAN_POINT ( 'NONE',  ( -43.35432056458333960, 32.23687500289051400, -14.08667266822846109 ) ) ;
#395 = CARTESIAN_POINT ( 'NONE',  ( -43.35432056458333960, 37.10520833622383918, 0.000000000000000000 ) ) ;
#396 = CYLINDRICAL_SURFACE ( 'NONE', #694, 44.50000000000000711 ) ;
#397 = DIRECTION ( 'NONE',  ( -0.000000000000000000, -1.000000000000000000, -0.000000000000000000 ) ) ;
#398 = CARTESIAN_POINT ( 'NONE',  ( -2.865065410326494806E-15, 30.88749999999999929, -46.79006897860290337 ) ) ;
#399 = CARTESIAN_POINT ( 'NONE',  ( -2.791302567141446299E-15, 40.28020833622385055, -45.58543033117564391 ) ) ;
#400 = CARTESIAN_POINT ( 'NONE',  ( 26.79444366807103606, 34.24770833622384458, -36.87938783381628838 ) ) ;
#401 = ORIENTED_EDGE ( 'NONE', *, *, #1452, .F. ) ;
#402 = CARTESIAN_POINT ( 'NONE',  ( 26.79444366807103606, 35.83520833622382895, -36.87938783381628838 ) ) ;
#403 = ORIENTED_EDGE ( 'NONE', *, *, #1584, .T. ) ;
#404 = CARTESIAN_POINT ( 'NONE',  ( 0.000000000000000000, 40.00000000000000000, 0.000000000000000000 ) ) ;
#405 = CARTESIAN_POINT ( 'NONE',  ( -13.39722183403551803, 31.91937500289050789, -41.23240908249596259 ) ) ;
#406 = CARTESIAN_POINT ( 'NONE',  ( -13.75125624968515226, 29.72333333333333627, 42.32201497513433708 ) ) ;
#407 = CARTESIAN_POINT ( 'NONE',  ( -43.35432056458333960, 34.45937500289051059, 0.000000000000000000 ) ) ;
#408 = EDGE_CURVE ( 'NONE', #1672, #88, #1961, .T. ) ;
#409 = CARTESIAN_POINT ( 'NONE',  ( 13.39722183403552336, 32.97770833622384146, 41.23240908249596259 ) ) ;
#410 = CARTESIAN_POINT ( 'NONE',  ( -43.35432056458333960, 30.64937500289050476, -14.08667266822846109 ) ) ;
#411 = CARTESIAN_POINT ( 'NONE',  ( -13.39722183403551803, 31.91937500289050789, -41.23240908249596259 ) ) ;
#412 = VECTOR ( 'NONE', #1245, 1000.000000000000000 ) ;
#413 = ORIENTED_EDGE ( 'NONE', *, *, #150, .T. ) ;
#414 = CARTESIAN_POINT ( 'NONE',  ( 27.83491548983517561, 40.00000000000002842, 33.31931395833513676 ) ) ;
#415 = CARTESIAN_POINT ( 'NONE',  ( -35.07438211632719316, 30.01437500289051030, -25.48303025102237385 ) ) ;
#416 = CARTESIAN_POINT ( 'NONE',  ( -26.79444366807103606, 32.55437500289050234, -36.87938783381628838 ) ) ;
#417 = CARTESIAN_POINT ( 'NONE',  ( 43.17592553343610007, 40.00000000000002132, 4.861440236571445972 ) ) ;
#418 = DIRECTION ( 'NONE',  ( -0.000000000000000000, -1.000000000000000000, -0.000000000000000000 ) ) ;
#419 = CARTESIAN_POINT ( 'NONE',  ( -2.791302567141446299E-15, 38.16354166955717631, -45.58543033117564391 ) ) ;
#420 = CARTESIAN_POINT ( 'NONE',  ( -26.79444366807102895, 28.95604166955717673, 36.87938783381629548 ) ) ;
#421 = ORIENTED_EDGE ( 'NONE', *, *, #985, .F. ) ;
#422 = CARTESIAN_POINT ( 'NONE',  ( -31.12827066397264275, 40.00000000000000000, 31.48935104563559051 ) ) ;
#423 = CARTESIAN_POINT ( 'NONE',  ( -35.93569728011021880, 28.30970014654061728, 24.25330436474447993 ) ) ;
#424 = VERTEX_POINT ( 'NONE', #1017 ) ;
#425 = CARTESIAN_POINT ( 'NONE',  ( 35.07438211632718605, 34.14187500289050803, -25.48303025102238095 ) ) ;
#426 = CARTESIAN_POINT ( 'NONE',  ( 36.00125624968516291, 36.49666666666666970, 26.15644372701505205 ) ) ;
#427 = CARTESIAN_POINT ( 'NONE',  ( -26.79444366807103606, 29.90854166955717730, -36.87938783381628838 ) ) ;
#428 = CARTESIAN_POINT ( 'NONE',  ( 0.000000000000000000, 0.000000000000000000, 0.000000000000000000 ) ) ;
#429 = CARTESIAN_POINT ( 'NONE',  ( -26.79444366807102540, 33.18937500289049325, 36.87938783381629548 ) ) ;
#430 = CARTESIAN_POINT ( 'NONE',  ( 27.50251249937032227, 30.04083333333333883, 37.85396097166577789 ) ) ;
#431 = CARTESIAN_POINT ( 'NONE',  ( 8.373907701424338897E-15, 29.16770833622383918, 45.58543033117564391 ) ) ;
#432 = CARTESIAN_POINT ( 'NONE',  ( 35.07438211632719316, 35.30604166955717460, 25.48303025102237029 ) ) ;
#433 = CARTESIAN_POINT ( 'NONE',  ( -35.07438211632719316, 30.54354166955717531, -25.48303025102237385 ) ) ;
#434 = CARTESIAN_POINT ( 'NONE',  ( -40.49869446014670871, 40.00000000000000711, 18.41384180628708833 ) ) ;
#435 = CARTESIAN_POINT ( 'NONE',  ( -35.07438211632719316, 30.01437500289051030, -25.48303025102237385 ) ) ;
#436 = EDGE_CURVE ( 'NONE', #599, #1439, #1253, .T. ) ;
#437 = ORIENTED_EDGE ( 'NONE', *, *, #214, .F. ) ;
#438 = CARTESIAN_POINT ( 'NONE',  ( -27.50251249937031872, 39.83041667244768291, -37.85396097166577789 ) ) ;
#439 = CARTESIAN_POINT ( 'NONE',  ( 35.07438211632718605, 29.37937500289050874, -25.48303025102238095 ) ) ;
#440 = DIRECTION ( 'NONE',  ( 0.000000000000000000, -1.000000000000000000, 0.000000000000000000 ) ) ;
#441 = CARTESIAN_POINT ( 'NONE',  ( -27.79652742438993229, 31.10282798185380670, -37.44928414452011367 ) ) ;
#442 = CARTESIAN_POINT ( 'NONE',  ( -44.50000000000000711, 31.52250000000000085, 14.45892648236434574 ) ) ;
#443 = CARTESIAN_POINT ( 'NONE',  ( 43.35432056458333960, 39.85687500289051144, -14.08667266822846642 ) ) ;
#444 = CARTESIAN_POINT ( 'NONE',  ( 35.07438211632718605, 34.14187500289050803, -25.48303025102238095 ) ) ;
#445 = DIRECTION ( 'NONE',  ( 0.000000000000000000, -1.000000000000000000, 0.000000000000000000 ) ) ;
#446 = CARTESIAN_POINT ( 'NONE',  ( -3.111920190527341144E-15, 37.50208333911434266, -44.50000000000000000 ) ) ;
#447 = CARTESIAN_POINT ( 'NONE',  ( -26.79444366807102895, 34.77687500289050604, 36.87938783381629548 ) ) ;
#448 = AXIS2_PLACEMENT_3D ( 'NONE', #519, #1495, #1460 ) ;
#449 = ORIENTED_EDGE ( 'NONE', *, *, #2005, .F. ) ;
#450 = CARTESIAN_POINT ( 'NONE',  ( 44.50000000000000711, 39.08958333911434835, -5.449678256205721981E-15 ) ) ;
#451 = AXIS2_PLACEMENT_3D ( 'NONE', #23, #454, #1774 ) ;
#452 = EDGE_CURVE ( 'NONE', #284, #1068, #107, .T. ) ;
#453 = CARTESIAN_POINT ( 'NONE',  ( -13.75125624968515226, 32.10458333911434892, 42.32201497513433708 ) ) ;
#454 = DIRECTION ( 'NONE',  ( -0.000000000000000000, -1.000000000000000000, -0.000000000000000000 ) ) ;
#455 = CARTESIAN_POINT ( 'NONE',  ( 13.39722183403552336, 37.21104166955717574, 41.23240908249596259 ) ) ;
#456 = DIRECTION ( 'NONE',  ( 0.000000000000000000, 0.000000000000000000, 1.000000000000000000 ) ) ;
#457 = CARTESIAN_POINT ( 'NONE',  ( -2.865065410326494806E-15, 39.35416666666667140, -46.79006897860290337 ) ) ;
#458 = CARTESIAN_POINT ( 'NONE',  ( 8.446640517145639571E-15, 38.56041667244767268, 44.50000000000000000 ) ) ;
#459 = CARTESIAN_POINT ( 'NONE',  ( -12.62234445604189048, 40.00000000000000000, 42.14283083472430746 ) ) ;
#460 = CARTESIAN_POINT ( 'NONE',  ( 35.07438211632719316, 33.18937500289050746, 25.48303025102237029 ) ) ;
#461 = EDGE_LOOP ( 'NONE', ( #1199, #1380 ) ) ;
#462 = CARTESIAN_POINT ( 'NONE',  ( -22.91114332391475017, 40.00000000000001421, -37.75894276070457778 ) ) ;
#463 = CARTESIAN_POINT ( 'NONE',  ( 13.75125624968515758, 39.51291667244768036, -42.32201497513433708 ) ) ;
#464 = CARTESIAN_POINT ( 'NONE',  ( 9.113480557972927072E-14, 31.15208333911434124, -44.50000000000000711 ) ) ;
#465 = CARTESIAN_POINT ( 'NONE',  ( 26.79444366807103961, 35.72937500289050661, 36.87938783381628838 ) ) ;
#466 = CARTESIAN_POINT ( 'NONE',  ( 9.113480557972927072E-14, 33.00416666666666998, -44.50000000000000711 ) ) ;
#467 = EDGE_CURVE ( 'NONE', #1035, #577, #196, .T. ) ;
#468 = PRODUCT ( 'NSCN-Shoulder', 'NSCN-Shoulder', '', ( #767 ) ) ;
#469 = CARTESIAN_POINT ( 'NONE',  ( -44.50000000000000711, 42.00000000000000000, 0.000000000000000000 ) ) ;
#470 = CARTESIAN_POINT ( 'NONE',  ( -40.31163981555052800, 40.00000000000002132, -18.84747006479486942 ) ) ;
#471 = CARTESIAN_POINT ( 'NONE',  ( 13.75125624968515758, 37.39625000578101321, -42.32201497513433708 ) ) ;
#472 =( BOUNDED_CURVE ( )  B_SPLINE_CURVE ( 2, ( #935, #363, #1808, #1453, #646 ),
 .UNSPECIFIED., .F., .F. ) 
 B_SPLINE_CURVE_WITH_KNOTS ( ( 3, 2, 3 ),
 ( 0.8661173716106596032, 0.8666666666666666963, 0.8750000000000000000 ),
 .UNSPECIFIED. ) 
 CURVE ( )  GEOMETRIC_REPRESENTATION_ITEM ( )  RATIONAL_B_SPLINE_CURVE ( ( 0.9968801961887637786, 0.9983869351826298866, 1.000000000000000000, 0.9755282581475768211, 0.9755282581475768211 ) ) 
 REPRESENTATION_ITEM ( '' )  );
#473 = CARTESIAN_POINT ( 'NONE',  ( -43.35432056458333960, 39.22187500289050632, 0.000000000000000000 ) ) ;
#474 = ORIENTED_EDGE ( 'NONE', *, *, #436, .T. ) ;
#475 = CARTESIAN_POINT ( 'NONE',  ( -44.50000000000000711, 37.92541667244767467, -14.45892648236433153 ) ) ;
#476 = CARTESIAN_POINT ( 'NONE',  ( -35.51568766374862918, 28.84456761348248932, 24.87562527414787183 ) ) ;
#477 = FILL_AREA_STYLE_COLOUR ( '', #1895 ) ;
#478 = B_SPLINE_CURVE_WITH_KNOTS ( 'NONE', 3,
 ( #1711, #904, #125, #771, #1411, #1248, #2001, #660, #212, #1293, #1150, #345, #693, #364, #1174, #1979, #1646, #1955, #338, #516, #976, #1162, #1801, #1005, #533, #498, #1581, #788, #654, #1143, #462, #1935, #1112, #342, #1743, #1781, #1920, #1286, #981, #309, #945, #1590, #819, #1440 ),
 .UNSPECIFIED., .F., .F.,
 ( 4, 2, 2, 2, 2, 2, 2, 2, 2, 2, 2, 1, 2, 2, 2, 2, 2, 1, 2, 2, 2, 2, 4 ),
 ( 0.000000000000000000, 0.005400880778834118122, 0.01080176155766823624, 0.01350220194708529227, 0.01620264233650234309, 0.02160352311533645167, 0.02430396350475350770, 0.02700440389417056372, 0.03240528467300466536, 0.03780616545183877741, 0.04050660584125583691, 0.04320704623067288946, 0.04590748662008994896, 0.04860792700950700151, 0.05400880778834112050, 0.05940968856717522562, 0.06211012895659227817, 0.06481056934600933073, 0.06751100973542641104, 0.07021145012484346359, 0.07561233090367758258, 0.08101321168251171545, 0.08641409246134583444 ),
 .UNSPECIFIED. ) ;
#479 = CARTESIAN_POINT ( 'NONE',  ( 43.35432056458333960, 31.28437500289050988, -5.309372990862526299E-15 ) ) ;
#480 = CARTESIAN_POINT ( 'NONE',  ( 26.79444366807104316, 29.37937500289050519, 36.87938783381628838 ) ) ;
#481 = CARTESIAN_POINT ( 'NONE',  ( 8.446640517145639571E-15, 34.06250000000000000, 44.50000000000000000 ) ) ;
#482 = EDGE_CURVE ( 'NONE', #80, #424, #252, .T. ) ;
#483 = CARTESIAN_POINT ( 'NONE',  ( 27.50251249937032583, 38.77208333911434579, 37.85396097166577789 ) ) ;
#484 = FACE_OUTER_BOUND ( 'NONE', #1120, .T. ) ;
#485 = CARTESIAN_POINT ( 'NONE',  ( -13.39722183403551803, 38.79854166955717432, -41.23240908249596259 ) ) ;
#486 = DIRECTION ( 'NONE',  ( 0.000000000000000000, -1.000000000000000000, 0.000000000000000000 ) ) ;
#487 = CARTESIAN_POINT ( 'NONE',  ( -27.50251249937031162, 34.11541667244767950, 37.85396097166579210 ) ) ;
#488 = DIRECTION ( 'NONE',  ( 0.000000000000000000, 0.000000000000000000, -1.000000000000000000 ) ) ;
#489 =( GEOMETRIC_REPRESENTATION_CONTEXT ( 3 ) GLOBAL_UNCERTAINTY_ASSIGNED_CONTEXT ( ( #1338 ) ) GLOBAL_UNIT_ASSIGNED_CONTEXT ( ( #2068, #1124, #2047 ) ) REPRESENTATION_CONTEXT ( 'NONE', 'WORKASPACE' ) );
#490 = CARTESIAN_POINT ( 'NONE',  ( 5.449678256205721981E-15, 31.00000000000001066, 44.50000000000000711 ) ) ;
#491 = CARTESIAN_POINT ( 'NONE',  ( 8.373907701424337319E-15, 30.75520833622384487, 45.58543033117564391 ) ) ;
#492 = CARTESIAN_POINT ( 'NONE',  ( 35.07438211632719316, 29.48520833622383819, 25.48303025102237029 ) ) ;
#493 = DIRECTION ( 'NONE',  ( 0.000000000000000000, 0.000000000000000000, -1.000000000000000000 ) ) ;
#494 = DIRECTION ( 'NONE',  ( 0.000000000000000000, 1.000000000000000000, 0.000000000000000000 ) ) ;
#495 = CARTESIAN_POINT ( 'NONE',  ( -36.64792368510230602, 29.33496056108600669, 24.73399196386307253 ) ) ;
#496 = CARTESIAN_POINT ( 'NONE',  ( 35.07438211632718605, 38.37520833622384231, -25.48303025102238095 ) ) ;
#497 = CARTESIAN_POINT ( 'NONE',  ( -7.048107594441903601, 36.38950589114394063, 44.50000000000000000 ) ) ;
#498 = CARTESIAN_POINT ( 'NONE',  ( -11.31565720314955215, 40.00000000000000000, -42.52152425817201475 ) ) ;
#499 = CARTESIAN_POINT ( 'NONE',  ( 8.595196230979485600E-15, 34.32708333911435261, 46.79006897860290337 ) ) ;
#500 = CARTESIAN_POINT ( 'NONE',  ( 44.50000000000000711, 30.62291667244767979, -5.449678256205721981E-15 ) ) ;
#501 = CARTESIAN_POINT ( 'NONE',  ( -44.50000000000000711, 33.90375000578101350, 14.45892648236434574 ) ) ;
#502 = CARTESIAN_POINT ( 'NONE',  ( 8.373907701424338897E-15, 39.75104166955716778, 45.58543033117564391 ) ) ;
#503 = CARTESIAN_POINT ( 'NONE',  ( 13.39722183403552336, 31.39020833622384288, 41.23240908249596259 ) ) ;
#504 = EDGE_CURVE ( 'NONE', #724, #108, #1391, .T. ) ;
#505 = CARTESIAN_POINT ( 'NONE',  ( -7.048107594441821888, 37.55632745375142889, -44.50000000000002132 ) ) ;
#506 = CARTESIAN_POINT ( 'NONE',  ( -44.50000000000000711, 29.56458333911434622, 0.000000000000000000 ) ) ;
#507 = CARTESIAN_POINT ( 'NONE',  ( 26.79444366807103606, 40.59770833622382469, -36.87938783381628838 ) ) ;
#508 = CARTESIAN_POINT ( 'NONE',  ( 43.35432056458333960, 29.27354166955717929, -14.08667266822846642 ) ) ;
#509 = EDGE_LOOP ( 'NONE', ( #1208, #592, #205, #684 ) ) ;
#510 = CARTESIAN_POINT ( 'NONE',  ( 36.00125624968516291, 35.06791667244768007, -26.15644372701505915 ) ) ;
#511 = CARTESIAN_POINT ( 'NONE',  ( 13.39722183403551270, 38.58687500289050831, -41.23240908249596970 ) ) ;
#512 = CARTESIAN_POINT ( 'NONE',  ( -36.00125624968516291, 33.58625000578101094, -26.15644372701505560 ) ) ;
#513 = CARTESIAN_POINT ( 'NONE',  ( -26.79444366807102540, 39.53937500289050178, 36.87938783381629548 ) ) ;
#514 = CARTESIAN_POINT ( 'NONE',  ( -13.39722183403551803, 31.91937500289050789, -41.23240908249596259 ) ) ;
#515 = CARTESIAN_POINT ( 'NONE',  ( -2.865065410326494806E-15, 35.12083333333332291, -46.79006897860290337 ) ) ;
#516 = CARTESIAN_POINT ( 'NONE',  ( -2.434196579722629927, 39.99999999999997868, -43.81419917330751446 ) ) ;
#517 = CARTESIAN_POINT ( 'NONE',  ( 13.39722183403551270, 38.58687500289050831, -41.23240908249596970 ) ) ;
#518 = CARTESIAN_POINT ( 'NONE',  ( 43.35432056458334671, 29.06187500289050618, 14.08667266822845754 ) ) ;
#519 = CARTESIAN_POINT ( 'NONE',  ( 0.000000000000000000, 31.00000000000001066, 0.000000000000000000 ) ) ;
#520 = DIRECTION ( 'NONE',  ( 0.000000000000000000, -1.000000000000000000, 0.000000000000000000 ) ) ;
#521 = CARTESIAN_POINT ( 'NONE',  ( 43.35432056458334671, 31.70770833622384188, 14.08667266822845754 ) ) ;
#522 = ADVANCED_FACE ( 'NONE', ( #675 ), #1322, .F. ) ;
#523 = CARTESIAN_POINT ( 'NONE',  ( -36.00125624968516291, 37.55500000000000682, -26.15644372701505560 ) ) ;
#524 = CARTESIAN_POINT ( 'NONE',  ( -44.50000000000000711, 29.45875000578101321, -14.45892648236433153 ) ) ;
#525 = AXIS2_PLACEMENT_3D ( 'NONE', #1140, #1457, #608 ) ;
#526 =( BOUNDED_CURVE ( )  B_SPLINE_CURVE ( 2, ( #54, #1464, #1012, #822, #1606, #24, #1626, #1645, #217, #65, #691, #833, #1940 ),
 .UNSPECIFIED., .F., .T. ) 
 B_SPLINE_CURVE_WITH_KNOTS ( ( 3, 2, 2, 2, 2, 2, 3 ),
 ( 0.7083333333333333703, 0.7166666666666666741, 0.7333333333333332815, 0.7500000000000000000, 0.7666666666666667185, 0.7833333333333333259, 0.7916666666666667407 ),
 .UNSPECIFIED. ) 
 CURVE ( )  GEOMETRIC_REPRESENTATION_ITEM ( )  RATIONAL_B_SPLINE_CURVE ( ( 0.9755282581475768211, 0.9755282581475769321, 1.000000000000000000, 0.9510565162951535312, 1.000000000000000000, 0.9510565162951535312, 1.000000000000000000, 0.9510565162951535312, 1.000000000000000000, 0.9510565162951535312, 1.000000000000000000, 0.9755282581475765991, 0.9755282581475768211 ) ) 
 REPRESENTATION_ITEM ( '' )  );
#527 = CARTESIAN_POINT ( 'NONE',  ( 26.79444366807103606, 40.06854166955717034, -36.87938783381628838 ) ) ;
#528 = CARTESIAN_POINT ( 'NONE',  ( -36.00125624968516291, 35.86166666666666458, 26.15644372701506626 ) ) ;
#529 = CARTESIAN_POINT ( 'NONE',  ( -43.35432056458333960, 35.09437500289050149, 14.08667266822847353 ) ) ;
#530 = CARTESIAN_POINT ( 'NONE',  ( -44.50000000000000711, 33.79791667244767694, 0.000000000000000000 ) ) ;
#531 = LINE ( 'NONE', #371, #1099 ) ;
#532 = CARTESIAN_POINT ( 'NONE',  ( 44.50000000000000711, 34.69750000000001222, -14.45892648236433864 ) ) ;
#533 = CARTESIAN_POINT ( 'NONE',  ( -10.43934726202511598, 40.00000000000000000, -42.73300227687373365 ) ) ;
#534 = EDGE_CURVE ( 'NONE', #1321, #1351, #1043, .T. ) ;
#535 = CARTESIAN_POINT ( 'NONE',  ( -8.580008525311097072E-14, 29.82916666666666572, 44.50000000000000711 ) ) ;
#536 = CARTESIAN_POINT ( 'NONE',  ( 5.449678256205721981E-15, 31.00000000000001066, 44.50000000000000711 ) ) ;
#537 = CARTESIAN_POINT ( 'NONE',  ( -3.778760231354628329E-14, 36.17916666666666714, 44.50000000000000000 ) ) ;
#538 = CARTESIAN_POINT ( 'NONE',  ( -35.07438211632718605, 37.31687500289050519, 25.48303025102238450 ) ) ;
#539 = CARTESIAN_POINT ( 'NONE',  ( 11.32188690196040071, 39.99999999999998579, 42.14661136796215146 ) ) ;
#540 = CARTESIAN_POINT ( 'NONE',  ( 13.39722183403552336, 37.21104166955717574, 41.23240908249596259 ) ) ;
#541 = CARTESIAN_POINT ( 'NONE',  ( 8.373907701424338897E-15, 37.63437500289050064, 45.58543033117564391 ) ) ;
#542 = CARTESIAN_POINT ( 'NONE',  ( 13.75125624968515758, 39.24833333333333485, -42.32201497513433708 ) ) ;
#543 = CARTESIAN_POINT ( 'NONE',  ( 13.75125624968516824, 28.08291667244768064, 42.32201497513433708 ) ) ;
#544 = CARTESIAN_POINT ( 'NONE',  ( -36.00125624968516291, 35.70291667244768519, -26.15644372701505560 ) ) ;
#545 = CARTESIAN_POINT ( 'NONE',  ( 13.39722183403551270, 35.94104166955717261, -41.23240908249596970 ) ) ;
#546 = ORIENTED_EDGE ( 'NONE', *, *, #302, .F. ) ;
#547 = CARTESIAN_POINT ( 'NONE',  ( 8.373907701424338897E-15, 34.98854166955717204, 45.58543033117564391 ) ) ;
#548 = CARTESIAN_POINT ( 'NONE',  ( 35.07438211632719316, 37.95187500289050320, 25.48303025102237029 ) ) ;
#549 = CARTESIAN_POINT ( 'NONE',  ( -13.75125624968515226, 38.19000000000000483, 42.32201497513433708 ) ) ;
#550 = CARTESIAN_POINT ( 'NONE',  ( 33.13151884947579617, 40.00000000000000000, 27.97158009129841716 ) ) ;
#551 = CARTESIAN_POINT ( 'NONE',  ( -44.50000000000000711, 35.54416666666666913, -14.45892648236433153 ) ) ;
#552 = B_SPLINE_CURVE_WITH_KNOTS ( 'NONE', 3,
 ( #1446, #1765, #1282, #1414, #1251, #650, #942, #785, #16, #1587, #966, #329, #1884, #28, #1424, #1609, #1296, #1434 ),
 .UNSPECIFIED., .F., .F.,
 ( 4, 2, 2, 2, 2, 2, 2, 2, 4 ),
 ( 0.6804044223950421744, 0.6959845634213481791, 0.7115647044476542948, 0.7271448454739602996, 0.7427249865002663043, 0.7583051275265723090, 0.7738852685528783137, 0.7894654095791844295, 0.8050455506054904342 ),
 .UNSPECIFIED. ) ;
#553 = ADVANCED_FACE ( 'NONE', ( #1667 ), #315, .T. ) ;
#554 = AXIS2_PLACEMENT_3D ( 'NONE', #1674, #558, #1533 ) ;
#555 = ORIENTED_EDGE ( 'NONE', *, *, #1752, .F. ) ;
#556 = CARTESIAN_POINT ( 'NONE',  ( 35.07438211632719316, 35.30604166955717460, 25.48303025102237029 ) ) ;
#557 = ORIENTED_EDGE ( 'NONE', *, *, #726, .F. ) ;
#558 = DIRECTION ( 'NONE',  ( -0.000000000000000000, -1.000000000000000000, -0.000000000000000000 ) ) ;
#559 = CARTESIAN_POINT ( 'NONE',  ( 26.79444366807103961, 33.08354166955717091, 36.87938783381628838 ) ) ;
#560 = CARTESIAN_POINT ( 'NONE',  ( 31.22418793172366946, 39.99999999999998579, 30.11145192498139878 ) ) ;
#561 = CARTESIAN_POINT ( 'NONE',  ( -13.39722183403551803, 40.38604166955718000, -41.23240908249596259 ) ) ;
#562 = EDGE_CURVE ( 'NONE', #1111, #1911, #917, .T. ) ;
#563 = CARTESIAN_POINT ( 'NONE',  ( -35.07438211632718605, 30.96687500289050377, 25.48303025102238450 ) ) ;
#564 = CARTESIAN_POINT ( 'NONE',  ( -36.00125624968516291, 31.46958333911434380, -26.15644372701505560 ) ) ;
#565 = ORIENTED_EDGE ( 'NONE', *, *, #1833, .F. ) ;
#566 = CARTESIAN_POINT ( 'NONE',  ( -13.39722183403550737, 34.88270833622384259, 41.23240908249596970 ) ) ;
#567 = VERTEX_POINT ( 'NONE', #304 ) ;
#568 = CARTESIAN_POINT ( 'NONE',  ( 22.00229427392763881, 40.00000000000001421, 37.50923931962578450 ) ) ;
#569 = EDGE_CURVE ( 'NONE', #1504, #272, #1542, .T. ) ;
#570 = CARTESIAN_POINT ( 'NONE',  ( -35.07438211632719316, 32.13104166955717034, -25.48303025102237385 ) ) ;
#571 = FACE_OUTER_BOUND ( 'NONE', #875, .T. ) ;
#572 = CARTESIAN_POINT ( 'NONE',  ( -26.79444366807103606, 36.78770833622383662, -36.87938783381628838 ) ) ;
#573 = CARTESIAN_POINT ( 'NONE',  ( 43.35173650092644948, 40.00000000000000000, -0.8555337218304134295 ) ) ;
#574 = CARTESIAN_POINT ( 'NONE',  ( -27.50251249937031162, 31.73416666666667396, 37.85396097166579210 ) ) ;
#575 = CARTESIAN_POINT ( 'NONE',  ( -43.35432056458333960, 36.47020833622384828, -14.08667266822846109 ) ) ;
#576 = CARTESIAN_POINT ( 'NONE',  ( -2.791302567141446299E-15, 34.45937500289051059, -45.58543033117564391 ) ) ;
#577 = VERTEX_POINT ( 'NONE', #1751 ) ;
#578 = CARTESIAN_POINT ( 'NONE',  ( -41.86592341950723295, 39.99999999999999289, 15.08311291978873747 ) ) ;
#579 = CARTESIAN_POINT ( 'NONE',  ( 35.07438211632719316, 31.07270833622384387, 25.48303025102237029 ) ) ;
#580 = ORIENTED_EDGE ( 'NONE', *, *, #874, .T. ) ;
#581 = CARTESIAN_POINT ( 'NONE',  ( -26.79444366807102540, 30.54354166955717531, 36.87938783381629548 ) ) ;
#582 = CARTESIAN_POINT ( 'NONE',  ( 4.783470397469562523E-15, 40.00000000000000000, 39.06000000000000227 ) ) ;
#583 = CARTESIAN_POINT ( 'NONE',  ( 35.07438211632718605, 38.37520833622384231, -25.48303025102238095 ) ) ;
#584 = CARTESIAN_POINT ( 'NONE',  ( 36.00125624968516291, 30.41125000578101378, 26.15644372701505205 ) ) ;
#585 = CARTESIAN_POINT ( 'NONE',  ( 36.00125624968516291, 30.14666666666666828, 26.15644372701505205 ) ) ;
#586 = CARTESIAN_POINT ( 'NONE',  ( -35.07438211632719316, 34.24770833622384458, -25.48303025102237385 ) ) ;
#587 = CARTESIAN_POINT ( 'NONE',  ( -13.39722183403550737, 32.76604166955717545, 41.23240908249596970 ) ) ;
#588 = CARTESIAN_POINT ( 'NONE',  ( -13.39722183403550737, 31.17854166955717332, 41.23240908249596970 ) ) ;
#589 = CARTESIAN_POINT ( 'NONE',  ( -34.17976349730822250, 40.00000000000000000, 28.19725595339353319 ) ) ;
#590 = CARTESIAN_POINT ( 'NONE',  ( 43.35432056458333960, 29.27354166955717929, -14.08667266822846642 ) ) ;
#591 = CIRCLE ( 'NONE', #1767, 39.06000000000000227 ) ;
#592 = ORIENTED_EDGE ( 'NONE', *, *, #1721, .T. ) ;
#593 = CARTESIAN_POINT ( 'NONE',  ( -35.93569728011021880, 28.83886681320727874, 24.25330436474447993 ) ) ;
#594 = CARTESIAN_POINT ( 'NONE',  ( -26.79444366807103606, 34.14187500289049382, -36.87938783381628838 ) ) ;
#595 = CARTESIAN_POINT ( 'NONE',  ( 8.373907701424338897E-15, 33.40104166955717346, 45.58543033117564391 ) ) ;
#596 = CARTESIAN_POINT ( 'NONE',  ( -27.50251249937031872, 33.21583333333333599, -37.85396097166577789 ) ) ;
#597 = CARTESIAN_POINT ( 'NONE',  ( 13.39722183403552336, 39.32770833622384288, 41.23240908249596259 ) ) ;
#598 = CARTESIAN_POINT ( 'NONE',  ( 35.07438211632719316, 31.60187500289050888, 25.48303025102237029 ) ) ;
#599 = VERTEX_POINT ( 'NONE', #1456 ) ;
#600 = CARTESIAN_POINT ( 'NONE',  ( -35.07438211632718605, 34.67104166955717659, 25.48303025102238450 ) ) ;
#601 = ORIENTED_EDGE ( 'NONE', *, *, #854, .T. ) ;
#602 = CARTESIAN_POINT ( 'NONE',  ( -44.50000000000000711, 38.03125000578101123, 0.000000000000000000 ) ) ;
#603 = FACE_BOUND ( 'NONE', #1520, .T. ) ;
#604 = CYLINDRICAL_SURFACE ( 'NONE', #451, 44.50000000000000711 ) ;
#605 = CARTESIAN_POINT ( 'NONE',  ( -2.791302567141446299E-15, 33.93020833622383492, -45.58543033117564391 ) ) ;
#606 = CARTESIAN_POINT ( 'NONE',  ( -43.35432056458333960, 32.97770833622383435, 14.08667266822847353 ) ) ;
#607 = CARTESIAN_POINT ( 'NONE',  ( -43.35432056458333960, 34.98854166955717204, 0.000000000000000000 ) ) ;
#608 = DIRECTION ( 'NONE',  ( 0.000000000000000000, -0.000000000000000000, -1.000000000000000000 ) ) ;
#609 = EDGE_CURVE ( 'NONE', #241, #1321, #1561, .T. ) ;
#610 = CARTESIAN_POINT ( 'NONE',  ( -43.35432056458333960, 32.23687500289051400, -14.08667266822846109 ) ) ;
#611 = VERTEX_POINT ( 'NONE', #2062 ) ;
#612 = CARTESIAN_POINT ( 'NONE',  ( -44.50000000000000711, 40.14791667244767837, 0.000000000000000000 ) ) ;
#613 = CARTESIAN_POINT ( 'NONE',  ( 27.50251249937032583, 30.04083333333333528, 37.85396097166577789 ) ) ;
#614 = CARTESIAN_POINT ( 'NONE',  ( -35.07438211632719316, 32.66020833622383890, -25.48303025102237385 ) ) ;
#615 = UNCERTAINTY_MEASURE_WITH_UNIT (LENGTH_MEASURE( 1.000000000000000082E-05 ), #1735, 'distance_accuracy_value', 'NONE');
#616 = CARTESIAN_POINT ( 'NONE',  ( -13.39722183403551803, 30.33187500289050931, -41.23240908249596259 ) ) ;
#617 = CARTESIAN_POINT ( 'NONE',  ( 43.35432056458334671, 33.29520833622385112, 14.08667266822845576 ) ) ;
#618 = CARTESIAN_POINT ( 'NONE',  ( -43.35432056458333960, 41.33854166955717346, 0.000000000000000000 ) ) ;
#619 = CARTESIAN_POINT ( 'NONE',  ( 36.00125624968516291, 36.76125000578100810, 26.15644372701505205 ) ) ;
#620 = CARTESIAN_POINT ( 'NONE',  ( -14.33694948688530424, 39.99999999999997868, 41.61506336564303155 ) ) ;
#621 = CARTESIAN_POINT ( 'NONE',  ( -43.35432056458333960, 30.22604166955717631, 0.000000000000000000 ) ) ;
#622 = ORIENTED_EDGE ( 'NONE', *, *, #2065, .F. ) ;
#623 = CARTESIAN_POINT ( 'NONE',  ( 44.50000000000000711, 36.97291667244768121, -5.449678256205721981E-15 ) ) ;
#624 = CARTESIAN_POINT ( 'NONE',  ( 35.07438211632718605, 32.02520833622384089, -25.48303025102238095 ) ) ;
#625 = DIRECTION ( 'NONE',  ( 0.000000000000000000, 0.000000000000000000, -1.000000000000000000 ) ) ;
#626 = CARTESIAN_POINT ( 'NONE',  ( 13.39722183403552336, 29.27354166955717218, 41.23240908249596259 ) ) ;
#627 = CARTESIAN_POINT ( 'NONE',  ( -44.50000000000000711, 37.92541667244767467, -14.45892648236433153 ) ) ;
#628 = CARTESIAN_POINT ( 'NONE',  ( 7.048107594441873403, 34.11674411463707912, 44.50000000000000000 ) ) ;
#629 = CARTESIAN_POINT ( 'NONE',  ( 8.373907701424337319E-15, 35.51770833622384060, 45.58543033117564391 ) ) ;
#630 = ORIENTED_EDGE ( 'NONE', *, *, #482, .F. ) ;
#631 = FACE_OUTER_BOUND ( 'NONE', #735, .T. ) ;
#632 = CYLINDRICAL_SURFACE ( 'NONE', #1438, 39.06000000000000227 ) ;
#633 = CARTESIAN_POINT ( 'NONE',  ( 26.79444366807103961, 33.61270833622383947, 36.87938783381628838 ) ) ;
#634 = CARTESIAN_POINT ( 'NONE',  ( 8.446640517145639571E-15, 34.06250000000000000, 44.50000000000000000 ) ) ;
#635 = CARTESIAN_POINT ( 'NONE',  ( 0.000000000000000000, 0.000000000000000000, 0.000000000000000000 ) ) ;
#636 = CARTESIAN_POINT ( 'NONE',  ( 26.79444366807103250, 30.01437500289050675, -36.87938783381628838 ) ) ;
#637 = CARTESIAN_POINT ( 'NONE',  ( 43.35432056458333960, 31.81354166955717488, -5.309372990862526299E-15 ) ) ;
#638 = CARTESIAN_POINT ( 'NONE',  ( 43.35432056458334671, 40.17437500289049979, 14.08667266822845576 ) ) ;
#639 = CARTESIAN_POINT ( 'NONE',  ( 27.50251249937031872, 39.40708333911433670, -37.85396097166577789 ) ) ;
#640 = CARTESIAN_POINT ( 'NONE',  ( -3.111920190527341144E-15, 29.03541667244767766, -44.50000000000000000 ) ) ;
#641 = CARTESIAN_POINT ( 'NONE',  ( -43.35432056458333960, 36.99937500289050263, -14.08667266822846109 ) ) ;
#642 = ORIENTED_EDGE ( 'NONE', *, *, #1647, .T. ) ;
#643 = CARTESIAN_POINT ( 'NONE',  ( 36.00125624968516291, 35.06791667244768007, -26.15644372701505915 ) ) ;
#644 = CARTESIAN_POINT ( 'NONE',  ( 13.75125624968515758, 35.01500000000000767, -42.32201497513433708 ) ) ;
#645 = CARTESIAN_POINT ( 'NONE',  ( 0.000000000000000000, 31.00000000000001066, -50.48250000000000171 ) ) ;
#646 = CARTESIAN_POINT ( 'NONE',  ( -3.111920190527341144E-15, 30.88750000000000639, -44.50000000000000000 ) ) ;
#647 = CARTESIAN_POINT ( 'NONE',  ( -13.39722183403551803, 29.80270833622384430, -41.23240908249596259 ) ) ;
#648 = CARTESIAN_POINT ( 'NONE',  ( -26.79444366807102895, 28.95604166955717673, 36.87938783381629548 ) ) ;
#649 = CARTESIAN_POINT ( 'NONE',  ( -7.048107594441914259, 39.67299412041809603, -44.50000000000000000 ) ) ;
#650 = CARTESIAN_POINT ( 'NONE',  ( -43.55527708383662855, 40.00000000000000000, -9.235498263470800495 ) ) ;
#651 = LINE ( 'NONE', #1283, #202 ) ;
#652 = CARTESIAN_POINT ( 'NONE',  ( 35.07438211632719316, 40.06854166955717034, 25.48303025102237029 ) ) ;
#653 = ORIENTED_EDGE ( 'NONE', *, *, #898, .F. ) ;
#654 = CARTESIAN_POINT ( 'NONE',  ( -18.94498011581622521, 40.00000000000000711, -39.86100754965239190 ) ) ;
#655 = CARTESIAN_POINT ( 'NONE',  ( -13.75125624968515226, 32.10458333911434892, 42.32201497513433708 ) ) ;
#656 = CARTESIAN_POINT ( 'NONE',  ( -43.35432056458333960, 30.75520833622384131, 0.000000000000000000 ) ) ;
#657 = CARTESIAN_POINT ( 'NONE',  ( 44.50000000000000711, 34.96208333911434352, -14.45892648236433864 ) ) ;
#658 = CARTESIAN_POINT ( 'NONE',  ( 13.39722183403552336, 39.85687500289050433, 41.23240908249596259 ) ) ;
#659 = CARTESIAN_POINT ( 'NONE',  ( -35.51568766194441906, 28.84456761350554999, 24.87562527663116541 ) ) ;
#660 = CARTESIAN_POINT ( 'NONE',  ( 20.87025610341634518, 40.00000000000000000, -38.23311546054282672 ) ) ;
#661 = DIRECTION ( 'NONE',  ( -0.000000000000000000, -1.000000000000000000, -0.000000000000000000 ) ) ;
#662 = CARTESIAN_POINT ( 'NONE',  ( 13.39722183403551270, 36.47020833622383407, -41.23240908249596970 ) ) ;
#663 = CARTESIAN_POINT ( 'NONE',  ( 0.000000000000000000, 31.00000000000001066, 0.000000000000000000 ) ) ;
#664 = CARTESIAN_POINT ( 'NONE',  ( 44.50000000000000711, 32.73958333911434693, -5.449678256205721981E-15 ) ) ;
#665 = CARTESIAN_POINT ( 'NONE',  ( 44.50000000000000711, 28.61208333911434920, -14.45892648236433864 ) ) ;
#666 = CARTESIAN_POINT ( 'NONE',  ( 43.35432056458334671, 39.64520833622383122, 14.08667266822845754 ) ) ;
#667 = CARTESIAN_POINT ( 'NONE',  ( -8.580008525311097072E-14, 30.09375000578101478, 44.50000000000000711 ) ) ;
#668 = CARTESIAN_POINT ( 'NONE',  ( -43.35432056458333960, 30.12020833622383620, -14.08667266822846109 ) ) ;
#669 = CARTESIAN_POINT ( 'NONE',  ( 43.35432056458333960, 31.91937500289050789, -14.08667266822846642 ) ) ;
#670 = CARTESIAN_POINT ( 'NONE',  ( 26.79444366807104316, 35.72937500289050661, 36.87938783381628838 ) ) ;
#671 = CARTESIAN_POINT ( 'NONE',  ( 9.113480557972927072E-14, 35.12083333333333712, -44.50000000000000711 ) ) ;
#672 = CARTESIAN_POINT ( 'NONE',  ( 8.373907701424338897E-15, 28.63854166955717417, 45.58543033117564391 ) ) ;
#673 = VERTEX_POINT ( 'NONE', #481 ) ;
#674 =( BOUNDED_CURVE ( )  B_SPLINE_CURVE ( 1, ( #1324, #353 ),
 .UNSPECIFIED., .F., .T. ) 
 B_SPLINE_CURVE_WITH_KNOTS ( ( 2, 2 ),
 ( 0.000000000000000000, 1.000000000000000000 ),
 .UNSPECIFIED. ) 
 CURVE ( )  GEOMETRIC_REPRESENTATION_ITEM ( )  RATIONAL_B_SPLINE_CURVE ( ( 0.9948350649122720268, 0.9948350649122720268 ) ) 
 REPRESENTATION_ITEM ( '' )  );
#675 = FACE_OUTER_BOUND ( 'NONE', #392, .T. ) ;
#676 = CARTESIAN_POINT ( 'NONE',  ( 7.048107594441828105, 30.14799412041809390, 44.50000000000002132 ) ) ;
#677 = CARTESIAN_POINT ( 'NONE',  ( -26.79444366807103961, 36.78770833622382952, -36.87938783381628838 ) ) ;
#678 = CARTESIAN_POINT ( 'NONE',  ( -13.39722183403550737, 39.11604166955717687, 41.23240908249596970 ) ) ;
#679 = CARTESIAN_POINT ( 'NONE',  ( -35.93569720648110888, 28.30970014753997788, 24.25330447383941390 ) ) ;
#680 = CARTESIAN_POINT ( 'NONE',  ( -27.50251249937031162, 38.08416666666666117, 37.85396097166579210 ) ) ;
#681 = CARTESIAN_POINT ( 'NONE',  ( 13.39722183403551270, 40.17437500289051400, -41.23240908249596970 ) ) ;
#682 = CARTESIAN_POINT ( 'NONE',  ( -3.778760231354628329E-14, 38.29583333333333428, 44.50000000000000000 ) ) ;
#683 = EDGE_CURVE ( 'NONE', #1672, #195, #1340, .T. ) ;
#684 = ORIENTED_EDGE ( 'NONE', *, *, #562, .F. ) ;
#685 = CARTESIAN_POINT ( 'NONE',  ( 43.35432056458333960, 37.74020833622383009, -14.08667266822846642 ) ) ;
#686 =( BOUNDED_CURVE ( )  B_SPLINE_CURVE ( 2, ( #1976, #1306, #33, #1181, #1337, #1136, #987 ),
 .UNSPECIFIED., .F., .F. ) 
 B_SPLINE_CURVE_WITH_KNOTS ( ( 3, 2, 2, 3 ),
 ( 0.000000000000000000, 0.0009314618967687371409, 0.01759812856343534460, 0.02593146189676865179 ),
 .UNSPECIFIED. ) 
 CURVE ( )  GEOMETRIC_REPRESENTATION_ITEM ( )  RATIONAL_B_SPLINE_CURVE ( ( 0.9948350649122720268, 0.9972646605900289396, 1.000000000000000000, 0.9510565162951535312, 1.000000000000000000, 0.9755282581475769321, 0.9755282581475768211 ) ) 
 REPRESENTATION_ITEM ( '' )  );
#687 = ADVANCED_FACE ( 'NONE', ( #977 ), #1888, .T. ) ;
#688 = FACE_OUTER_BOUND ( 'NONE', #1368, .T. ) ;
#689 = CARTESIAN_POINT ( 'NONE',  ( -26.79444366807102895, 35.30604166955716749, 36.87938783381629548 ) ) ;
#690 = CARTESIAN_POINT ( 'NONE',  ( 35.07438211632718605, 37.84604166955718085, -25.48303025102238095 ) ) ;
#691 = CARTESIAN_POINT ( 'NONE',  ( 13.75125624968516824, 32.05166666666666941, 42.32201497513433708 ) ) ;
#692 = CARTESIAN_POINT ( 'NONE',  ( -27.50251249937031872, 35.33249999999999602, -37.85396097166577789 ) ) ;
#693 = CARTESIAN_POINT ( 'NONE',  ( 12.63426780505108304, 39.99999999999998579, -41.81006813470220607 ) ) ;
#694 = AXIS2_PLACEMENT_3D ( 'NONE', #1354, #872, #1823 ) ;
#695 = CARTESIAN_POINT ( 'NONE',  ( -13.75125624968516291, 35.49125000578101918, -42.32201497513433708 ) ) ;
#696 = CARTESIAN_POINT ( 'NONE',  ( 43.35432056458334671, 37.52854166955717830, 14.08667266822845576 ) ) ;
#697 = CARTESIAN_POINT ( 'NONE',  ( 7.048107594441828105, 34.38132745375142463, 44.50000000000002132 ) ) ;
#698 = CARTESIAN_POINT ( 'NONE',  ( 13.39722183403552336, 37.74020833622383719, 41.23240908249596259 ) ) ;
#699 = CARTESIAN_POINT ( 'NONE',  ( 29.15062033300837285, 40.00000000000000711, 32.09109605198072046 ) ) ;
#700 = CARTESIAN_POINT ( 'NONE',  ( 26.79444366807103961, 37.31687500289050519, 36.87938783381628838 ) ) ;
#701 = CARTESIAN_POINT ( 'NONE',  ( -3.111920190527341144E-15, 37.23749999999999716, -44.50000000000000000 ) ) ;
#702 = EDGE_CURVE ( 'NONE', #108, #611, #1549, .T. ) ;
#703 = CARTESIAN_POINT ( 'NONE',  ( -44.50000000000000711, 35.64999999999999858, 0.000000000000000000 ) ) ;
#704 = CARTESIAN_POINT ( 'NONE',  ( -7.048107594441903601, 29.77492255202959370, 44.50000000000000000 ) ) ;
#705 = CARTESIAN_POINT ( 'NONE',  ( 36.00125624968516291, 28.29458333911434664, 26.15644372701505205 ) ) ;
#706 = CARTESIAN_POINT ( 'NONE',  ( 13.75125624968515758, 33.16291667244767893, -42.32201497513433708 ) ) ;
#707 = CARTESIAN_POINT ( 'NONE',  ( 8.373907701424337319E-15, 33.40104166955718057, 45.58543033117564391 ) ) ;
#708 = DIRECTION ( 'NONE',  ( 0.000000000000000000, -1.000000000000000000, 0.000000000000000000 ) ) ;
#709 = EDGE_LOOP ( 'NONE', ( #1695, #1987, #1970, #1543 ) ) ;
#710 = CARTESIAN_POINT ( 'NONE',  ( -43.35432056458333960, 39.11604166955716977, -14.08667266822846109 ) ) ;
#711 = DIRECTION ( 'NONE',  ( 0.000000000000000000, 0.000000000000000000, -1.000000000000000000 ) ) ;
#712 = CARTESIAN_POINT ( 'NONE',  ( -43.35432056458333960, 32.34270833622384345, 0.000000000000000000 ) ) ;
#713 = CARTESIAN_POINT ( 'NONE',  ( -13.39722183403551803, 38.79854166955717432, -41.23240908249596259 ) ) ;
#714 = CARTESIAN_POINT ( 'NONE',  ( 42.37317414255583259, 40.00000000000000711, -9.280968083022139936 ) ) ;
#715 = CARTESIAN_POINT ( 'NONE',  ( -13.75125624968515226, 33.95666666666667055, 42.32201497513433708 ) ) ;
#716 = CARTESIAN_POINT ( 'NONE',  ( 27.50251249937032227, 34.53875000578100440, 37.85396097166577789 ) ) ;
#717 = CARTESIAN_POINT ( 'NONE',  ( -35.07438211632719316, 38.48104166955717176, -25.48303025102237385 ) ) ;
#718 = ORIENTED_EDGE ( 'NONE', *, *, #1129, .T. ) ;
#719 = CARTESIAN_POINT ( 'NONE',  ( -3.111920190527341144E-15, 37.23749999999999716, -44.50000000000000000 ) ) ;
#720 = CARTESIAN_POINT ( 'NONE',  ( 43.35432056458334671, 33.29520833622385112, 14.08667266822845754 ) ) ;
#721 = DIRECTION ( 'NONE',  ( 0.000000000000000000, 0.000000000000000000, -1.000000000000000000 ) ) ;
#722 = CIRCLE ( 'NONE', #1166, 50.48250000000000171 ) ;
#723 = VECTOR ( 'NONE', #1430, 1000.000000000000000 ) ;
#724 = VERTEX_POINT ( 'NONE', #266 ) ;
#725 = CARTESIAN_POINT ( 'NONE',  ( 26.79444366807104316, 33.61270833622383947, 36.87938783381628838 ) ) ;
#726 = EDGE_CURVE ( 'NONE', #1165, #195, #478, .T. ) ;
#727 = CARTESIAN_POINT ( 'NONE',  ( -2.791302567141446299E-15, 40.28020833622385055, -45.58543033117564391 ) ) ;
#728 = ORIENTED_EDGE ( 'NONE', *, *, #867, .T. ) ;
#729 = CARTESIAN_POINT ( 'NONE',  ( 13.89412313359613549, 40.00000000000000000, 41.33297229476492163 ) ) ;
#730 = CARTESIAN_POINT ( 'NONE',  ( 35.07438211632718605, 35.72937500289050661, -25.48303025102238095 ) ) ;
#731 = DIRECTION ( 'NONE',  ( -0.000000000000000000, -1.000000000000000000, -0.000000000000000000 ) ) ;
#732 = CARTESIAN_POINT ( 'NONE',  ( 27.50251249937032227, 32.15750000000000597, 37.85396097166577789 ) ) ;
#733 = CARTESIAN_POINT ( 'NONE',  ( -35.07438211632718605, 38.90437500289051087, 25.48303025102238450 ) ) ;
#734 = CARTESIAN_POINT ( 'NONE',  ( 43.35432056458333960, 29.80270833622384075, -14.08667266822846642 ) ) ;
#735 = EDGE_LOOP ( 'NONE', ( #818, #1959, #413, #261 ) ) ;
#736 = CARTESIAN_POINT ( 'NONE',  ( -26.79444366807102895, 30.54354166955717176, 36.87938783381629548 ) ) ;
#737 = CARTESIAN_POINT ( 'NONE',  ( 0.000000000000000000, 0.000000000000000000, 0.000000000000000000 ) ) ;
#738 = CARTESIAN_POINT ( 'NONE',  ( 13.39722183403552336, 30.86104166955717787, 41.23240908249596259 ) ) ;
#739 = CARTESIAN_POINT ( 'NONE',  ( -3.111920190527341144E-15, 30.88750000000000639, -44.50000000000000000 ) ) ;
#740 = CARTESIAN_POINT ( 'NONE',  ( -27.50251249937031872, 31.36375000578101080, -37.85396097166577789 ) ) ;
#741 = CARTESIAN_POINT ( 'NONE',  ( 34.03456275159084754, 40.00000000000001421, 26.86550525088106767 ) ) ;
#742 = CARTESIAN_POINT ( 'NONE',  ( 44.50000000000000711, 30.46416666666666728, -14.45892648236433864 ) ) ;
#743 =( BOUNDED_CURVE ( )  B_SPLINE_CURVE ( 2, ( #1348, #1618, #1515, #1364, #1329, #1006, #330, #967, #1610, #17, #1630, #1779, #682 ),
 .UNSPECIFIED., .F., .F. ) 
 B_SPLINE_CURVE_WITH_KNOTS ( ( 3, 2, 2, 2, 2, 2, 3 ),
 ( 0.2083333333333333426, 0.2166666666666666741, 0.2333333333333333370, 0.2500000000000000000, 0.2666666666666666630, 0.2833333333333333259, 0.2916666666666666852 ),
 .UNSPECIFIED. ) 
 CURVE ( )  GEOMETRIC_REPRESENTATION_ITEM ( )  RATIONAL_B_SPLINE_CURVE ( ( 0.9755282581475768211, 0.9755282581475768211, 1.000000000000000000, 0.9510565162951535312, 1.000000000000000000, 0.9510565162951535312, 1.000000000000000000, 0.9510565162951535312, 1.000000000000000000, 0.9510565162951535312, 1.000000000000000000, 0.9755282581475767101, 0.9755282581475768211 ) ) 
 REPRESENTATION_ITEM ( '' )  );
#744 = CARTESIAN_POINT ( 'NONE',  ( 43.35432056458334671, 35.41187500289051115, 14.08667266822845576 ) ) ;
#745 = CARTESIAN_POINT ( 'NONE',  ( 13.39722183403552336, 29.27354166955717218, 41.23240908249596259 ) ) ;
#746 = CARTESIAN_POINT ( 'NONE',  ( 43.35432056458333960, 33.50687500289051712, -14.08667266822846642 ) ) ;
#747 = ADVANCED_FACE ( 'NONE', ( #7, #631 ), #1274, .T. ) ;
#748 = VERTEX_POINT ( 'NONE', #2026 ) ;
#749 = CARTESIAN_POINT ( 'NONE',  ( 44.50000000000000711, 36.70833333333333570, -5.449678256205721981E-15 ) ) ;
#750 = EDGE_CURVE ( 'NONE', #228, #20, #1059, .T. ) ;
#751 = CARTESIAN_POINT ( 'NONE',  ( -13.39722183403550737, 34.88270833622384259, 41.23240908249596970 ) ) ;
#752 = CARTESIAN_POINT ( 'NONE',  ( 7.048107594441828105, 29.88341078130374484, 44.50000000000002132 ) ) ;
#753 = CARTESIAN_POINT ( 'NONE',  ( 35.07438211632719316, 35.83520833622384316, 25.48303025102237029 ) ) ;
#754 = CARTESIAN_POINT ( 'NONE',  ( -44.50000000000000711, 29.67041667244767567, 14.45892648236434574 ) ) ;
#755 = CARTESIAN_POINT ( 'NONE',  ( 42.76529771624177556, 40.00000000000000000, 7.663506293360142330 ) ) ;
#756 = CARTESIAN_POINT ( 'NONE',  ( 44.50000000000000711, 30.35833333333333783, -5.449678256205721981E-15 ) ) ;
#757 = CARTESIAN_POINT ( 'NONE',  ( 26.79444366807103961, 29.37937500289050519, 36.87938783381628838 ) ) ;
#758 = CARTESIAN_POINT ( 'NONE',  ( -43.35432056458333960, 38.58687500289049410, -14.08667266822846109 ) ) ;
#759 =( BOUNDED_CURVE ( )  B_SPLINE_CURVE ( 2, ( #1821, #986, #1011, #1953, #512, #1625, #530, #501, #1146, #1346, #1637, #864, #1019 ),
 .UNSPECIFIED., .F., .F. ) 
 B_SPLINE_CURVE_WITH_KNOTS ( ( 3, 2, 2, 2, 2, 2, 3 ),
 ( 0.4425981285634352780, 0.4509314618967686927, 0.4675981285634353002, 0.4842647952301020187, 0.5009314618967686261, 0.5175981285634353446, 0.5259314618967686483 ),
 .UNSPECIFIED. ) 
 CURVE ( )  GEOMETRIC_REPRESENTATION_ITEM ( )  RATIONAL_B_SPLINE_CURVE ( ( 0.9755282581475768211, 0.9755282581475765991, 1.000000000000000000, 0.9510565162951535312, 1.000000000000000000, 0.9510565162951535312, 1.000000000000000000, 0.9510565162951535312, 1.000000000000000000, 0.9510565162951535312, 1.000000000000000000, 0.9755282581475769321, 0.9755282581475768211 ) ) 
 REPRESENTATION_ITEM ( '' )  );
#760 = CARTESIAN_POINT ( 'NONE',  ( 35.07438211632719316, 33.71854166955716892, 25.48303025102237029 ) ) ;
#761 = CARTESIAN_POINT ( 'NONE',  ( 26.79444366807103606, 29.48520833622384174, -36.87938783381628838 ) ) ;
#762 = AXIS2_PLACEMENT_3D ( 'NONE', #428, #913, #1557 ) ;
#763 = ORIENTED_EDGE ( 'NONE', *, *, #941, .F. ) ;
#764 = CARTESIAN_POINT ( 'NONE',  ( -13.75125624968515226, 38.45458333911435034, 42.32201497513433708 ) ) ;
#765 = CARTESIAN_POINT ( 'NONE',  ( -27.50251249937030806, 29.61750000000000327, 37.85396097166577789 ) ) ;
#766 = CARTESIAN_POINT ( 'NONE',  ( -7.048107594441856527, 32.15617255781059924, 44.50000000000000000 ) ) ;
#767 = PRODUCT_CONTEXT ( 'NONE', #896, 'mechanical' ) ;
#768 = CARTESIAN_POINT ( 'NONE',  ( 43.35432056458333960, 36.15270833622383861, -14.08667266822846642 ) ) ;
#769 = CARTESIAN_POINT ( 'NONE',  ( -44.50000000000000711, 29.45875000578101677, -14.45892648236433153 ) ) ;
#770 = CARTESIAN_POINT ( 'NONE',  ( -44.50000000000000711, 31.52250000000000085, 14.45892648236434574 ) ) ;
#771 = CARTESIAN_POINT ( 'NONE',  ( 26.81207335050053686, 39.99999999999997868, -34.23983427251637579 ) ) ;
#772 = CARTESIAN_POINT ( 'NONE',  ( -35.07438211632718605, 34.67104166955717659, 25.48303025102238450 ) ) ;
#773 = EDGE_CURVE ( 'NONE', #241, #1035, #1761, .T. ) ;
#774 = CARTESIAN_POINT ( 'NONE',  ( -35.07438211632718605, 33.08354166955717801, 25.48303025102238450 ) ) ;
#775 = CARTESIAN_POINT ( 'NONE',  ( -26.79444366807103961, 34.67104166955716948, -36.87938783381628838 ) ) ;
#776 = CARTESIAN_POINT ( 'NONE',  ( 0.000000000000000000, 31.00000000000001066, -44.50000000000000711 ) ) ;
#777 = CARTESIAN_POINT ( 'NONE',  ( 43.35432056458333960, 33.40104166955718057, -5.309372990862526299E-15 ) ) ;
#778 = ORIENTED_EDGE ( 'NONE', *, *, #346, .T. ) ;
#779 = CARTESIAN_POINT ( 'NONE',  ( 27.50251249937031872, 37.02583333333332405, -37.85396097166577789 ) ) ;
#780 = CARTESIAN_POINT ( 'NONE',  ( -13.39722183403550737, 28.53270833622384473, 41.23240908249596970 ) ) ;
#781 = CARTESIAN_POINT ( 'NONE',  ( 36.00125624968516291, 30.14666666666666828, 26.15644372701505205 ) ) ;
#782 = CARTESIAN_POINT ( 'NONE',  ( -44.50000000000000711, 31.41666666666666785, 0.000000000000000000 ) ) ;
#783 = CARTESIAN_POINT ( 'NONE',  ( 13.39722183403551270, 38.05770833622383975, -41.23240908249596970 ) ) ;
#784 = CARTESIAN_POINT ( 'NONE',  ( -13.39722183403551803, 32.44854166955717290, -41.23240908249596259 ) ) ;
#785 = CARTESIAN_POINT ( 'NONE',  ( -44.25045726288533388, 40.00000000000000000, -4.929943183280958152 ) ) ;
#786 = CARTESIAN_POINT ( 'NONE',  ( -26.79444366807102895, 32.66020833622384600, 36.87938783381629548 ) ) ;
#787 = ORIENTED_EDGE ( 'NONE', *, *, #683, .T. ) ;
#788 = CARTESIAN_POINT ( 'NONE',  ( -15.61382832858411440, 40.00000000000000711, -41.22931660680281141 ) ) ;
#789 = CARTESIAN_POINT ( 'NONE',  ( -44.50000000000000711, 38.13708333911434778, 14.45892648236434574 ) ) ;
#790 = CARTESIAN_POINT ( 'NONE',  ( 43.35432056458334671, 29.59104166955716764, 14.08667266822845576 ) ) ;
#791 = CARTESIAN_POINT ( 'NONE',  ( -27.50251249937032227, 39.83041667244768291, -37.85396097166577789 ) ) ;
#792 = CARTESIAN_POINT ( 'NONE',  ( 4.001040244963724215E-15, 39.61875000578101691, -44.50000000000000000 ) ) ;
#793 = CARTESIAN_POINT ( 'NONE',  ( -43.35432056458333960, 41.33854166955717346, 0.000000000000000000 ) ) ;
#794 = ADVANCED_FACE ( 'NONE', ( #1036 ), #1669, .F. ) ;
#795 = EDGE_LOOP ( 'NONE', ( #1878, #1075, #555, #250, #1900 ) ) ;
#796 = CARTESIAN_POINT ( 'NONE',  ( 27.50251249937031872, 37.29041667244767666, -37.85396097166577789 ) ) ;
#797 = CIRCLE ( 'NONE', #1195, 50.48250000000000171 ) ;
#798 = CARTESIAN_POINT ( 'NONE',  ( 43.35432056458333960, 33.93020833622384202, -5.309372990862526299E-15 ) ) ;
#799 = CARTESIAN_POINT ( 'NONE',  ( 44.50000000000000711, 34.59166666666667567, -5.449678256205721981E-15 ) ) ;
#800 = CIRCLE ( 'NONE', #1860, 39.06000000000000227 ) ;
#801 = CARTESIAN_POINT ( 'NONE',  ( 8.446640517145639571E-15, 38.56041667244767268, 44.50000000000000000 ) ) ;
#802 = CARTESIAN_POINT ( 'NONE',  ( -43.35432056458333960, 32.34270833622384345, 0.000000000000000000 ) ) ;
#803 = CARTESIAN_POINT ( 'NONE',  ( -13.75125624968515226, 40.30666666666667197, 42.32201497513433708 ) ) ;
#804 = CARTESIAN_POINT ( 'NONE',  ( 26.79444366807103606, 40.59770833622382469, -36.87938783381628838 ) ) ;
#805 = CARTESIAN_POINT ( 'NONE',  ( 36.00125624968516291, 39.30125000578100725, -26.15644372701505915 ) ) ;
#806 = CARTESIAN_POINT ( 'NONE',  ( -3.778760231354628329E-14, 34.32708333911434551, 44.50000000000000000 ) ) ;
#807 = CARTESIAN_POINT ( 'NONE',  ( -13.39722183403551803, 40.91520833622384146, -41.23240908249596259 ) ) ;
#808 = VERTEX_POINT ( 'NONE', #235 ) ;
#809 = CARTESIAN_POINT ( 'NONE',  ( -13.75125624968516291, 33.37458333911434494, -42.32201497513433708 ) ) ;
#810 = CARTESIAN_POINT ( 'NONE',  ( 9.113480557972927072E-14, 35.12083333333333712, -44.50000000000000711 ) ) ;
#811 = CARTESIAN_POINT ( 'NONE',  ( 22.25591687538560848, 39.92685557325232537, 38.35404458064054722 ) ) ;
#812 = CARTESIAN_POINT ( 'NONE',  ( -36.00125624968516291, 41.78833333333333400, -26.15644372701505560 ) ) ;
#813 = CARTESIAN_POINT ( 'NONE',  ( 8.373907701424337319E-15, 39.75104166955716778, 45.58543033117564391 ) ) ;
#814 = CARTESIAN_POINT ( 'NONE',  ( 7.048107594441873403, 38.61466078708475180, 44.50000000000000000 ) ) ;
#815 = CARTESIAN_POINT ( 'NONE',  ( 0.000000000000000000, 0.000000000000000000, -50.48250000000000171 ) ) ;
#816 = CARTESIAN_POINT ( 'NONE',  ( -7.353736457510847480, 39.99999999999999289, 43.27374952449844869 ) ) ;
#817 = CARTESIAN_POINT ( 'NONE',  ( 13.39722183403552336, 39.85687500289050433, 41.23240908249596259 ) ) ;
#818 = ORIENTED_EDGE ( 'NONE', *, *, #1575, .T. ) ;
#819 = CARTESIAN_POINT ( 'NONE',  ( -39.52723791943268594, 39.99999999999999289, -20.46878007649868536 ) ) ;
#820 = CARTESIAN_POINT ( 'NONE',  ( 27.50251249937032227, 32.42208333911434437, 37.85396097166577789 ) ) ;
#821 = CARTESIAN_POINT ( 'NONE',  ( -26.79444366807102540, 31.07270833622383677, 36.87938783381629548 ) ) ;
#822 = CARTESIAN_POINT ( 'NONE',  ( 27.50251249937031872, 32.79249999999999687, -37.85396097166577789 ) ) ;
#823 = CARTESIAN_POINT ( 'NONE',  ( 13.39722183403551270, 29.59104166955717830, -41.23240908249596970 ) ) ;
#824 = CARTESIAN_POINT ( 'NONE',  ( -36.00125624968516291, 39.67166666666666686, -26.15644372701505560 ) ) ;
#825 = CARTESIAN_POINT ( 'NONE',  ( -35.07438211632719316, 41.12687500289050746, -25.48303025102237385 ) ) ;
#826 = CARTESIAN_POINT ( 'NONE',  ( -44.50000000000000711, 39.77749999999999631, -14.45892648236433153 ) ) ;
#827 = CARTESIAN_POINT ( 'NONE',  ( -35.07438211632718605, 37.31687500289050519, 25.48303025102238450 ) ) ;
#828 = ORIENTED_EDGE ( 'NONE', *, *, #36, .T. ) ;
#829 = CARTESIAN_POINT ( 'NONE',  ( 27.50251249937032583, 32.42208333911434437, 37.85396097166577789 ) ) ;
#830 = CARTESIAN_POINT ( 'NONE',  ( -44.50000000000000711, 31.57541667244768391, -14.45892648236433153 ) ) ;
#831 = CARTESIAN_POINT ( 'NONE',  ( 0.000000000000000000, 40.00000000000000000, -44.50000000000000711 ) ) ;
#832 = CARTESIAN_POINT ( 'NONE',  ( 0.000000000000000000, 0.000000000000000000, 0.000000000000000000 ) ) ;
#833 = CARTESIAN_POINT ( 'NONE',  ( 7.048107594441828105, 32.00007744797041198, 44.50000000000002132 ) ) ;
#834 = CARTESIAN_POINT ( 'NONE',  ( 8.373907701424337319E-15, 28.63854166955717062, 45.58543033117564391 ) ) ;
#835 = CARTESIAN_POINT ( 'NONE',  ( 26.79444366807103606, 32.13104166955717034, -36.87938783381628838 ) ) ;
#836 = CARTESIAN_POINT ( 'NONE',  ( -3.111920190527341144E-15, 37.50208333911434266, -44.50000000000000000 ) ) ;
#837 = ADVANCED_FACE ( 'NONE', ( #1506 ), #1056, .T. ) ;
#838 = DIRECTION ( 'NONE',  ( 0.000000000000000000, 1.000000000000000000, 0.000000000000000000 ) ) ;
#839 = CARTESIAN_POINT ( 'NONE',  ( -36.00125624968516291, 35.70291667244768519, -26.15644372701505560 ) ) ;
#840 = CARTESIAN_POINT ( 'NONE',  ( 13.75125624968515758, 33.16291667244767893, -42.32201497513433708 ) ) ;
#841 = CARTESIAN_POINT ( 'NONE',  ( 7.048107594441861856, 28.98117255781059853, -44.50000000000000000 ) ) ;
#842 = CARTESIAN_POINT ( 'NONE',  ( -2.791302567141446299E-15, 38.69270833622383066, -45.58543033117564391 ) ) ;
#843 = CARTESIAN_POINT ( 'NONE',  ( 13.39722183403552336, 39.32770833622384288, 41.23240908249596259 ) ) ;
#844 = CARTESIAN_POINT ( 'NONE',  ( 43.35432056458334671, 29.06187500289050263, 14.08667266822845576 ) ) ;
#845 = CARTESIAN_POINT ( 'NONE',  ( 44.50000000000001421, 36.60250000000000625, 14.45892648236432443 ) ) ;
#846 = FACE_OUTER_BOUND ( 'NONE', #1100, .T. ) ;
#847 = ADVANCED_FACE ( 'NONE', ( #109 ), #1830, .T. ) ;
#848 = DIRECTION ( 'NONE',  ( 0.000000000000000000, 0.000000000000000000, -1.000000000000000000 ) ) ;
#849 = CARTESIAN_POINT ( 'NONE',  ( 13.39722183403551270, 38.05770833622383975, -41.23240908249596970 ) ) ;
#850 = CARTESIAN_POINT ( 'NONE',  ( 43.35432056458334671, 35.94104166955716551, 14.08667266822845576 ) ) ;
#851 = CARTESIAN_POINT ( 'NONE',  ( 44.50000000000000711, 38.82500000000000284, -5.449678256205721981E-15 ) ) ;
#852 = FACE_OUTER_BOUND ( 'NONE', #933, .T. ) ;
#853 = CARTESIAN_POINT ( 'NONE',  ( 8.373907701424337319E-15, 39.22187500289051343, 45.58543033117564391 ) ) ;
#854 = EDGE_CURVE ( 'NONE', #1996, #1708, #797, .T. ) ;
#855 = CARTESIAN_POINT ( 'NONE',  ( 13.75125624968516824, 28.08291667244768064, 42.32201497513433708 ) ) ;
#856 = CARTESIAN_POINT ( 'NONE',  ( 43.35432056458333960, 39.85687500289051144, -14.08667266822846642 ) ) ;
#857 = CARTESIAN_POINT ( 'NONE',  ( 43.35432056458333960, 38.26937500289050575, -14.08667266822846642 ) ) ;
#858 = CARTESIAN_POINT ( 'NONE',  ( -27.50251249937031872, 37.44916666666667027, -37.85396097166577789 ) ) ;
#859 = CARTESIAN_POINT ( 'NONE',  ( 44.50000000000001421, 32.63375000578101748, 14.45892648236432443 ) ) ;
#860 = CARTESIAN_POINT ( 'NONE',  ( -35.07438211632719316, 32.66020833622383890, -25.48303025102237385 ) ) ;
#861 = CARTESIAN_POINT ( 'NONE',  ( -35.07438211632718605, 38.90437500289051087, 25.48303025102238450 ) ) ;
#862 = CARTESIAN_POINT ( 'NONE',  ( 8.373907701424337319E-15, 35.51770833622384060, 45.58543033117564391 ) ) ;
#863 = CARTESIAN_POINT ( 'NONE',  ( 26.44891749233663347, 39.99999999999999289, 34.46062091380970571 ) ) ;
#864 = CARTESIAN_POINT ( 'NONE',  ( -7.048107594441903601, 34.27283922447727349, 44.50000000000000000 ) ) ;
#865 = CARTESIAN_POINT ( 'NONE',  ( 8.595196230979485600E-15, 38.29583333333333428, 46.79006897860290337 ) ) ;
#866 = CARTESIAN_POINT ( 'NONE',  ( -13.39722183403551803, 38.26937500289050575, -41.23240908249596259 ) ) ;
#867 = EDGE_CURVE ( 'NONE', #1504, #1733, #1381, .T. ) ;
#868 = ORIENTED_EDGE ( 'NONE', *, *, #854, .F. ) ;
#869 = CARTESIAN_POINT ( 'NONE',  ( 9.113480557972927072E-14, 31.15208333911434124, -44.50000000000000711 ) ) ;
#870 = CARTESIAN_POINT ( 'NONE',  ( -35.07438211632718605, 30.43770833622384231, 25.48303025102238450 ) ) ;
#871 = CARTESIAN_POINT ( 'NONE',  ( 26.79444366807103250, 38.48104166955717176, -36.87938783381628838 ) ) ;
#872 = DIRECTION ( 'NONE',  ( -0.000000000000000000, -1.000000000000000000, -0.000000000000000000 ) ) ;
#873 = CARTESIAN_POINT ( 'NONE',  ( -36.00125624968516291, 33.74500000000000455, 26.15644372701506626 ) ) ;
#874 = EDGE_CURVE ( 'NONE', #1733, #284, #119, .T. ) ;
#875 = EDGE_LOOP ( 'NONE', ( #2003, #1055, #401, #2006 ) ) ;
#876 = CARTESIAN_POINT ( 'NONE',  ( -41.23333495408944316, 40.00000000000001421, 16.76804285719773802 ) ) ;
#877 = DIRECTION ( 'NONE',  ( 0.000000000000000000, 0.000000000000000000, -1.000000000000000000 ) ) ;
#878 = ORIENTED_EDGE ( 'NONE', *, *, #702, .T. ) ;
#879 = CARTESIAN_POINT ( 'NONE',  ( 6.954683499078710085, 40.00000000000002842, 43.17154421095604988 ) ) ;
#880 = CARTESIAN_POINT ( 'NONE',  ( 35.07438211632719316, 35.30604166955717460, 25.48303025102237029 ) ) ;
#881 =( NAMED_UNIT ( * ) PLANE_ANGLE_UNIT ( ) SI_UNIT ( $, .RADIAN. ) );
#882 = CARTESIAN_POINT ( 'NONE',  ( 13.75125624968515758, 32.89833333333333343, -42.32201497513433708 ) ) ;
#883 = CIRCLE ( 'NONE', #1029, 50.48250000000000171 ) ;
#884 = CARTESIAN_POINT ( 'NONE',  ( -35.07438211632719316, 34.77687500289050604, -25.48303025102237385 ) ) ;
#885 = ORIENTED_EDGE ( 'NONE', *, *, #1679, .T. ) ;
#886 = CARTESIAN_POINT ( 'NONE',  ( -13.39722183403551803, 34.03604166955717858, -41.23240908249596259 ) ) ;
#887 = ORIENTED_EDGE ( 'NONE', *, *, #19, .T. ) ;
#888 = CARTESIAN_POINT ( 'NONE',  ( -1.995402807916275334, 40.00000000000001421, 43.77630424383908547 ) ) ;
#889 = CARTESIAN_POINT ( 'NONE',  ( 43.35432056458333960, 31.28437500289050988, -5.309372990862526299E-15 ) ) ;
#890 = DIRECTION ( 'NONE',  ( 0.000000000000000000, 1.000000000000000000, 0.000000000000000000 ) ) ;
#891 = CARTESIAN_POINT ( 'NONE',  ( 13.75125624968515758, 30.78166666666667339, -42.32201497513433708 ) ) ;
#892 = CARTESIAN_POINT ( 'NONE',  ( 13.39722183403551270, 35.94104166955717261, -41.23240908249596970 ) ) ;
#893 =( BOUNDED_CURVE ( )  B_SPLINE_CURVE ( 2, ( #640, #348, #1297, #1917, #1447, #524, #506, #1318, #1802, #1128, #213, #184, #1175 ),
 .UNSPECIFIED., .F., .F. ) 
 B_SPLINE_CURVE_WITH_KNOTS ( ( 3, 2, 2, 2, 2, 2, 3 ),
 ( 0.1092647952301020187, 0.1175981285634353224, 0.1342647952301020409, 0.1509314618967686483, 0.1675981285634353668, 0.1842647952301019743, 0.1925981285634352780 ),
 .UNSPECIFIED. ) 
 CURVE ( )  GEOMETRIC_REPRESENTATION_ITEM ( )  RATIONAL_B_SPLINE_CURVE ( ( 0.9755282581475768211, 0.9755282581475768211, 1.000000000000000000, 0.9510565162951535312, 1.000000000000000000, 0.9510565162951535312, 1.000000000000000000, 0.9510565162951535312, 1.000000000000000000, 0.9510565162951535312, 1.000000000000000000, 0.9755282581475769321, 0.9755282581475768211 ) ) 
 REPRESENTATION_ITEM ( '' )  );
#894 = CARTESIAN_POINT ( 'NONE',  ( -13.39722183403551803, 30.33187500289050931, -41.23240908249596259 ) ) ;
#895 = ORIENTED_EDGE ( 'NONE', *, *, #1129, .F. ) ;
#896 = APPLICATION_CONTEXT ( 'automotive_design' ) ;
#897 = CARTESIAN_POINT ( 'NONE',  ( 43.35432056458334671, 33.29520833622385112, 14.08667266822845576 ) ) ;
#898 = EDGE_CURVE ( 'NONE', #424, #2040, #1474, .T. ) ;
#899 = ORIENTED_EDGE ( 'NONE', *, *, #985, .T. ) ;
#900 = FACE_OUTER_BOUND ( 'NONE', #709, .T. ) ;
#901 = CARTESIAN_POINT ( 'NONE',  ( 26.79444366807103250, 29.48520833622384174, -36.87938783381628838 ) ) ;
#902 = DIRECTION ( 'NONE',  ( 0.000000000000000000, 0.000000000000000000, -1.000000000000000000 ) ) ;
#903 = CARTESIAN_POINT ( 'NONE',  ( -13.75125624968515226, 29.98791667244768178, 42.32201497513433708 ) ) ;
#904 = CARTESIAN_POINT ( 'NONE',  ( 30.78904877944384211, 39.99999999999999289, -30.60995598403964024 ) ) ;
#905 = CARTESIAN_POINT ( 'NONE',  ( 35.07438211632719316, 39.53937500289050888, 25.48303025102237029 ) ) ;
#906 = CARTESIAN_POINT ( 'NONE',  ( -43.35432056458333960, 32.44854166955718000, 14.08667266822847353 ) ) ;
#907 = CARTESIAN_POINT ( 'NONE',  ( -43.35432056458333960, 35.09437500289050149, 14.08667266822847353 ) ) ;
#908 = VERTEX_POINT ( 'NONE', #1744 ) ;
#909 = CARTESIAN_POINT ( 'NONE',  ( -43.35432056458333960, 32.44854166955718000, 14.08667266822847353 ) ) ;
#910 = ORIENTED_EDGE ( 'NONE', *, *, #773, .F. ) ;
#911 = DIRECTION ( 'NONE',  ( -0.000000000000000000, -1.000000000000000000, -0.000000000000000000 ) ) ;
#912 = CARTESIAN_POINT ( 'NONE',  ( 43.35432056458334671, 35.41187500289051115, 14.08667266822845754 ) ) ;
#913 = DIRECTION ( 'NONE',  ( 0.000000000000000000, 0.000000000000000000, 1.000000000000000000 ) ) ;
#914 = CARTESIAN_POINT ( 'NONE',  ( -13.39722183403551803, 34.56520833622384004, -41.23240908249596259 ) ) ;
#915 = CARTESIAN_POINT ( 'NONE',  ( 40.62413743850144954, 39.99999999999999289, 15.15867237741542795 ) ) ;
#916 = CARTESIAN_POINT ( 'NONE',  ( -26.79444366807103961, 34.14187500289050092, -36.87938783381628838 ) ) ;
#917 = LINE ( 'NONE', #1564, #380 ) ;
#918 = FACE_OUTER_BOUND ( 'NONE', #269, .T. ) ;
#919 = AXIS2_PLACEMENT_3D ( 'NONE', #1572, #1443, #12 ) ;
#920 = CARTESIAN_POINT ( 'NONE',  ( 35.07438211632718605, 33.61270833622384657, -25.48303025102238095 ) ) ;
#921 = AXIS2_PLACEMENT_3D ( 'NONE', #495, #1141, #339 ) ;
#922 = ORIENTED_EDGE ( 'NONE', *, *, #237, .T. ) ;
#923 = CARTESIAN_POINT ( 'NONE',  ( 44.50000000000001421, 36.86708333911435176, 14.45892648236432443 ) ) ;
#924 = CARTESIAN_POINT ( 'NONE',  ( 0.000000000000000000, 0.000000000000000000, 0.000000000000000000 ) ) ;
#925 = CARTESIAN_POINT ( 'NONE',  ( -43.35432056458333960, 34.98854166955717204, 0.000000000000000000 ) ) ;
#926 = CARTESIAN_POINT ( 'NONE',  ( 31.98696078705016177, 40.00000000000000000, -29.26485009741838539 ) ) ;
#927 = CARTESIAN_POINT ( 'NONE',  ( 8.595196230979485600E-15, 29.82916666666666572, 46.79006897860290337 ) ) ;
#928 = CARTESIAN_POINT ( 'NONE',  ( 26.79444366807103606, 37.95187500289051030, -36.87938783381628838 ) ) ;
#929 = CARTESIAN_POINT ( 'NONE',  ( -43.35432056458333960, 32.76604166955717545, -14.08667266822846109 ) ) ;
#930 = CARTESIAN_POINT ( 'NONE',  ( -2.791302567141446299E-15, 32.34270833622383634, -45.58543033117564391 ) ) ;
#931 = DIRECTION ( 'NONE',  ( 0.000000000000000000, -1.000000000000000000, 0.000000000000000000 ) ) ;
#932 = CARTESIAN_POINT ( 'NONE',  ( 43.35432056458333960, 31.28437500289050988, -5.309372990862526299E-15 ) ) ;
#933 = EDGE_LOOP ( 'NONE', ( #622, #365, #728, #421 ) ) ;
#934 = CARTESIAN_POINT ( 'NONE',  ( 8.595196230979485600E-15, 38.56041667244767979, 46.79006897860290337 ) ) ;
#935 = CARTESIAN_POINT ( 'NONE',  ( -14.61175392787524352, 31.00000000000001066, -42.03268546204516554 ) ) ;
#936 = CARTESIAN_POINT ( 'NONE',  ( -2.791302567141445904E-15, 34.45937500289051059, -45.58543033117564391 ) ) ;
#937 = CARTESIAN_POINT ( 'NONE',  ( 27.50251249937031872, 28.82375000578101165, -37.85396097166577789 ) ) ;
#938 = CARTESIAN_POINT ( 'NONE',  ( -8.580008525311097072E-14, 31.94583333333333997, 44.50000000000000711 ) ) ;
#939 = CARTESIAN_POINT ( 'NONE',  ( 35.07438211632719316, 33.18937500289050746, 25.48303025102237029 ) ) ;
#940 = CARTESIAN_POINT ( 'NONE',  ( 26.79444366807103606, 30.01437500289050675, -36.87938783381628838 ) ) ;
#941 = EDGE_CURVE ( 'NONE', #567, #80, #1406, .T. ) ;
#942 = CARTESIAN_POINT ( 'NONE',  ( -43.83476752008913024, 39.99999999999999289, -7.802337865920925708 ) ) ;
#943 = CARTESIAN_POINT ( 'NONE',  ( 13.39722183403552336, 37.74020833622383719, 41.23240908249596259 ) ) ;
#944 = ORIENTED_EDGE ( 'NONE', *, *, #1295, .T. ) ;
#945 = CARTESIAN_POINT ( 'NONE',  ( -36.69881246501143579, 40.00000000000000711, -25.06643062298179814 ) ) ;
#946 = CARTESIAN_POINT ( 'NONE',  ( 13.75125624968516824, 36.28500000000000369, 42.32201497513433708 ) ) ;
#947 = CARTESIAN_POINT ( 'NONE',  ( -13.39722183403550737, 35.41187500289051115, 41.23240908249596970 ) ) ;
#948 = FACE_OUTER_BOUND ( 'NONE', #234, .T. ) ;
#949 = CARTESIAN_POINT ( 'NONE',  ( -26.79444366807103961, 32.02520833622383378, -36.87938783381628838 ) ) ;
#950 = CARTESIAN_POINT ( 'NONE',  ( -26.79444366807103961, 30.43770833622383876, -36.87938783381628838 ) ) ;
#951 = CARTESIAN_POINT ( 'NONE',  ( -43.35432056458333960, 41.23270833622384401, -14.08667266822846109 ) ) ;
#952 = CARTESIAN_POINT ( 'NONE',  ( 8.446640517145639571E-15, 34.06250000000000000, 44.50000000000000000 ) ) ;
#953 = CARTESIAN_POINT ( 'NONE',  ( 0.000000000000000000, 31.00000000000001066, 0.000000000000000000 ) ) ;
#954 = CARTESIAN_POINT ( 'NONE',  ( -17.70584192226118603, 39.99999999999997868, 40.34842832672561030 ) ) ;
#955 = CARTESIAN_POINT ( 'NONE',  ( -26.79444366807102895, 37.42270833622384174, 36.87938783381629548 ) ) ;
#956 = STYLED_ITEM ( 'NONE', ( #1105 ), #185 ) ;
#957 = ORIENTED_EDGE ( 'NONE', *, *, #504, .F. ) ;
#958 = CARTESIAN_POINT ( 'NONE',  ( 13.75125624968515758, 35.27958333911434607, -42.32201497513433708 ) ) ;
#959 = AXIS2_PLACEMENT_3D ( 'NONE', #2051, #445, #314 ) ;
#960 = CARTESIAN_POINT ( 'NONE',  ( -13.75125624968516291, 33.10999999999999943, -42.32201497513433708 ) ) ;
#961 = LINE ( 'NONE', #290, #723 ) ;
#962 = CARTESIAN_POINT ( 'NONE',  ( -13.39722183403550737, 30.64937500289051187, 41.23240908249596970 ) ) ;
#963 = CARTESIAN_POINT ( 'NONE',  ( -13.39722183403551803, 30.33187500289050931, -41.23240908249596259 ) ) ;
#964 = ADVANCED_FACE ( 'NONE', ( #900 ), #632, .F. ) ;
#965 = CARTESIAN_POINT ( 'NONE',  ( -13.75125624968516291, 39.72458333911434636, -42.32201497513433708 ) ) ;
#966 = CARTESIAN_POINT ( 'NONE',  ( -44.51515102345634745, 40.00000000000000711, 0.8742061739935204079 ) ) ;
#967 = CARTESIAN_POINT ( 'NONE',  ( 44.50000000000001421, 38.71916666666667339, 14.45892648236432443 ) ) ;
#968 = CARTESIAN_POINT ( 'NONE',  ( 43.35432056458333960, 36.15270833622383861, -14.08667266822846642 ) ) ;
#969 = VERTEX_POINT ( 'NONE', #1901 ) ;
#970 =( BOUNDED_CURVE ( )  B_SPLINE_CURVE ( 2, ( #810, #1450, #644, #1923, #1613, #168, #799, #335, #312, #1442, #11, #628, #952 ),
 .UNSPECIFIED., .F., .T. ) 
 B_SPLINE_CURVE_WITH_KNOTS ( ( 3, 2, 2, 2, 2, 2, 3 ),
 ( 0.5416666666666667407, 0.5500000000000000444, 0.5666666666666666519, 0.5833333333333333703, 0.5999999999999999778, 0.6166666666666666963, 0.6250000000000000000 ),
 .UNSPECIFIED. ) 
 CURVE ( )  GEOMETRIC_REPRESENTATION_ITEM ( )  RATIONAL_B_SPLINE_CURVE ( ( 0.9755282581475768211, 0.9755282581475769321, 1.000000000000000000, 0.9510565162951535312, 1.000000000000000000, 0.9510565162951535312, 1.000000000000000000, 0.9510565162951535312, 1.000000000000000000, 0.9510565162951535312, 1.000000000000000000, 0.9755282581475768211, 0.9755282581475768211 ) ) 
 REPRESENTATION_ITEM ( '' )  );
#971 = ADVANCED_FACE ( 'NONE', ( #1079 ), #1052, .T. ) ;
#972 = CARTESIAN_POINT ( 'NONE',  ( 44.50000000000000711, 32.84541667244768348, -14.45892648236433864 ) ) ;
#973 = CARTESIAN_POINT ( 'NONE',  ( -13.75125624968515226, 33.95666666666667055, 42.32201497513433708 ) ) ;
#974 = CARTESIAN_POINT ( 'NONE',  ( 26.79444366807103606, 29.48520833622384174, -36.87938783381628838 ) ) ;
#975 = CARTESIAN_POINT ( 'NONE',  ( 36.00125624968516291, 41.15333333333333599, -26.15644372701505915 ) ) ;
#976 = CARTESIAN_POINT ( 'NONE',  ( -3.334430245869927312, 39.99999999999997868, -43.76710601397211775 ) ) ;
#977 = FACE_OUTER_BOUND ( 'NONE', #6, .T. ) ;
#978 = CARTESIAN_POINT ( 'NONE',  ( -41.86592341950723295, 39.99999999999999289, 15.08311291978873747 ) ) ;
#979 = CARTESIAN_POINT ( 'NONE',  ( 43.35432056458334671, 38.05770833622384686, 14.08667266822845576 ) ) ;
#980 = DIRECTION ( 'NONE',  ( -0.000000000000000000, -1.000000000000000000, -0.000000000000000000 ) ) ;
#981 = CARTESIAN_POINT ( 'NONE',  ( -33.33503497274993777, 40.00000000000002132, -29.28761321673272988 ) ) ;
#982 = DIRECTION ( 'NONE',  ( -0.000000000000000000, -1.000000000000000000, -0.000000000000000000 ) ) ;
#983 = CARTESIAN_POINT ( 'NONE',  ( -44.50000000000000711, 31.68125000578101691, 0.000000000000000000 ) ) ;
#984 = CARTESIAN_POINT ( 'NONE',  ( 4.783470397469562523E-15, 0.000000000000000000, 39.06000000000000227 ) ) ;
#985 = EDGE_CURVE ( 'NONE', #1834, #1733, #46, .T. ) ;
#986 = CARTESIAN_POINT ( 'NONE',  ( -7.048107594441821888, 33.32299412041808750, -44.50000000000002132 ) ) ;
#987 = CARTESIAN_POINT ( 'NONE',  ( -8.580008525311097072E-14, 27.97708333911434053, 44.50000000000000711 ) ) ;
#988 = CARTESIAN_POINT ( 'NONE',  ( 35.07438211632719316, 31.07270833622384387, 25.48303025102237029 ) ) ;
#989 = CARTESIAN_POINT ( 'NONE',  ( -44.50000000000000711, 39.98916666666666941, 14.45892648236434574 ) ) ;
#990 = CARTESIAN_POINT ( 'NONE',  ( -26.79444366807102895, 39.53937500289050178, 36.87938783381629548 ) ) ;
#991 = CARTESIAN_POINT ( 'NONE',  ( -36.00125624968516291, 39.67166666666666686, -26.15644372701505560 ) ) ;
#992 = CARTESIAN_POINT ( 'NONE',  ( 0.000000000000000000, 0.000000000000000000, -39.06000000000000227 ) ) ;
#993 = CARTESIAN_POINT ( 'NONE',  ( 35.07438211632718605, 36.25854166955717517, -25.48303025102238095 ) ) ;
#994 = ORIENTED_EDGE ( 'NONE', *, *, #2065, .T. ) ;
#995 = CARTESIAN_POINT ( 'NONE',  ( 13.75125624968516824, 32.31625000578101492, 42.32201497513433708 ) ) ;
#996 = CARTESIAN_POINT ( 'NONE',  ( -44.50000000000000711, 33.79791667244767694, 0.000000000000000000 ) ) ;
#997 = CARTESIAN_POINT ( 'NONE',  ( 7.048107594441861856, 35.33117255781059640, -44.50000000000000000 ) ) ;
#998 = CARTESIAN_POINT ( 'NONE',  ( -26.79444366807102895, 37.42270833622384174, 36.87938783381629548 ) ) ;
#999 = VECTOR ( 'NONE', #1760, 1000.000000000000000 ) ;
#1000 = CARTESIAN_POINT ( 'NONE',  ( 43.35432056458333960, 39.75104166955717488, -5.309372990862526299E-15 ) ) ;
#1001 = CARTESIAN_POINT ( 'NONE',  ( 29.15062033300837285, 40.00000000000000711, 32.09109605198072046 ) ) ;
#1002 = PRODUCT_DEFINITION_FORMATION_WITH_SPECIFIED_SOURCE ( 'ANY', '', #468, .NOT_KNOWN. ) ;
#1003 = CARTESIAN_POINT ( 'NONE',  ( -2.791302567141446299E-15, 29.69687500289050774, -45.58543033117564391 ) ) ;
#1004 = CARTESIAN_POINT ( 'NONE',  ( 36.00125624968516291, 38.61333333333332973, 26.15644372701505205 ) ) ;
#1005 = CARTESIAN_POINT ( 'NONE',  ( -8.679028857243521244, 40.00000000000000711, -43.10083039748078448 ) ) ;
#1006 = CARTESIAN_POINT ( 'NONE',  ( 44.50000000000000711, 38.93083333333333229, -14.45892648236433864 ) ) ;
#1007 = FACE_OUTER_BOUND ( 'NONE', #795, .T. ) ;
#1008 = CARTESIAN_POINT ( 'NONE',  ( 13.39722183403552336, 31.39020833622384288, 41.23240908249596259 ) ) ;
#1009 = CARTESIAN_POINT ( 'NONE',  ( -3.111920190527341144E-15, 35.38541667244767552, -44.50000000000000000 ) ) ;
#1010 = CARTESIAN_POINT ( 'NONE',  ( 35.07438211632718605, 36.25854166955717517, -25.48303025102238095 ) ) ;
#1011 = CARTESIAN_POINT ( 'NONE',  ( -13.75125624968516291, 33.37458333911434494, -42.32201497513433708 ) ) ;
#1012 = CARTESIAN_POINT ( 'NONE',  ( 13.75125624968515758, 32.89833333333333343, -42.32201497513433708 ) ) ;
#1013 = CARTESIAN_POINT ( 'NONE',  ( -3.778760231354628329E-14, 38.29583333333333428, 44.50000000000000000 ) ) ;
#1014 = CARTESIAN_POINT ( 'NONE',  ( -44.50000000000000711, 35.75583333333333513, 14.45892648236434574 ) ) ;
#1015 = CARTESIAN_POINT ( 'NONE',  ( -3.778760231354628329E-14, 36.44375000578100554, 44.50000000000000000 ) ) ;
#1016 = CARTESIAN_POINT ( 'NONE',  ( -43.35432056458333960, 38.58687500289049410, -14.08667266822846109 ) ) ;
#1017 = CARTESIAN_POINT ( 'NONE',  ( -35.93569728011021880, 28.83886681320727874, 24.25330436474447993 ) ) ;
#1018 = CARTESIAN_POINT ( 'NONE',  ( -35.07438211632719316, 34.77687500289050604, -25.48303025102237385 ) ) ;
#1019 = CARTESIAN_POINT ( 'NONE',  ( -3.778760231354628329E-14, 34.32708333911434551, 44.50000000000000000 ) ) ;
#1020 = CARTESIAN_POINT ( 'NONE',  ( 43.35432056458334671, 38.05770833622383975, 14.08667266822845754 ) ) ;
#1021 = CARTESIAN_POINT ( 'NONE',  ( -36.00125624968516291, 37.55500000000000682, -26.15644372701505560 ) ) ;
#1022 = CARTESIAN_POINT ( 'NONE',  ( 36.00125624968516291, 36.92000000000000171, -26.15644372701505915 ) ) ;
#1023 = CARTESIAN_POINT ( 'NONE',  ( -26.79444366807103961, 38.37520833622384231, -36.87938783381628838 ) ) ;
#1024 = ORIENTED_EDGE ( 'NONE', *, *, #1925, .F. ) ;
#1025 = CARTESIAN_POINT ( 'NONE',  ( -35.07438211632719316, 36.89354166955717318, -25.48303025102237385 ) ) ;
#1026 = CARTESIAN_POINT ( 'NONE',  ( 19.49427706100777868, 30.99999999999995026, -40.00278942609710953 ) ) ;
#1027 = CARTESIAN_POINT ( 'NONE',  ( -43.35432056458333960, 38.69270833622383776, 0.000000000000000000 ) ) ;
#1028 = CARTESIAN_POINT ( 'NONE',  ( -35.07438211632719316, 39.01020833622384032, -25.48303025102237385 ) ) ;
#1029 = AXIS2_PLACEMENT_3D ( 'NONE', #635, #1420, #2060 ) ;
#1030 = CARTESIAN_POINT ( 'NONE',  ( 44.50000000000000711, 36.81416666666667226, -14.45892648236433864 ) ) ;
#1031 = AXIS2_PLACEMENT_3D ( 'NONE', #924, #890, #1256 ) ;
#1032 = CARTESIAN_POINT ( 'NONE',  ( -43.35432056458333960, 40.80937500289051201, 0.000000000000000000 ) ) ;
#1033 = CARTESIAN_POINT ( 'NONE',  ( 27.50251249937031872, 35.17375000578101663, -37.85396097166577789 ) ) ;
#1034 = FACE_OUTER_BOUND ( 'NONE', #1300, .T. ) ;
#1035 = VERTEX_POINT ( 'NONE', #1487 ) ;
#1036 = FACE_OUTER_BOUND ( 'NONE', #509, .T. ) ;
#1037 = CARTESIAN_POINT ( 'NONE',  ( 8.373907701424338897E-15, 30.75520833622384131, 45.58543033117564391 ) ) ;
#1038 = CARTESIAN_POINT ( 'NONE',  ( 13.75125624968515758, 35.01500000000000767, -42.32201497513433708 ) ) ;
#1039 =( BOUNDED_CURVE ( )  B_SPLINE_CURVE ( 2, ( #1304, #676, #1624, #197, #1937, #1491, #500, #1145, #1651, #1951, #1184 ),
 .UNSPECIFIED., .F., .F. ) 
 B_SPLINE_CURVE_WITH_KNOTS ( ( 3, 2, 2, 2, 2, 3 ),
 ( 0.1925981285634352780, 0.2009314618967686927, 0.2175981285634353002, 0.2342647952301020187, 0.2509314618967687371, 0.2638767498202019834 ),
 .UNSPECIFIED. ) 
 CURVE ( )  GEOMETRIC_REPRESENTATION_ITEM ( )  RATIONAL_B_SPLINE_CURVE ( ( 0.9755282581475768211, 0.9755282581475765991, 1.000000000000000000, 0.9510565162951535312, 1.000000000000000000, 0.9510565162951535312, 1.000000000000000000, 0.9510565162951535312, 1.000000000000000000, 0.9619847506878937970, 0.9830237031149453575 ) ) 
 REPRESENTATION_ITEM ( '' )  );
#1040 = DIRECTION ( 'NONE',  ( 0.000000000000000000, 0.000000000000000000, -1.000000000000000000 ) ) ;
#1041 = ORIENTED_EDGE ( 'NONE', *, *, #1323, .T. ) ;
#1042 = CARTESIAN_POINT ( 'NONE',  ( -37.90986119714056457, 40.00000000000000000, 23.14617387185535335 ) ) ;
#1043 = LINE ( 'NONE', #536, #1228 ) ;
#1044 = ORIENTED_EDGE ( 'NONE', *, *, #282, .F. ) ;
#1045 = CARTESIAN_POINT ( 'NONE',  ( 0.000000000000000000, 40.00000000000000000, -44.50000000000000711 ) ) ;
#1046 = CARTESIAN_POINT ( 'NONE',  ( -26.79444366807103606, 32.02520833622383378, -36.87938783381628838 ) ) ;
#1047 = CARTESIAN_POINT ( 'NONE',  ( -43.35432056458333960, 36.99937500289050263, -14.08667266822846109 ) ) ;
#1048 = CARTESIAN_POINT ( 'NONE',  ( -7.048107594441878732, 38.24158921869626226, 44.50000000000000000 ) ) ;
#1049 = CARTESIAN_POINT ( 'NONE',  ( 39.53640112673578244, 39.99999999999998579, 17.80378934727084683 ) ) ;
#1050 = ADVANCED_FACE ( 'NONE', ( #1034 ), #58, .T. ) ;
#1051 = CARTESIAN_POINT ( 'NONE',  ( -44.50000000000000711, 33.53333333333333854, 0.000000000000000000 ) ) ;
#1052 =( BOUNDED_SURFACE ( )  B_SPLINE_SURFACE ( 1, 2, ( 
 ( #612, #1428, #144, #438, #1417, #1912, #463, #2056, #1255, #1089, #450, #133, #1113, #262, #1101, #934, #764, #1582, #2042, #789, #602, #475, #118, #1720, #1591, #2067, #165, #796, #285, #1244, #623, #923, #1265, #1868, #1696, #1568, #1887, #1441, #8, #1190, #324, #21, #544, #1826, #1132, #381, #958, #1033, #643, #1666, #1795, #1314, #86, #716, #1357, #499, #1622, #487, #1771, #224, #996, #1122, #1612, #179, #809, #334, #706, #1288, #1922, #972, #1949, #859, #188, #820, #1462, #31, #655, #1302, #1144, #1784, #983, #830, #564, #740, #255, #2046, #123, #1104, #1214, #112, #1559, #1386, #584, #1246, #1226, #1700, #903, #289, #1548, #754, #1397, #769, #2032, #1237, #1409, #1892, #2059, #937, #1206, #1198, #76, #1809, #705, #1328, #543, #1189, #1510, #1825, #379, #1517, #1367 ),
 ( #1032, #1665, #1678, #2002, #561, #399, #681, #1967, #1690, #443, #1259, #1072, #905, #1896, #597, #1738, #1702, #1063, #733, #1376, #1574, #758, #148, #104, #114, #419, #783, #928, #267, #2024, #2036, #1239, #1412, #2013, #455, #138, #1400, #1853, #1562, #1550, #256, #575, #301, #1713, #1094, #1728, #892, #1422, #1538, #1106, #1526, #744, #432, #1873, #1217, #126, #1084, #279, #772, #2049, #407, #1389, #586, #916, #292, #605, #1229, #1863, #1249, #1881, #2061, #617, #939, #158, #409, #1691, #587, #1073, #1703, #906, #802, #1148, #313, #949, #514, #181, #55, #1627, #1787, #1595, #479, #1638, #988, #1762, #327, #491, #962, #210, #190, #1137, #1160, #668, #1454, #25, #647, #1003, #823, #974, #1775, #1291, #1927, #844, #1616, #1941, #199, #834, #1476, #44, #1316, #1799, #679 ) ),
 .UNSPECIFIED., .F., .F., .F. ) 
 B_SPLINE_SURFACE_WITH_KNOTS ( ( 2, 2 ),
 ( 3, 2, 2, 2, 2, 2, 2, 2, 2, 2, 2, 2, 2, 2, 2, 2, 2, 2, 2, 2, 2, 2, 2, 2, 2, 2, 2, 2, 2, 2, 2, 2, 2, 2, 2, 2, 2, 2, 2, 2, 2, 2, 2, 2, 2, 2, 2, 2, 2, 2, 2, 2, 2, 2, 2, 2, 2, 2, 2, 2, 3 ),
 ( 0.000000000000000000, 1.000000000000000000 ),
 ( 0.000000000000000000, 0.01666666666666666644, 0.03333333333333333287, 0.05000000000000000278, 0.06666666666666666574, 0.08333333333333332871, 0.1000000000000000056, 0.1166666666666666685, 0.1333333333333333315, 0.1499999999999999944, 0.1666666666666666574, 0.1833333333333333204, 0.2000000000000000111, 0.2166666666666666741, 0.2333333333333333370, 0.2500000000000000000, 0.2666666666666666630, 0.2833333333333333259, 0.2999999999999999889, 0.3166666666666666519, 0.3333333333333333148, 0.3499999999999999778, 0.3666666666666666408, 0.3833333333333333592, 0.4000000000000000222, 0.4166666666666666852, 0.4333333333333333481, 0.4500000000000000111, 0.4666666666666666741, 0.4833333333333333370, 0.5000000000000000000, 0.5166666666666667185, 0.5333333333333333259, 0.5500000000000000444, 0.5666666666666666519, 0.5833333333333333703, 0.5999999999999999778, 0.6166666666666666963, 0.6333333333333333037, 0.6500000000000000222, 0.6666666666666666297, 0.6833333333333333481, 0.6999999999999999556, 0.7166666666666666741, 0.7333333333333332815, 0.7500000000000000000, 0.7666666666666667185, 0.7833333333333333259, 0.8000000000000000444, 0.8166666666666666519, 0.8333333333333333703, 0.8499999999999999778, 0.8666666666666666963, 0.8833333333333333037, 0.9000000000000000222, 0.9166666666666666297, 0.9333333333333333481, 0.9499999999999999556, 0.9666666666666666741, 0.9833333333333332815, 0.9842647952301020187 ),
 .UNSPECIFIED. ) 
 GEOMETRIC_REPRESENTATION_ITEM ( )  RATIONAL_B_SPLINE_SURFACE ( (
 ( 1.000000000000000000, 0.9510565162951535312, 1.000000000000000000, 0.9510565162951535312, 1.000000000000000000, 0.9510565162951535312, 1.000000000000000000, 0.9510565162951535312, 1.000000000000000000, 0.9510565162951535312, 1.000000000000000000, 0.9510565162951535312, 1.000000000000000000, 0.9510565162951535312, 1.000000000000000000, 0.9510565162951535312, 1.000000000000000000, 0.9510565162951535312, 1.000000000000000000, 0.9510565162951535312, 1.000000000000000000, 0.9510565162951535312, 1.000000000000000000, 0.9510565162951535312, 1.000000000000000000, 0.9510565162951535312, 1.000000000000000000, 0.9510565162951535312, 1.000000000000000000, 0.9510565162951535312, 1.000000000000000000, 0.9510565162951535312, 1.000000000000000000, 0.9510565162951535312, 1.000000000000000000, 0.9510565162951535312, 1.000000000000000000, 0.9510565162951535312, 1.000000000000000000, 0.9510565162951535312, 1.000000000000000000, 0.9510565162951535312, 1.000000000000000000, 0.9510565162951535312, 1.000000000000000000, 0.9510565162951535312, 1.000000000000000000, 0.9510565162951535312, 1.000000000000000000, 0.9510565162951535312, 1.000000000000000000, 0.9510565162951535312, 1.000000000000000000, 0.9510565162951535312, 1.000000000000000000, 0.9510565162951535312, 1.000000000000000000, 0.9510565162951535312, 1.000000000000000000, 0.9510565162951535312, 1.000000000000000000, 0.9510565162951535312, 1.000000000000000000, 0.9510565162951535312, 1.000000000000000000, 0.9510565162951535312, 1.000000000000000000, 0.9510565162951535312, 1.000000000000000000, 0.9510565162951535312, 1.000000000000000000, 0.9510565162951535312, 1.000000000000000000, 0.9510565162951535312, 1.000000000000000000, 0.9510565162951535312, 1.000000000000000000, 0.9510565162951535312, 1.000000000000000000, 0.9510565162951535312, 1.000000000000000000, 0.9510565162951535312, 1.000000000000000000, 0.9510565162951535312, 1.000000000000000000, 0.9510565162951535312, 1.000000000000000000, 0.9510565162951535312, 1.000000000000000000, 0.9510565162951535312, 1.000000000000000000, 0.9510565162951535312, 1.000000000000000000, 0.9510565162951535312, 1.000000000000000000, 0.9510565162951535312, 1.000000000000000000, 0.9510565162951535312, 1.000000000000000000, 0.9510565162951535312, 1.000000000000000000, 0.9510565162951535312, 1.000000000000000000, 0.9510565162951535312, 1.000000000000000000, 0.9510565162951535312, 1.000000000000000000, 0.9510565162951535312, 1.000000000000000000, 0.9510565162951535312, 1.000000000000000000, 0.9510565162951535312, 1.000000000000000000, 0.9510565162951535312, 1.000000000000000000, 0.9510565162951535312, 1.000000000000000000, 0.9510565162951535312, 1.000000000000000000, 0.9972646605900289396, 0.9948350649122720268),
 ( 1.000000000000000000, 0.9510565162951535312, 1.000000000000000000, 0.9510565162951535312, 1.000000000000000000, 0.9510565162951535312, 1.000000000000000000, 0.9510565162951535312, 1.000000000000000000, 0.9510565162951535312, 1.000000000000000000, 0.9510565162951535312, 1.000000000000000000, 0.9510565162951535312, 1.000000000000000000, 0.9510565162951535312, 1.000000000000000000, 0.9510565162951535312, 1.000000000000000000, 0.9510565162951535312, 1.000000000000000000, 0.9510565162951535312, 1.000000000000000000, 0.9510565162951535312, 1.000000000000000000, 0.9510565162951535312, 1.000000000000000000, 0.9510565162951535312, 1.000000000000000000, 0.9510565162951535312, 1.000000000000000000, 0.9510565162951535312, 1.000000000000000000, 0.9510565162951535312, 1.000000000000000000, 0.9510565162951535312, 1.000000000000000000, 0.9510565162951535312, 1.000000000000000000, 0.9510565162951535312, 1.000000000000000000, 0.9510565162951535312, 1.000000000000000000, 0.9510565162951535312, 1.000000000000000000, 0.9510565162951535312, 1.000000000000000000, 0.9510565162951535312, 1.000000000000000000, 0.9510565162951535312, 1.000000000000000000, 0.9510565162951535312, 1.000000000000000000, 0.9510565162951535312, 1.000000000000000000, 0.9510565162951535312, 1.000000000000000000, 0.9510565162951535312, 1.000000000000000000, 0.9510565162951535312, 1.000000000000000000, 0.9510565162951535312, 1.000000000000000000, 0.9510565162951535312, 1.000000000000000000, 0.9510565162951535312, 1.000000000000000000, 0.9510565162951535312, 1.000000000000000000, 0.9510565162951535312, 1.000000000000000000, 0.9510565162951535312, 1.000000000000000000, 0.9510565162951535312, 1.000000000000000000, 0.9510565162951535312, 1.000000000000000000, 0.9510565162951535312, 1.000000000000000000, 0.9510565162951535312, 1.000000000000000000, 0.9510565162951535312, 1.000000000000000000, 0.9510565162951535312, 1.000000000000000000, 0.9510565162951535312, 1.000000000000000000, 0.9510565162951535312, 1.000000000000000000, 0.9510565162951535312, 1.000000000000000000, 0.9510565162951535312, 1.000000000000000000, 0.9510565162951535312, 1.000000000000000000, 0.9510565162951535312, 1.000000000000000000, 0.9510565162951535312, 1.000000000000000000, 0.9510565162951535312, 1.000000000000000000, 0.9510565162951535312, 1.000000000000000000, 0.9510565162951535312, 1.000000000000000000, 0.9510565162951535312, 1.000000000000000000, 0.9510565162951535312, 1.000000000000000000, 0.9510565162951535312, 1.000000000000000000, 0.9510565162951535312, 1.000000000000000000, 0.9510565162951535312, 1.000000000000000000, 0.9510565162951535312, 1.000000000000000000, 0.9510565162951535312, 1.000000000000000000, 0.9972646605900289396, 0.9948350649122720268) ) ) 
 REPRESENTATION_ITEM ( '' )  SURFACE ( )  );
#1053 = CARTESIAN_POINT ( 'NONE',  ( -26.79444366807103961, 30.43770833622383876, -36.87938783381628838 ) ) ;
#1054 = CARTESIAN_POINT ( 'NONE',  ( -43.35432056458333960, 40.80937500289051201, 0.000000000000000000 ) ) ;
#1055 = ORIENTED_EDGE ( 'NONE', *, *, #223, .T. ) ;
#1056 = CYLINDRICAL_SURFACE ( 'NONE', #2029, 44.50000000000000711 ) ;
#1057 = CARTESIAN_POINT ( 'NONE',  ( -2.791302567141445904E-15, 31.81354166955717844, -45.58543033117564391 ) ) ;
#1058 = APPLICATION_PROTOCOL_DEFINITION ( 'draft international standard', 'automotive_design', 1998, #1938 ) ;
#1059 = B_SPLINE_CURVE_WITH_KNOTS ( 'NONE', 3,
 ( #578, #876, #434, #1706, #1042, #1220, #259, #1994, #589, #1232, #422, #1086, #1717, #1076, #270, #295, #1578, #320, #1909, #954, #620, #459, #306, #1436, #816, #175, #73, #888, #1192, #1857, #2007, #879, #1983, #539, #2018, #729, #1998, #1499, #1820, #1371, #376, #230, #568, #82, #1211, #863, #414, #699 ),
 .UNSPECIFIED., .F., .F.,
 ( 4, 2, 2, 2, 2, 2, 2, 1, 2, 2, 2, 2, 2, 1, 2, 2, 2, 2, 2, 2, 2, 2, 2, 2, 4 ),
 ( 0.000000000000000000, 0.005396718780998572239, 0.01079343756199714448, 0.01349179695249642062, 0.01619015634299569503, 0.02158687512399424038, 0.02428523451449350612, 0.02698359390499276492, 0.02968195329549202718, 0.03238031268599128598, 0.03777703146698980358, 0.04317375024798832117, 0.04587210963848757650, 0.04857046902898683877, 0.05126882841948609409, 0.05396718780998534942, 0.05936390659098386702, 0.06476062537198237767, 0.06745898476248163300, 0.07015734415298088833, 0.07285570354348014366, 0.07555406293397941286, 0.07825242232447866819, 0.08095078171497792352, 0.08634750049597644805 ),
 .UNSPECIFIED. ) ;
#1060 = CARTESIAN_POINT ( 'NONE',  ( 42.65333798192409631, 40.00000000000000711, -7.892303821221941185 ) ) ;
#1061 = CARTESIAN_POINT ( 'NONE',  ( 36.00125624968516291, 32.26333333333333542, 26.15644372701505205 ) ) ;
#1062 = PRESENTATION_LAYER_ASSIGNMENT (  '', '', ( #956 ) ) ;
#1063 = CARTESIAN_POINT ( 'NONE',  ( -26.79444366807102895, 39.01020833622384743, 36.87938783381629548 ) ) ;
#1064 = CARTESIAN_POINT ( 'NONE',  ( -26.79444366807103961, 32.55437500289050234, -36.87938783381628838 ) ) ;
#1065 = ORIENTED_EDGE ( 'NONE', *, *, #609, .F. ) ;
#1066 = AXIS2_PLACEMENT_3D ( 'NONE', #1330, #520, #1091 ) ;
#1067 = CARTESIAN_POINT ( 'NONE',  ( -35.51568766374862918, 28.31540094681582076, 24.87562527414787183 ) ) ;
#1068 = VERTEX_POINT ( 'NONE', #671 ) ;
#1069 = CARTESIAN_POINT ( 'NONE',  ( -2.791302567141446299E-15, 34.45937500289051059, -45.58543033117564391 ) ) ;
#1070 = CARTESIAN_POINT ( 'NONE',  ( -13.39722183403551803, 29.80270833622384430, -41.23240908249596259 ) ) ;
#1071 = CARTESIAN_POINT ( 'NONE',  ( 43.35432056458333960, 36.04687500289050917, -5.309372990862526299E-15 ) ) ;
#1072 = CARTESIAN_POINT ( 'NONE',  ( 43.35432056458334671, 39.64520833622383122, 14.08667266822845576 ) ) ;
#1073 = CARTESIAN_POINT ( 'NONE',  ( -26.79444366807102895, 32.66020833622384600, 36.87938783381629548 ) ) ;
#1074 = CARTESIAN_POINT ( 'NONE',  ( -26.79444366807102895, 33.18937500289050035, 36.87938783381629548 ) ) ;
#1075 = ORIENTED_EDGE ( 'NONE', *, *, #534, .T. ) ;
#1076 = CARTESIAN_POINT ( 'NONE',  ( -27.00737426549642706, 39.99999999999997158, 34.96228639091848578 ) ) ;
#1077 = CARTESIAN_POINT ( 'NONE',  ( -43.35432056458333960, 34.45937500289051059, 0.000000000000000000 ) ) ;
#1078 = ORIENTED_EDGE ( 'NONE', *, *, #1343, .T. ) ;
#1079 = FACE_OUTER_BOUND ( 'NONE', #1273, .T. ) ;
#1080 = CARTESIAN_POINT ( 'NONE',  ( 43.35432056458333960, 35.62354166955717716, -14.08667266822846642 ) ) ;
#1081 = CARTESIAN_POINT ( 'NONE',  ( -35.07438211632718605, 33.08354166955717801, 25.48303025102238450 ) ) ;
#1082 = CARTESIAN_POINT ( 'NONE',  ( 13.75125624968516824, 29.93500000000000227, 42.32201497513433708 ) ) ;
#1083 = CARTESIAN_POINT ( 'NONE',  ( -13.39722183403550737, 29.06187500289050973, 41.23240908249596970 ) ) ;
#1084 = CARTESIAN_POINT ( 'NONE',  ( -13.39722183403550737, 34.88270833622384259, 41.23240908249596970 ) ) ;
#1085 = CARTESIAN_POINT ( 'NONE',  ( -43.35432056458333960, 32.87187500289051201, 0.000000000000000000 ) ) ;
#1086 = CARTESIAN_POINT ( 'NONE',  ( -29.11317039968487919, 39.99999999999998579, 33.27726650393846342 ) ) ;
#1087 = CARTESIAN_POINT ( 'NONE',  ( -43.35432056458333960, 34.35354166955718114, -14.08667266822846109 ) ) ;
#1088 = VERTEX_POINT ( 'NONE', #1656 ) ;
#1089 = CARTESIAN_POINT ( 'NONE',  ( 44.50000000000000711, 39.19541667244767069, -14.45892648236433864 ) ) ;
#1090 = CARTESIAN_POINT ( 'NONE',  ( -35.51568762505586108, 28.31540094731038693, 24.87562532740390608 ) ) ;
#1091 = DIRECTION ( 'NONE',  ( 0.000000000000000000, 0.000000000000000000, -1.000000000000000000 ) ) ;
#1092 = CARTESIAN_POINT ( 'NONE',  ( 19.49427706100777868, 30.99999999999995026, -40.00278942609710953 ) ) ;
#1093 = CARTESIAN_POINT ( 'NONE',  ( -36.00125624968516291, 33.32166666666666544, -26.15644372701505560 ) ) ;
#1094 = CARTESIAN_POINT ( 'NONE',  ( -13.39722183403551803, 36.15270833622384572, -41.23240908249596259 ) ) ;
#1095 = CARTESIAN_POINT ( 'NONE',  ( 13.39722183403552336, 33.50687500289050291, 41.23240908249596259 ) ) ;
#1096 = CARTESIAN_POINT ( 'NONE',  ( -3.778760231354628329E-14, 36.44375000578100554, 44.50000000000000000 ) ) ;
#1097 = VECTOR ( 'NONE', #1167, 1000.000000000000000 ) ;
#1098 = CARTESIAN_POINT ( 'NONE',  ( -26.79444366807103961, 34.14187500289050092, -36.87938783381628838 ) ) ;
#1099 = VECTOR ( 'NONE', #1615, 1000.000000000000000 ) ;
#1100 = EDGE_LOOP ( 'NONE', ( #1602, #1131, #546, #437 ) ) ;
#1101 = CARTESIAN_POINT ( 'NONE',  ( 13.75125624968516824, 38.66625000578101634, 42.32201497513433708 ) ) ;
#1102 = CARTESIAN_POINT ( 'NONE',  ( 0.000000000000000000, 40.00000000000000000, 0.000000000000000000 ) ) ;
#1103 = CARTESIAN_POINT ( 'NONE',  ( -13.39722183403551803, 36.68187500289050718, -41.23240908249596259 ) ) ;
#1104 = CARTESIAN_POINT ( 'NONE',  ( 27.50251249937031872, 30.94041667244767879, -37.85396097166577789 ) ) ;
#1105 = PRESENTATION_STYLE_ASSIGNMENT (( #1278 ) ) ;
#1106 = CARTESIAN_POINT ( 'NONE',  ( 43.35432056458333960, 35.62354166955717716, -14.08667266822846642 ) ) ;
#1107 = CARTESIAN_POINT ( 'NONE',  ( -26.79444366807102895, 31.07270833622383677, 36.87938783381629548 ) ) ;
#1108 = CYLINDRICAL_SURFACE ( 'NONE', #959, 50.48250000000000171 ) ;
#1109 = CARTESIAN_POINT ( 'NONE',  ( 13.75125624968516824, 38.66625000578101634, 42.32201497513433708 ) ) ;
#1110 = CARTESIAN_POINT ( 'NONE',  ( -2.791302567141446299E-15, 31.81354166955717133, -45.58543033117564391 ) ) ;
#1111 = VERTEX_POINT ( 'NONE', #77 ) ;
#1112 = CARTESIAN_POINT ( 'NONE',  ( -25.19487118388300928, 39.99999999999999289, -36.31910859147210147 ) ) ;
#1113 = CARTESIAN_POINT ( 'NONE',  ( 36.00125624968516291, 38.87791667244768234, 26.15644372701505205 ) ) ;
#1114 = CARTESIAN_POINT ( 'NONE',  ( -35.07438211632718605, 35.20020833622383805, 25.48303025102238450 ) ) ;
#1115 = CARTESIAN_POINT ( 'NONE',  ( -44.50000000000000711, 33.42750000000000199, -14.45892648236433153 ) ) ;
#1116 = CARTESIAN_POINT ( 'NONE',  ( 0.000000000000000000, 31.00000000000001066, 0.000000000000000000 ) ) ;
#1117 = CARTESIAN_POINT ( 'NONE',  ( -35.07438211632718605, 30.96687500289050377, 25.48303025102238450 ) ) ;
#1118 = CARTESIAN_POINT ( 'NONE',  ( -3.111920190527341144E-15, 37.50208333911434266, -44.50000000000000000 ) ) ;
#1119 = CARTESIAN_POINT ( 'NONE',  ( -35.07438211632718605, 35.20020833622383805, 25.48303025102238450 ) ) ;
#1120 = EDGE_LOOP ( 'NONE', ( #630, #763, #1222, #653 ) ) ;
#1121 =( BOUNDED_CURVE ( )  B_SPLINE_CURVE ( 2, ( #464, #1958, #2044, #287, #350, #1803, #1745, #134, #1946, #1154, #453, #766, #1792 ),
 .UNSPECIFIED., .F., .F. ) 
 B_SPLINE_CURVE_WITH_KNOTS ( ( 3, 2, 2, 2, 2, 2, 3 ),
 ( 0.2759314618967686483, 0.2842647952301020631, 0.3009314618967686705, 0.3175981285634353890, 0.3342647952301019965, 0.3509314618967687149, 0.3592647952301020187 ),
 .UNSPECIFIED. ) 
 CURVE ( )  GEOMETRIC_REPRESENTATION_ITEM ( )  RATIONAL_B_SPLINE_CURVE ( ( 0.9755282581475768211, 0.9755282581475765991, 1.000000000000000000, 0.9510565162951535312, 1.000000000000000000, 0.9510565162951535312, 1.000000000000000000, 0.9510565162951535312, 1.000000000000000000, 0.9510565162951535312, 1.000000000000000000, 0.9755282581475768211, 0.9755282581475768211 ) ) 
 REPRESENTATION_ITEM ( '' )  );
#1122 = CARTESIAN_POINT ( 'NONE',  ( -44.50000000000000711, 33.69208333911434039, -14.45892648236433153 ) ) ;
#1123 = FACE_OUTER_BOUND ( 'NONE', #49, .T. ) ;
#1124 =( NAMED_UNIT ( * ) PLANE_ANGLE_UNIT ( ) SI_UNIT ( $, .RADIAN. ) );
#1125 = CARTESIAN_POINT ( 'NONE',  ( -13.75125624968516291, 41.57666666666666799, -42.32201497513433708 ) ) ;
#1126 = CARTESIAN_POINT ( 'NONE',  ( -27.50251249937032227, 37.71375000578100867, -37.85396097166577789 ) ) ;
#1127 = CARTESIAN_POINT ( 'NONE',  ( 44.50000000000001421, 38.98375000578101179, 14.45892648236432443 ) ) ;
#1128 = CARTESIAN_POINT ( 'NONE',  ( -27.50251249937030806, 29.88208333911434877, 37.85396097166577789 ) ) ;
#1129 = EDGE_CURVE ( 'NONE', #108, #1683, #759, .T. ) ;
#1130 = CARTESIAN_POINT ( 'NONE',  ( 43.35432056458333960, 38.16354166955717631, -5.309372990862526299E-15 ) ) ;
#1131 = ORIENTED_EDGE ( 'NONE', *, *, #2053, .T. ) ;
#1132 = CARTESIAN_POINT ( 'NONE',  ( -13.75125624968516291, 35.49125000578101918, -42.32201497513433708 ) ) ;
#1133 = AXIS2_PLACEMENT_3D ( 'NONE', #1102, #731, #902 ) ;
#1134 = CARTESIAN_POINT ( 'NONE',  ( -27.50251249937032227, 33.21583333333333599, -37.85396097166577789 ) ) ;
#1135 = CARTESIAN_POINT ( 'NONE',  ( -41.86592341950723295, 39.99999999999999289, 15.08311291978873747 ) ) ;
#1136 = CARTESIAN_POINT ( 'NONE',  ( -7.048107594441903601, 27.92283922447726852, 44.50000000000000000 ) ) ;
#1137 = CARTESIAN_POINT ( 'NONE',  ( -43.35432056458333960, 30.33187500289050931, 14.08667266822847353 ) ) ;
#1138 = CARTESIAN_POINT ( 'NONE',  ( 43.35432056458333960, 29.80270833622384075, -14.08667266822846642 ) ) ;
#1139 = ADVANCED_BREP_SHAPE_REPRESENTATION ( 'NSCN-Shoulder', ( #185, #762 ), #225 ) ;
#1140 = CARTESIAN_POINT ( 'NONE',  ( 0.000000000000000000, 31.00000000000001066, 0.000000000000000000 ) ) ;
#1141 = DIRECTION ( 'NONE',  ( 0.5594215732959738618, 1.824300192231071123E-06, 0.8288832869154314498 ) ) ;
#1142 = DIRECTION ( 'NONE',  ( 0.000000000000000000, 0.000000000000000000, -1.000000000000000000 ) ) ;
#1143 = CARTESIAN_POINT ( 'NONE',  ( -20.56197406128102756, 40.00000000000000000, -39.07817788802284298 ) ) ;
#1144 = CARTESIAN_POINT ( 'NONE',  ( -36.00125624968516291, 31.89291667244768291, 26.15644372701506626 ) ) ;
#1145 = CARTESIAN_POINT ( 'NONE',  ( 44.50000000000000711, 30.72875000578100924, -14.45892648236433864 ) ) ;
#1146 = CARTESIAN_POINT ( 'NONE',  ( -36.00125624968516291, 34.00958333911434295, 26.15644372701506626 ) ) ;
#1147 = CARTESIAN_POINT ( 'NONE',  ( -13.39722183403550737, 39.64520833622383833, 41.23240908249596970 ) ) ;
#1148 = CARTESIAN_POINT ( 'NONE',  ( -43.35432056458333960, 32.23687500289051400, -14.08667266822846109 ) ) ;
#1149 = CARTESIAN_POINT ( 'NONE',  ( -13.39722183403550737, 31.17854166955717332, 41.23240908249596970 ) ) ;
#1150 = CARTESIAN_POINT ( 'NONE',  ( 16.02382833925606320, 39.99999999999999289, -40.61148630357175904 ) ) ;
#1151 = CARTESIAN_POINT ( 'NONE',  ( -13.39722183403551803, 40.91520833622384146, -41.23240908249596259 ) ) ;
#1152 = CARTESIAN_POINT ( 'NONE',  ( 0.000000000000000000, 40.00000000000000000, 0.000000000000000000 ) ) ;
#1153 = CARTESIAN_POINT ( 'NONE',  ( 26.79444366807104316, 37.84604166955716664, 36.87938783381628838 ) ) ;
#1154 = CARTESIAN_POINT ( 'NONE',  ( -27.50251249937030806, 31.99875000578101236, 37.85396097166577789 ) ) ;
#1155 = CARTESIAN_POINT ( 'NONE',  ( -3.111920190527341144E-15, 39.35416666666666430, -44.50000000000000000 ) ) ;
#1156 = CARTESIAN_POINT ( 'NONE',  ( 13.75125624968515758, 35.27958333911434607, -42.32201497513433708 ) ) ;
#1157 = CARTESIAN_POINT ( 'NONE',  ( 43.35432056458333960, 38.26937500289051286, -14.08667266822846642 ) ) ;
#1158 = DIRECTION ( 'NONE',  ( 0.000000000000000000, 1.000000000000000000, 0.000000000000000000 ) ) ;
#1159 = CARTESIAN_POINT ( 'NONE',  ( -35.07438211632718605, 39.43354166955717943, 25.48303025102238450 ) ) ;
#1160 = CARTESIAN_POINT ( 'NONE',  ( -43.35432056458333960, 30.22604166955717631, 0.000000000000000000 ) ) ;
#1161 = CARTESIAN_POINT ( 'NONE',  ( 27.50251249937032227, 34.27416666666665890, 37.85396097166577789 ) ) ;
#1162 = CARTESIAN_POINT ( 'NONE',  ( -5.126570422459027832, 39.99999999999997868, -43.61788276952898968 ) ) ;
#1163 = LINE ( 'NONE', #57, #1230 ) ;
#1164 = CARTESIAN_POINT ( 'NONE',  ( 13.39722183403552336, 28.74437500289051073, 41.23240908249596259 ) ) ;
#1165 = VERTEX_POINT ( 'NONE', #355 ) ;
#1166 = AXIS2_PLACEMENT_3D ( 'NONE', #1649, #486, #1142 ) ;
#1167 = DIRECTION ( 'NONE',  ( -0.000000000000000000, -1.000000000000000000, -0.000000000000000000 ) ) ;
#1168 = VECTOR ( 'NONE', #982, 1000.000000000000000 ) ;
#1169 = CARTESIAN_POINT ( 'NONE',  ( -26.79444366807103606, 38.37520833622384231, -36.87938783381628838 ) ) ;
#1170 = AXIS2_PLACEMENT_3D ( 'NONE', #953, #1956, #1600 ) ;
#1171 = CARTESIAN_POINT ( 'NONE',  ( -13.75125624968516291, 37.34333333333334082, -42.32201497513433708 ) ) ;
#1172 = EDGE_CURVE ( 'NONE', #322, #1911, #800, .T. ) ;
#1173 = CARTESIAN_POINT ( 'NONE',  ( -27.50251249937031162, 35.96749999999999403, 37.85396097166579210 ) ) ;
#1174 = CARTESIAN_POINT ( 'NONE',  ( 10.03606303022884028, 40.00000000000000000, -42.54496659005494053 ) ) ;
#1175 = CARTESIAN_POINT ( 'NONE',  ( -8.580008525311097072E-14, 30.09375000578101478, 44.50000000000000711 ) ) ;
#1176 = CARTESIAN_POINT ( 'NONE',  ( 0.000000000000000000, 40.00000000000000000, 0.000000000000000000 ) ) ;
#1177 = CARTESIAN_POINT ( 'NONE',  ( -27.50251249937030806, 36.23208333911434664, 37.85396097166577789 ) ) ;
#1178 = CARTESIAN_POINT ( 'NONE',  ( -26.79444366807102895, 39.01020833622384743, 36.87938783381629548 ) ) ;
#1179 = CARTESIAN_POINT ( 'NONE',  ( 27.50251249937032583, 34.53875000578100440, 37.85396097166577789 ) ) ;
#1180 = CARTESIAN_POINT ( 'NONE',  ( 8.373907701424338897E-15, 37.10520833622383918, 45.58543033117564391 ) ) ;
#1181 = CARTESIAN_POINT ( 'NONE',  ( -27.50251249937030806, 27.76541667244767808, 37.85396097166577789 ) ) ;
#1182 = CARTESIAN_POINT ( 'NONE',  ( -13.75125624968516291, 37.34333333333334082, -42.32201497513433708 ) ) ;
#1183 = CARTESIAN_POINT ( 'NONE',  ( 13.39722183403551270, 40.17437500289051400, -41.23240908249596970 ) ) ;
#1184 = CARTESIAN_POINT ( 'NONE',  ( 19.49427706100777868, 30.99999999999995026, -40.00278942609710953 ) ) ;
#1185 = DIRECTION ( 'NONE',  ( 0.000000000000000000, -1.000000000000000000, 0.000000000000000000 ) ) ;
#1186 = CARTESIAN_POINT ( 'NONE',  ( -43.35432056458333960, 36.57604166955717773, 0.000000000000000000 ) ) ;
#1187 = CARTESIAN_POINT ( 'NONE',  ( -13.39722183403550737, 37.52854166955717119, 41.23240908249596970 ) ) ;
#1188 = CARTESIAN_POINT ( 'NONE',  ( 44.50000000000000711, 38.93083333333332519, -14.45892648236433864 ) ) ;
#1189 = CARTESIAN_POINT ( 'NONE',  ( 8.595196230979485600E-15, 27.97708333911434408, 46.79006897860290337 ) ) ;
#1190 = CARTESIAN_POINT ( 'NONE',  ( -44.50000000000000711, 36.02041667244768774, 14.45892648236434574 ) ) ;
#1191 = CARTESIAN_POINT ( 'NONE',  ( 35.07438211632718605, 35.72937500289050661, -25.48303025102238095 ) ) ;
#1192 = CARTESIAN_POINT ( 'NONE',  ( -1.094692313303242681, 39.99999999999998579, 43.79587674067091996 ) ) ;
#1193 = CARTESIAN_POINT ( 'NONE',  ( -35.07438211632718605, 32.55437500289050945, 25.48303025102238450 ) ) ;
#1194 = CARTESIAN_POINT ( 'NONE',  ( 13.39722183403552336, 37.74020833622383719, 41.23240908249596259 ) ) ;
#1195 = AXIS2_PLACEMENT_3D ( 'NONE', #737, #1185, #1361 ) ;
#1196 = CARTESIAN_POINT ( 'NONE',  ( 41.33914971011449069, 39.99999999999998579, 13.14180086088154020 ) ) ;
#1197 = CARTESIAN_POINT ( 'NONE',  ( 8.595196230979485600E-15, 36.17916666666666714, 46.79006897860290337 ) ) ;
#1198 = CARTESIAN_POINT ( 'NONE',  ( 44.50000000000000711, 28.61208333911434565, -14.45892648236433864 ) ) ;
#1199 = ORIENTED_EDGE ( 'NONE', *, *, #1924, .F. ) ;
#1200 = CARTESIAN_POINT ( 'NONE',  ( 35.07438211632718605, 37.84604166955718085, -25.48303025102238095 ) ) ;
#1201 = EDGE_CURVE ( 'NONE', #1165, #2040, #1264, .T. ) ;
#1202 = ORIENTED_EDGE ( 'NONE', *, *, #79, .T. ) ;
#1203 = CARTESIAN_POINT ( 'NONE',  ( 7.048107594441861856, 37.18325588536291804, -44.50000000000000000 ) ) ;
#1204 = CARTESIAN_POINT ( 'NONE',  ( -2.791302567141445904E-15, 33.93020833622383492, -45.58543033117564391 ) ) ;
#1205 = CARTESIAN_POINT ( 'NONE',  ( -2.865065410326494806E-15, 33.00416666666666998, -46.79006897860290337 ) ) ;
#1206 = CARTESIAN_POINT ( 'NONE',  ( 36.00125624968516291, 28.71791667244768220, -26.15644372701505915 ) ) ;
#1207 = CARTESIAN_POINT ( 'NONE',  ( -43.35432056458333960, 30.75520833622384131, 0.000000000000000000 ) ) ;
#1208 = ORIENTED_EDGE ( 'NONE', *, *, #1924, .T. ) ;
#1209 = CARTESIAN_POINT ( 'NONE',  ( 43.35432056458333960, 39.75104166955717488, -5.309372990862526299E-15 ) ) ;
#1210 = ORIENTED_EDGE ( 'NONE', *, *, #1497, .F. ) ;
#1211 = CARTESIAN_POINT ( 'NONE',  ( 24.26482862954845743, 39.99999999999999289, 36.04264502337105114 ) ) ;
#1212 = CARTESIAN_POINT ( 'NONE',  ( 13.39722183403551270, 33.82437500289051258, -41.23240908249596970 ) ) ;
#1213 = DIRECTION ( 'NONE',  ( 0.000000000000000000, 0.000000000000000000, -1.000000000000000000 ) ) ;
#1214 = CARTESIAN_POINT ( 'NONE',  ( 36.00125624968516291, 30.83458333911434579, -26.15644372701505915 ) ) ;
#1215 = CARTESIAN_POINT ( 'NONE',  ( 43.22027676532812990, 40.00000000000002842, -3.689918069366452613 ) ) ;
#1216 = CARTESIAN_POINT ( 'NONE',  ( 27.50251249937031872, 30.67583333333334039, -37.85396097166577789 ) ) ;
#1217 = CARTESIAN_POINT ( 'NONE',  ( 13.39722183403552336, 35.09437500289050860, 41.23240908249596259 ) ) ;
#1218 = CARTESIAN_POINT ( 'NONE',  ( -43.35432056458333960, 32.97770833622383435, 14.08667266822847353 ) ) ;
#1219 = ORIENTED_EDGE ( 'NONE', *, *, #408, .F. ) ;
#1220 = CARTESIAN_POINT ( 'NONE',  ( -36.38707959867073072, 40.00000000000001421, 25.36524651689357768 ) ) ;
#1221 = CARTESIAN_POINT ( 'NONE',  ( -43.35432056458333960, 30.33187500289050931, 14.08667266822847353 ) ) ;
#1222 = ORIENTED_EDGE ( 'NONE', *, *, #369, .F. ) ;
#1223 = CARTESIAN_POINT ( 'NONE',  ( -13.39722183403551803, 34.56520833622384004, -41.23240908249596259 ) ) ;
#1224 = CARTESIAN_POINT ( 'NONE',  ( -43.35432056458333960, 30.33187500289050931, 14.08667266822847353 ) ) ;
#1225 = LINE ( 'NONE', #2009, #2033 ) ;
#1226 = CARTESIAN_POINT ( 'NONE',  ( 13.75125624968516824, 30.19958333911435133, 42.32201497513433708 ) ) ;
#1227 = CARTESIAN_POINT ( 'NONE',  ( 39.82368477716412514, 40.00000000000000711, 17.15174891254721246 ) ) ;
#1228 = VECTOR ( 'NONE', #708, 1000.000000000000000 ) ;
#1229 = CARTESIAN_POINT ( 'NONE',  ( 13.39722183403551270, 33.82437500289051258, -41.23240908249596970 ) ) ;
#1230 = VECTOR ( 'NONE', #1486, 1000.000000000000000 ) ;
#1231 = CARTESIAN_POINT ( 'NONE',  ( 26.79444366807103606, 30.01437500289050675, -36.87938783381628838 ) ) ;
#1232 = CARTESIAN_POINT ( 'NONE',  ( -32.39502151591685930, 40.00000000000000711, 30.21945273244937624 ) ) ;
#1233 = CARTESIAN_POINT ( 'NONE',  ( 26.79444366807104316, 28.85020833622384373, 36.87938783381628838 ) ) ;
#1234 = ORIENTED_EDGE ( 'NONE', *, *, #1575, .F. ) ;
#1235 = CARTESIAN_POINT ( 'NONE',  ( 43.35432056458333960, 33.40104166955718057, -5.309372990862526299E-15 ) ) ;
#1236 = CARTESIAN_POINT ( 'NONE',  ( -43.35432056458333960, 32.97770833622383435, 14.08667266822847353 ) ) ;
#1237 = CARTESIAN_POINT ( 'NONE',  ( -27.50251249937031872, 29.24708333911434366, -37.85396097166577789 ) ) ;
#1238 = CARTESIAN_POINT ( 'NONE',  ( 27.50251249937031872, 32.79249999999999687, -37.85396097166577789 ) ) ;
#1239 = CARTESIAN_POINT ( 'NONE',  ( 43.35432056458334671, 37.52854166955717830, 14.08667266822845576 ) ) ;
#1240 = CARTESIAN_POINT ( 'NONE',  ( 8.373907701424337319E-15, 31.28437500289050988, 45.58543033117564391 ) ) ;
#1241 = ORIENTED_EDGE ( 'NONE', *, *, #1295, .F. ) ;
#1242 = CARTESIAN_POINT ( 'NONE',  ( 43.35432056458333960, 31.39020833622384288, -14.08667266822846642 ) ) ;
#1243 = ORIENTED_EDGE ( 'NONE', *, *, #1356, .T. ) ;
#1244 = CARTESIAN_POINT ( 'NONE',  ( 44.50000000000000711, 37.07875000578101776, -14.45892648236433864 ) ) ;
#1245 = DIRECTION ( 'NONE',  ( -0.000000000000000000, -1.000000000000000000, -0.000000000000000000 ) ) ;
#1246 = CARTESIAN_POINT ( 'NONE',  ( 27.50251249937032227, 30.30541667244767723, 37.85396097166577789 ) ) ;
#1247 = CARTESIAN_POINT ( 'NONE',  ( 35.58439825129389078, 40.00000000000000711, -24.80731485238663225 ) ) ;
#1248 = CARTESIAN_POINT ( 'NONE',  ( 23.17627875602116561, 40.00000000000000000, -36.83758666432417073 ) ) ;
#1249 = CARTESIAN_POINT ( 'NONE',  ( 35.07438211632718605, 33.61270833622384657, -25.48303025102238095 ) ) ;
#1250 = CARTESIAN_POINT ( 'NONE',  ( -13.39722183403551803, 34.56520833622384004, -41.23240908249596259 ) ) ;
#1251 = CARTESIAN_POINT ( 'NONE',  ( -42.86114460609194055, 39.99999999999999289, -12.05512436349592065 ) ) ;
#1252 = CARTESIAN_POINT ( 'NONE',  ( 43.35432056458333960, 29.16770833622384274, -5.309372990862526299E-15 ) ) ;
#1253 =( BOUNDED_CURVE ( )  B_SPLINE_CURVE ( 2, ( #1819, #1473, #855, #374, #71, #41, #1805, #665, #1796, #207, #1332, #841, #1482 ),
 .UNSPECIFIED., .F., .F. ) 
 B_SPLINE_CURVE_WITH_KNOTS ( ( 3, 2, 2, 2, 2, 2, 3 ),
 ( 0.02593146189676864832, 0.03426479523010206307, 0.05093146189676867053, 0.06759812856343538900, 0.08426479523010199646, 0.1009314618967687149, 0.1092647952301020187 ),
 .UNSPECIFIED. ) 
 CURVE ( )  GEOMETRIC_REPRESENTATION_ITEM ( )  RATIONAL_B_SPLINE_CURVE ( ( 0.9755282581475768211, 0.9755282581475765991, 1.000000000000000000, 0.9510565162951535312, 1.000000000000000000, 0.9510565162951535312, 1.000000000000000000, 0.9510565162951535312, 1.000000000000000000, 0.9510565162951535312, 1.000000000000000000, 0.9755282581475768211, 0.9755282581475768211 ) ) 
 REPRESENTATION_ITEM ( '' )  );
#1254 = ORIENTED_EDGE ( 'NONE', *, *, #1584, .F. ) ;
#1255 = CARTESIAN_POINT ( 'NONE',  ( 36.00125624968516291, 39.30125000578100725, -26.15644372701505915 ) ) ;
#1256 = DIRECTION ( 'NONE',  ( 0.000000000000000000, -0.000000000000000000, 1.000000000000000000 ) ) ;
#1257 = CARTESIAN_POINT ( 'NONE',  ( 35.07438211632718605, 36.25854166955717517, -25.48303025102238095 ) ) ;
#1258 = SURFACE_STYLE_FILL_AREA ( #157 ) ;
#1259 = CARTESIAN_POINT ( 'NONE',  ( 43.35432056458333960, 39.75104166955717488, -5.309372990862526299E-15 ) ) ;
#1260 = CARTESIAN_POINT ( 'NONE',  ( -36.00125624968516291, 38.24291667244768433, 26.15644372701506626 ) ) ;
#1261 = CARTESIAN_POINT ( 'NONE',  ( 13.75125624968516824, 36.54958333911434210, 42.32201497513433708 ) ) ;
#1262 = CARTESIAN_POINT ( 'NONE',  ( -26.79444366807103961, 29.90854166955717730, -36.87938783381628838 ) ) ;
#1263 = ORIENTED_EDGE ( 'NONE', *, *, #452, .F. ) ;
#1264 =( BOUNDED_CURVE ( )  B_SPLINE_CURVE ( 2, ( #1475, #1786, #43, #856, #1000, #666, #209, #1336, #843, #53, #678, #377, #1500, #74, #1027, #1975, #1326, #1169, #1807, #1305, #83, #1644, #690, #216, #1984, #1493, #64, #700, #540, #1180, #1939, #1814, #370, #1653, #1186, #1663, #231, #1507, #1545, #120, #100, #242, #730, #1080, #1849, #912, #880, #236, #1990, #547, #751, #2008, #1395, #1353, #1362, #1675, #2030, #594, #1521, #1204, #1212, #1556, #1514, #1709, #1235, #720, #1999, #559, #387, #2019, #1372, #274, #1193, #90, #712, #394, #570, #1046, #405, #1057, #1840, #1685, #253, #1831, #889, #1534, #110, #1383, #738, #1037, #1670, #581, #870, #1224, #1858, #1869, #415, #427, #1070, #1697, #263, #901, #439, #508, #145, #518, #359, #1569, #1164, #672, #780, #1418, #1889, #1090, #9 ),
 .UNSPECIFIED., .F., .F. ) 
 B_SPLINE_CURVE_WITH_KNOTS ( ( 3, 2, 2, 2, 2, 2, 2, 2, 2, 2, 2, 2, 2, 2, 2, 2, 2, 2, 2, 2, 2, 2, 2, 2, 2, 2, 2, 2, 2, 2, 2, 2, 2, 2, 2, 2, 2, 2, 2, 2, 2, 2, 2, 2, 2, 2, 2, 2, 2, 2, 2, 2, 2, 2, 2, 2, 2, 3 ),
 ( 0.06365204270398977515, 0.06666666666666666574, 0.08333333333333332871, 0.1000000000000000056, 0.1166666666666666685, 0.1333333333333333315, 0.1499999999999999944, 0.1666666666666666574, 0.1833333333333333204, 0.1999999999999999833, 0.2166666666666666741, 0.2333333333333333370, 0.2500000000000000000, 0.2666666666666666630, 0.2833333333333333259, 0.3000000000000000444, 0.3166666666666666519, 0.3333333333333333148, 0.3499999999999999778, 0.3666666666666666408, 0.3833333333333333592, 0.4000000000000000222, 0.4166666666666666852, 0.4333333333333333481, 0.4500000000000000111, 0.4666666666666666741, 0.4833333333333333370, 0.5000000000000000000, 0.5166666666666667185, 0.5333333333333333259, 0.5500000000000000444, 0.5666666666666666519, 0.5833333333333332593, 0.5999999999999998668, 0.6166666666666666963, 0.6333333333333333037, 0.6499999999999999112, 0.6666666666666665186, 0.6833333333333333481, 0.6999999999999999556, 0.7166666666666665630, 0.7333333333333331705, 0.7500000000000000000, 0.7666666666666666075, 0.7833333333333332149, 0.8000000000000000444, 0.8166666666666666519, 0.8333333333333332593, 0.8499999999999998668, 0.8666666666666666963, 0.8833333333333333037, 0.8999999999999999112, 0.9166666666666665186, 0.9333333333333333481, 0.9499999999999999556, 0.9666666666666665630, 0.9833333333333331705, 0.9842647952301020187 ),
 .UNSPECIFIED. ) 
 CURVE ( )  GEOMETRIC_REPRESENTATION_ITEM ( )  RATIONAL_B_SPLINE_CURVE ( ( 0.9854969895514686939, 0.9911472280723889750, 1.000000000000000000, 0.9510565162951535312, 1.000000000000000000, 0.9510565162951535312, 1.000000000000000000, 0.9510565162951535312, 1.000000000000000000, 0.9510565162951535312, 1.000000000000000000, 0.9510565162951535312, 1.000000000000000000, 0.9510565162951535312, 1.000000000000000000, 0.9510565162951535312, 1.000000000000000000, 0.9510565162951535312, 1.000000000000000000, 0.9510565162951535312, 1.000000000000000000, 0.9510565162951535312, 1.000000000000000000, 0.9510565162951535312, 1.000000000000000000, 0.9510565162951535312, 1.000000000000000000, 0.9510565162951535312, 1.000000000000000000, 0.9510565162951535312, 1.000000000000000000, 0.9510565162951535312, 1.000000000000000000, 0.9510565162951535312, 1.000000000000000000, 0.9510565162951535312, 1.000000000000000000, 0.9510565162951535312, 1.000000000000000000, 0.9510565162951535312, 1.000000000000000000, 0.9510565162951535312, 1.000000000000000000, 0.9510565162951535312, 1.000000000000000000, 0.9510565162951535312, 1.000000000000000000, 0.9510565162951535312, 1.000000000000000000, 0.9510565162951535312, 1.000000000000000000, 0.9510565162951535312, 1.000000000000000000, 0.9510565162951535312, 1.000000000000000000, 0.9510565162951535312, 1.000000000000000000, 0.9510565162951535312, 1.000000000000000000, 0.9510565162951535312, 1.000000000000000000, 0.9510565162951535312, 1.000000000000000000, 0.9510565162951535312, 1.000000000000000000, 0.9510565162951535312, 1.000000000000000000, 0.9510565162951535312, 1.000000000000000000, 0.9510565162951535312, 1.000000000000000000, 0.9510565162951535312, 1.000000000000000000, 0.9510565162951535312, 1.000000000000000000, 0.9510565162951535312, 1.000000000000000000, 0.9510565162951535312, 1.000000000000000000, 0.9510565162951535312, 1.000000000000000000, 0.9510565162951535312, 1.000000000000000000, 0.9510565162951535312, 1.000000000000000000, 0.9510565162951535312, 1.000000000000000000, 0.9510565162951535312, 1.000000000000000000, 0.9510565162951535312, 1.000000000000000000, 0.9510565162951535312, 1.000000000000000000, 0.9510565162951535312, 1.000000000000000000, 0.9510565162951535312, 1.000000000000000000, 0.9510565162951535312, 1.000000000000000000, 0.9510565162951535312, 1.000000000000000000, 0.9510565162951535312, 1.000000000000000000, 0.9510565162951535312, 1.000000000000000000, 0.9510565162951535312, 1.000000000000000000, 0.9510565162951535312, 1.000000000000000000, 0.9510565162951535312, 1.000000000000000000, 0.9510565162951535312, 1.000000000000000000, 0.9972646605900289396, 0.9948350649122720268 ) ) 
 REPRESENTATION_ITEM ( '' )  );
#1265 = CARTESIAN_POINT ( 'NONE',  ( 36.00125624968516291, 36.76125000578100810, 26.15644372701505205 ) ) ;
#1266 = ADVANCED_FACE ( 'NONE', ( #1320 ), #1723, .T. ) ;
#1267 = CARTESIAN_POINT ( 'NONE',  ( 13.39722183403552336, 35.62354166955717716, 41.23240908249596259 ) ) ;
#1268 = CYLINDRICAL_SURFACE ( 'NONE', #1401, 44.50000000000000711 ) ;
#1269 = CARTESIAN_POINT ( 'NONE',  ( -35.93569727667694735, 28.83886681325387613, 24.25330436983150406 ) ) ;
#1270 = DIRECTION ( 'NONE',  ( 0.000000000000000000, -1.000000000000000000, 0.000000000000000000 ) ) ;
#1271 = DIRECTION ( 'NONE',  ( 0.000000000000000000, 0.000000000000000000, 1.000000000000000000 ) ) ;
#1272 = CARTESIAN_POINT ( 'NONE',  ( -26.79444366807102895, 35.30604166955716749, 36.87938783381629548 ) ) ;
#1273 = EDGE_LOOP ( 'NONE', ( #1529, #1838, #1041, #474, #2066, #39, #390, #944, #69, #718, #778, #828, #403, #1948, #2015, #787, #557 ) ) ;
#1274 = PLANE ( 'NONE',  #1764 ) ;
#1275 = CARTESIAN_POINT ( 'NONE',  ( -35.93569720648110888, 28.30970014753998143, 24.25330447383941390 ) ) ;
#1276 = CARTESIAN_POINT ( 'NONE',  ( 13.39722183403552336, 33.50687500289050291, 41.23240908249596259 ) ) ;
#1277 = CARTESIAN_POINT ( 'NONE',  ( -44.50000000000000711, 33.63916666666666799, 14.45892648236434574 ) ) ;
#1278 = SURFACE_STYLE_USAGE ( .BOTH. , #1880 ) ;
#1279 = CARTESIAN_POINT ( 'NONE',  ( 35.07438211632719316, 29.48520833622383819, 25.48303025102237029 ) ) ;
#1280 = CARTESIAN_POINT ( 'NONE',  ( -35.07438211632719316, 30.54354166955717531, -25.48303025102237385 ) ) ;
#1281 = CARTESIAN_POINT ( 'NONE',  ( 35.07438211632719316, 40.06854166955717034, 25.48303025102237029 ) ) ;
#1282 = CARTESIAN_POINT ( 'NONE',  ( -41.47947360914256620, 40.00000000000000000, -16.18076036012017127 ) ) ;
#1283 = CARTESIAN_POINT ( 'NONE',  ( 5.449678256205721981E-15, 31.00000000000001066, 44.50000000000000711 ) ) ;
#1284 = CARTESIAN_POINT ( 'NONE',  ( 43.35432056458333960, 36.04687500289050917, -5.309372990862526299E-15 ) ) ;
#1285 = ORIENTED_EDGE ( 'NONE', *, *, #1816, .T. ) ;
#1286 = CARTESIAN_POINT ( 'NONE',  ( -32.10585719711721708, 40.00000000000000711, -30.59587223430416358 ) ) ;
#1287 = CARTESIAN_POINT ( 'NONE',  ( -7.048107594441821888, 35.17507744797040914, -44.50000000000002132 ) ) ;
#1288 = CARTESIAN_POINT ( 'NONE',  ( 27.50251249937031872, 33.05708333911434949, -37.85396097166577789 ) ) ;
#1289 = CARTESIAN_POINT ( 'NONE',  ( -3.111920190527341144E-15, 29.03541667244767766, -44.50000000000000000 ) ) ;
#1290 = LINE ( 'NONE', #645, #999 ) ;
#1291 = CARTESIAN_POINT ( 'NONE',  ( 43.35432056458333960, 29.27354166955717929, -14.08667266822846642 ) ) ;
#1292 = CARTESIAN_POINT ( 'NONE',  ( 13.75125624968515758, 41.36500000000000909, -42.32201497513433708 ) ) ;
#1293 = CARTESIAN_POINT ( 'NONE',  ( 17.67892960619505516, 40.00000000000000000, -39.89270374929417784 ) ) ;
#1294 = CARTESIAN_POINT ( 'NONE',  ( -44.50000000000000711, 38.13708333911434778, 14.45892648236434574 ) ) ;
#1295 = EDGE_CURVE ( 'NONE', #1035, #724, #1121, .T. ) ;
#1296 = CARTESIAN_POINT ( 'NONE',  ( -42.35842899044095589, 40.00000000000000000, 13.71743258192056736 ) ) ;
#1297 = CARTESIAN_POINT ( 'NONE',  ( -13.75125624968516291, 29.14125000578101421, -42.32201497513433708 ) ) ;
#1298 = CARTESIAN_POINT ( 'NONE',  ( -43.35432056458333960, 39.11604166955716977, -14.08667266822846109 ) ) ;
#1299 = AXIS2_PLACEMENT_3D ( 'NONE', #1513, #89, #711 ) ;
#1300 = EDGE_LOOP ( 'NONE', ( #95, #994, #1589, #1219 ) ) ;
#1301 = CARTESIAN_POINT ( 'NONE',  ( -35.93569728011021880, 28.83886681320727874, 24.25330436474447993 ) ) ;
#1302 = CARTESIAN_POINT ( 'NONE',  ( -27.50251249937031162, 31.99875000578101236, 37.85396097166579210 ) ) ;
#1303 = CARTESIAN_POINT ( 'NONE',  ( -43.35432056458333960, 30.64937500289050476, -14.08667266822846109 ) ) ;
#1304 = CARTESIAN_POINT ( 'NONE',  ( -8.580008525311097072E-14, 30.09375000578101478, 44.50000000000000711 ) ) ;
#1305 = CARTESIAN_POINT ( 'NONE',  ( -2.791302567141445904E-15, 38.16354166955717631, -45.58543033117564391 ) ) ;
#1306 = CARTESIAN_POINT ( 'NONE',  ( -36.45422367905986505, 27.65394261686756039, 25.53298754666143111 ) ) ;
#1307 = CARTESIAN_POINT ( 'NONE',  ( -27.50251249937031872, 39.56583333333333741, -37.85396097166577789 ) ) ;
#1308 = CARTESIAN_POINT ( 'NONE',  ( -7.048107594441868073, 39.40841078130374342, -44.50000000000000000 ) ) ;
#1309 = CARTESIAN_POINT ( 'NONE',  ( 43.35432056458334671, 35.94104166955716551, 14.08667266822845576 ) ) ;
#1310 = DIRECTION ( 'NONE',  ( -0.000000000000000000, -1.000000000000000000, -0.000000000000000000 ) ) ;
#1311 = EDGE_CURVE ( 'NONE', #97, #247, #472, .T. ) ;
#1312 = ORIENTED_EDGE ( 'NONE', *, *, #223, .F. ) ;
#1313 = CARTESIAN_POINT ( 'NONE',  ( 44.50000000000000711, 32.84541667244768348, -14.45892648236433864 ) ) ;
#1314 = CARTESIAN_POINT ( 'NONE',  ( 44.50000000000001421, 34.75041667244767041, 14.45892648236432443 ) ) ;
#1315 = CARTESIAN_POINT ( 'NONE',  ( -3.778760231354628329E-14, 34.32708333911434551, 44.50000000000000000 ) ) ;
#1316 = CARTESIAN_POINT ( 'NONE',  ( -35.07438211632718605, 28.32104166955717872, 25.48303025102238450 ) ) ;
#1317 = CARTESIAN_POINT ( 'NONE',  ( -13.39722183403550737, 29.06187500289050973, 41.23240908249596970 ) ) ;
#1318 = CARTESIAN_POINT ( 'NONE',  ( -44.50000000000000711, 29.67041667244767567, 14.45892648236434574 ) ) ;
#1319 = CARTESIAN_POINT ( 'NONE',  ( -13.39722183403550737, 35.41187500289051115, 41.23240908249596970 ) ) ;
#1320 = FACE_OUTER_BOUND ( 'NONE', #1358, .T. ) ;
#1321 = VERTEX_POINT ( 'NONE', #490 ) ;
#1322 = CYLINDRICAL_SURFACE ( 'NONE', #249, 44.50000000000000711 ) ;
#1323 = EDGE_CURVE ( 'NONE', #567, #599, #686, .T. ) ;
#1324 = CARTESIAN_POINT ( 'NONE',  ( -35.93569720648110888, 28.30970014753998143, 24.25330447383941390 ) ) ;
#1325 = CARTESIAN_POINT ( 'NONE',  ( -13.39722183403551803, 36.68187500289050718, -41.23240908249596259 ) ) ;
#1326 = CARTESIAN_POINT ( 'NONE',  ( -35.07438211632719316, 38.48104166955717176, -25.48303025102237385 ) ) ;
#1327 = CARTESIAN_POINT ( 'NONE',  ( 27.50251249937032227, 36.39083333333333314, 37.85396097166577789 ) ) ;
#1328 = CARTESIAN_POINT ( 'NONE',  ( 27.50251249937032227, 28.18875000578101364, 37.85396097166577789 ) ) ;
#1329 = CARTESIAN_POINT ( 'NONE',  ( 36.00125624968516291, 39.03666666666666885, -26.15644372701505915 ) ) ;
#1330 = CARTESIAN_POINT ( 'NONE',  ( 0.000000000000000000, 31.00000000000001066, 0.000000000000000000 ) ) ;
#1331 = CARTESIAN_POINT ( 'NONE',  ( 26.79444366807104316, 37.31687500289051229, 36.87938783381628838 ) ) ;
#1332 = CARTESIAN_POINT ( 'NONE',  ( 13.75125624968515758, 28.92958333911434821, -42.32201497513433708 ) ) ;
#1333 = CARTESIAN_POINT ( 'NONE',  ( -26.79444366807103961, 38.90437500289051087, -36.87938783381628838 ) ) ;
#1334 = AXIS2_PLACEMENT_3D ( 'NONE', #111, #440, #1213 ) ;
#1335 = PRODUCT_RELATED_PRODUCT_CATEGORY ( 'part', '', ( #468 ) ) ;
#1336 = CARTESIAN_POINT ( 'NONE',  ( 26.79444366807103961, 39.43354166955717943, 36.87938783381628838 ) ) ;
#1337 = CARTESIAN_POINT ( 'NONE',  ( -13.75125624968515226, 27.87125000578101464, 42.32201497513433708 ) ) ;
#1338 = UNCERTAINTY_MEASURE_WITH_UNIT (LENGTH_MEASURE( 1.000000000000000082E-05 ), #2068, 'distance_accuracy_value', 'NONE');
#1339 = CARTESIAN_POINT ( 'NONE',  ( 13.75125624968515758, 37.13166666666666771, -42.32201497513433708 ) ) ;
#1340 =( BOUNDED_CURVE ( )  B_SPLINE_CURVE ( 2, ( #1789, #649, #965, #791, #1907, #1929, #470 ),
 .UNSPECIFIED., .F., .F. ) 
 B_SPLINE_CURVE_WITH_KNOTS ( ( 3, 2, 2, 3 ),
 ( 0.9425981285634353890, 0.9509314618967686927, 0.9675981285634353002, 0.9726866090366312889 ),
 .UNSPECIFIED. ) 
 CURVE ( )  GEOMETRIC_REPRESENTATION_ITEM ( )  RATIONAL_B_SPLINE_CURVE ( ( 0.9755282581475768211, 0.9755282581475769321, 1.000000000000000000, 0.9510565162951535312, 1.000000000000000000, 0.9850571223326620718, 0.9792386296121567968 ) ) 
 REPRESENTATION_ITEM ( '' )  );
#1341 = CARTESIAN_POINT ( 'NONE',  ( -43.35432056458333960, 36.68187500289050718, 14.08667266822847353 ) ) ;
#1342 = EDGE_CURVE ( 'NONE', #748, #284, #531, .T. ) ;
#1343 = EDGE_CURVE ( 'NONE', #611, #969, #526, .T. ) ;
#1344 = CARTESIAN_POINT ( 'NONE',  ( 36.00125624968516291, 34.64458333911434806, 26.15644372701505205 ) ) ;
#1345 = CARTESIAN_POINT ( 'NONE',  ( 13.75125624968515758, 31.04625000578101179, -42.32201497513433708 ) ) ;
#1346 = CARTESIAN_POINT ( 'NONE',  ( -27.50251249937030806, 34.11541667244767950, 37.85396097166577789 ) ) ;
#1347 = CARTESIAN_POINT ( 'NONE',  ( -2.791302567141445904E-15, 38.69270833622383066, -45.58543033117564391 ) ) ;
#1348 = CARTESIAN_POINT ( 'NONE',  ( -3.111920190527341144E-15, 39.35416666666666430, -44.50000000000000000 ) ) ;
#1349 = CARTESIAN_POINT ( 'NONE',  ( 13.75125624968516824, 34.16833333333333655, 42.32201497513433708 ) ) ;
#1350 = CARTESIAN_POINT ( 'NONE',  ( -26.79444366807103961, 36.25854166955717517, -36.87938783381628838 ) ) ;
#1351 = VERTEX_POINT ( 'NONE', #667 ) ;
#1352 = CARTESIAN_POINT ( 'NONE',  ( 13.39722183403552336, 35.62354166955717716, 41.23240908249596259 ) ) ;
#1353 = CARTESIAN_POINT ( 'NONE',  ( -43.35432056458333960, 34.56520833622384004, 14.08667266822847353 ) ) ;
#1354 = CARTESIAN_POINT ( 'NONE',  ( 0.000000000000000000, 40.00000000000000000, 0.000000000000000000 ) ) ;
#1355 = CARTESIAN_POINT ( 'NONE',  ( -27.50251249937031162, 33.85083333333334110, 37.85396097166579210 ) ) ;
#1356 = EDGE_CURVE ( 'NONE', #20, #424, #1836, .T. ) ;
#1357 = CARTESIAN_POINT ( 'NONE',  ( 13.75125624968516824, 34.43291667244768206, 42.32201497513433708 ) ) ;
#1358 = EDGE_LOOP ( 'NONE', ( #1416, #1681, #1285, #1263 ) ) ;
#1359 = CARTESIAN_POINT ( 'NONE',  ( -2.791302567141446299E-15, 38.16354166955717631, -45.58543033117564391 ) ) ;
#1360 = ORIENTED_EDGE ( 'NONE', *, *, #1323, .F. ) ;
#1361 = DIRECTION ( 'NONE',  ( 0.000000000000000000, 0.000000000000000000, -1.000000000000000000 ) ) ;
#1362 = CARTESIAN_POINT ( 'NONE',  ( -43.35432056458333960, 34.45937500289051059, 0.000000000000000000 ) ) ;
#1363 = CARTESIAN_POINT ( 'NONE',  ( -43.35432056458333960, 37.21104166955717574, 14.08667266822847353 ) ) ;
#1364 = CARTESIAN_POINT ( 'NONE',  ( 27.50251249937031872, 39.14249999999999829, -37.85396097166577789 ) ) ;
#1365 = CARTESIAN_POINT ( 'NONE',  ( -14.61175392787524352, 31.00000000000001066, -42.03268546204516554 ) ) ;
#1366 = CARTESIAN_POINT ( 'NONE',  ( -27.50251249937031162, 29.61750000000000682, 37.85396097166579210 ) ) ;
#1367 = CARTESIAN_POINT ( 'NONE',  ( -36.88533241585995626, 27.64824181709715134, 24.89422126863001594 ) ) ;
#1368 = EDGE_LOOP ( 'NONE', ( #1427, #449, #1512, #154 ) ) ;
#1369 = CARTESIAN_POINT ( 'NONE',  ( 8.373907701424337319E-15, 34.98854166955717204, 45.58543033117564391 ) ) ;
#1370 = ORIENTED_EDGE ( 'NONE', *, *, #1798, .T. ) ;
#1371 = CARTESIAN_POINT ( 'NONE',  ( 18.85227045660046485, 40.00000000000001421, 39.24103903506780711 ) ) ;
#1372 = CARTESIAN_POINT ( 'NONE',  ( -13.39722183403550737, 32.76604166955717545, 41.23240908249596970 ) ) ;
#1373 = CARTESIAN_POINT ( 'NONE',  ( 5.449678256205721981E-15, 40.00000000000000000, 44.50000000000000711 ) ) ;
#1374 = FACE_OUTER_BOUND ( 'NONE', #1634, .T. ) ;
#1375 = CARTESIAN_POINT ( 'NONE',  ( -13.75125624968515226, 31.84000000000000696, 42.32201497513433708 ) ) ;
#1376 = CARTESIAN_POINT ( 'NONE',  ( -43.35432056458333960, 38.79854166955717432, 14.08667266822847353 ) ) ;
#1377 = CARTESIAN_POINT ( 'NONE',  ( -43.35432056458333960, 30.86104166955716721, 14.08667266822847353 ) ) ;
#1378 = EDGE_LOOP ( 'NONE', ( #1210, #1241, #1480, #1024, #1993 ) ) ;
#1379 = CARTESIAN_POINT ( 'NONE',  ( 35.07438211632719316, 28.95604166955717673, 25.48303025102237029 ) ) ;
#1380 = ORIENTED_EDGE ( 'NONE', *, *, #1837, .F. ) ;
#1381 = LINE ( 'NONE', #1045, #286 ) ;
#1382 = ADVANCED_FACE ( 'NONE', ( #1123 ), #1268, .T. ) ;
#1383 = CARTESIAN_POINT ( 'NONE',  ( 26.79444366807103961, 30.96687500289050732, 36.87938783381628838 ) ) ;
#1384 = FACE_OUTER_BOUND ( 'NONE', #385, .T. ) ;
#1385 = CARTESIAN_POINT ( 'NONE',  ( -43.35432056458333960, 39.11604166955716977, -14.08667266822846109 ) ) ;
#1386 = CARTESIAN_POINT ( 'NONE',  ( 44.50000000000001421, 30.51708333911434678, 14.45892648236432443 ) ) ;
#1387 = CARTESIAN_POINT ( 'NONE',  ( 34.47083678343442159, 40.00000000000000711, 26.30327636947555803 ) ) ;
#1388 = CARTESIAN_POINT ( 'NONE',  ( -13.75125624968516291, 30.99333333333333940, -42.32201497513433708 ) ) ;
#1389 = CARTESIAN_POINT ( 'NONE',  ( -43.35432056458333960, 34.35354166955718114, -14.08667266822846109 ) ) ;
#1390 = CARTESIAN_POINT ( 'NONE',  ( 8.373907701424337319E-15, 29.16770833622383918, 45.58543033117564391 ) ) ;
#1391 =( BOUNDED_CURVE ( )  B_SPLINE_CURVE ( 2, ( #1936, #1782, #995, #829, #1471, #40, #664, #1313, #1794, #206, #840, #1481, #50 ),
 .UNSPECIFIED., .F., .T. ) 
 B_SPLINE_CURVE_WITH_KNOTS ( ( 3, 2, 2, 2, 2, 2, 3 ),
 ( 0.3592647952301020187, 0.3675981285634353224, 0.3842647952301020409, 0.4009314618967686483, 0.4175981285634353668, 0.4342647952301019743, 0.4425981285634352780 ),
 .UNSPECIFIED. ) 
 CURVE ( )  GEOMETRIC_REPRESENTATION_ITEM ( )  RATIONAL_B_SPLINE_CURVE ( ( 0.9755282581475768211, 0.9755282581475768211, 1.000000000000000000, 0.9510565162951535312, 1.000000000000000000, 0.9510565162951535312, 1.000000000000000000, 0.9510565162951535312, 1.000000000000000000, 0.9510565162951535312, 1.000000000000000000, 0.9755282581475769321, 0.9755282581475768211 ) ) 
 REPRESENTATION_ITEM ( '' )  );
#1392 = CARTESIAN_POINT ( 'NONE',  ( -35.07438211632719316, 32.13104166955717034, -25.48303025102237385 ) ) ;
#1393 = ORIENTED_EDGE ( 'NONE', *, *, #162, .F. ) ;
#1394 = CARTESIAN_POINT ( 'NONE',  ( 7.048107594441851198, 36.23341078130375337, 44.50000000000001421 ) ) ;
#1395 = CARTESIAN_POINT ( 'NONE',  ( -35.07438211632718605, 34.67104166955717659, 25.48303025102238450 ) ) ;
#1396 = CARTESIAN_POINT ( 'NONE',  ( 13.75125624968516824, 29.93500000000000227, 42.32201497513433708 ) ) ;
#1397 = CARTESIAN_POINT ( 'NONE',  ( -44.50000000000000711, 29.56458333911434622, 0.000000000000000000 ) ) ;
#1398 = CARTESIAN_POINT ( 'NONE',  ( 43.35643376118398606, 40.00000000000000000, 0.5697781208612180404 ) ) ;
#1399 = CARTESIAN_POINT ( 'NONE',  ( 8.595196230979485600E-15, 31.94583333333334352, 46.79006897860290337 ) ) ;
#1400 = CARTESIAN_POINT ( 'NONE',  ( -13.39722183403550737, 36.99937500289050973, 41.23240908249596970 ) ) ;
#1401 = AXIS2_PLACEMENT_3D ( 'NONE', #22, #1759, #488 ) ;
#1402 = CARTESIAN_POINT ( 'NONE',  ( 43.35432056458334671, 31.70770833622384188, 14.08667266822845576 ) ) ;
#1403 = ORIENTED_EDGE ( 'NONE', *, *, #452, .T. ) ;
#1404 = CARTESIAN_POINT ( 'NONE',  ( -43.35432056458333960, 34.56520833622384004, 14.08667266822847353 ) ) ;
#1405 = ORIENTED_EDGE ( 'NONE', *, *, #1925, .T. ) ;
#1406 = LINE ( 'NONE', #155, #1469 ) ;
#1407 = CARTESIAN_POINT ( 'NONE',  ( 7.048107594441861856, 30.83325588536292727, -44.50000000000000000 ) ) ;
#1408 = CARTESIAN_POINT ( 'NONE',  ( 43.35432056458334671, 35.94104166955716551, 14.08667266822845754 ) ) ;
#1409 = CARTESIAN_POINT ( 'NONE',  ( -13.75125624968516291, 29.14125000578101421, -42.32201497513433708 ) ) ;
#1410 = CARTESIAN_POINT ( 'NONE',  ( 32.95482138607230382, 39.99999999999998579, -28.20696260012406142 ) ) ;
#1411 = CARTESIAN_POINT ( 'NONE',  ( 25.39789414545953150, 40.00000000000000000, -35.33150636895116747 ) ) ;
#1412 = CARTESIAN_POINT ( 'NONE',  ( 35.07438211632719316, 37.42270833622384174, 25.48303025102237029 ) ) ;
#1413 = CARTESIAN_POINT ( 'NONE',  ( 13.39722183403551270, 34.35354166955717403, -41.23240908249596970 ) ) ;
#1414 = CARTESIAN_POINT ( 'NONE',  ( -42.44598391115312097, 39.99999999999999289, -13.44417678282581541 ) ) ;
#1415 = CARTESIAN_POINT ( 'NONE',  ( -26.79444366807103961, 32.02520833622383378, -36.87938783381628838 ) ) ;
#1416 = ORIENTED_EDGE ( 'NONE', *, *, #1342, .F. ) ;
#1417 = CARTESIAN_POINT ( 'NONE',  ( -13.75125624968516291, 39.72458333911434636, -42.32201497513433708 ) ) ;
#1418 = CARTESIAN_POINT ( 'NONE',  ( -26.79444366807102540, 28.42687500289051172, 36.87938783381629548 ) ) ;
#1419 = FACE_OUTER_BOUND ( 'NONE', #1580, .T. ) ;
#1420 = DIRECTION ( 'NONE',  ( 0.000000000000000000, -1.000000000000000000, 0.000000000000000000 ) ) ;
#1421 = PRODUCT_DEFINITION_CONTEXT ( 'detailed design', #1938, 'design' ) ;
#1422 = CARTESIAN_POINT ( 'NONE',  ( 26.79444366807103606, 35.83520833622382895, -36.87938783381628838 ) ) ;
#1423 = CARTESIAN_POINT ( 'NONE',  ( -26.79444366807102895, 31.07270833622383677, 36.87938783381629548 ) ) ;
#1424 = CARTESIAN_POINT ( 'NONE',  ( -43.49462791060212652, 40.00000000000000000, 9.517344266577417500 ) ) ;
#1425 = EDGE_CURVE ( 'NONE', #673, #611, #2043, .T. ) ;
#1426 = CARTESIAN_POINT ( 'NONE',  ( -13.39722183403550737, 30.64937500289051187, 41.23240908249596970 ) ) ;
#1427 = ORIENTED_EDGE ( 'NONE', *, *, #1798, .F. ) ;
#1428 = CARTESIAN_POINT ( 'NONE',  ( -44.50000000000000711, 40.04208333911434892, -14.45892648236433153 ) ) ;
#1429 = CARTESIAN_POINT ( 'NONE',  ( 26.79444366807103250, 32.13104166955717034, -36.87938783381628838 ) ) ;
#1430 = DIRECTION ( 'NONE',  ( -0.000000000000000000, -1.000000000000000000, -0.000000000000000000 ) ) ;
#1431 = CARTESIAN_POINT ( 'NONE',  ( 44.50000000000000711, 41.04749999999999943, -14.45892648236433864 ) ) ;
#1432 = CARTESIAN_POINT ( 'NONE',  ( 0.000000000000000000, 31.00000000000001066, 0.000000000000000000 ) ) ;
#1433 = CARTESIAN_POINT ( 'NONE',  ( -36.88533248791076602, 29.50032514369671333, 24.89422116187359180 ) ) ;
#1434 = CARTESIAN_POINT ( 'NONE',  ( -41.86592341950723295, 39.99999999999999289, 15.08311291978873747 ) ) ;
#1435 = AXIS2_PLACEMENT_3D ( 'NONE', #62, #1498, #367 ) ;
#1436 = CARTESIAN_POINT ( 'NONE',  ( -9.123405711110446958, 40.00000000000000711, 42.95989441655000007 ) ) ;
#1437 = CARTESIAN_POINT ( 'NONE',  ( 35.07438211632718605, 40.49187500289050234, -25.48303025102238095 ) ) ;
#1438 = AXIS2_PLACEMENT_3D ( 'NONE', #310, #911, #1555 ) ;
#1439 = VERTEX_POINT ( 'NONE', #1289 ) ;
#1440 = CARTESIAN_POINT ( 'NONE',  ( -40.31163981555052800, 40.00000000000002132, -18.84747006479486942 ) ) ;
#1441 = CARTESIAN_POINT ( 'NONE',  ( -27.50251249937031162, 36.23208333911434664, 37.85396097166579210 ) ) ;
#1442 = CARTESIAN_POINT ( 'NONE',  ( 27.50251249937032583, 34.27416666666665890, 37.85396097166577789 ) ) ;
#1443 = DIRECTION ( 'NONE',  ( 0.000000000000000000, -1.000000000000000000, 0.000000000000000000 ) ) ;
#1444 = CARTESIAN_POINT ( 'NONE',  ( -43.35432056458333960, 30.86104166955716721, 14.08667266822847353 ) ) ;
#1445 = CARTESIAN_POINT ( 'NONE',  ( 35.07438211632718605, 40.49187500289050234, -25.48303025102238095 ) ) ;
#1446 = CARTESIAN_POINT ( 'NONE',  ( -40.31163981555052800, 40.00000000000002132, -18.84747006479486942 ) ) ;
#1447 = CARTESIAN_POINT ( 'NONE',  ( -36.00125624968516291, 29.35291667244768021, -26.15644372701505560 ) ) ;
#1448 = CARTESIAN_POINT ( 'NONE',  ( -35.07438211632718605, 39.43354166955717943, 25.48303025102238450 ) ) ;
#1449 = ORIENTED_EDGE ( 'NONE', *, *, #1497, .T. ) ;
#1450 = CARTESIAN_POINT ( 'NONE',  ( 7.048107594441909818, 35.06658921869626511, -44.50000000000000000 ) ) ;
#1451 = CARTESIAN_POINT ( 'NONE',  ( -40.31163981555052800, 40.00000000000002132, -18.84747006479486942 ) ) ;
#1452 = EDGE_CURVE ( 'NONE', #1068, #673, #970, .T. ) ;
#1453 = CARTESIAN_POINT ( 'NONE',  ( -7.048107594441868073, 30.94174411463708196, -44.50000000000000000 ) ) ;
#1454 = CARTESIAN_POINT ( 'NONE',  ( -35.07438211632719316, 30.01437500289051030, -25.48303025102237385 ) ) ;
#1455 = CARTESIAN_POINT ( 'NONE',  ( -44.50000000000000711, 41.89416666666665634, -14.45892648236433153 ) ) ;
#1456 = CARTESIAN_POINT ( 'NONE',  ( -8.580008525311097072E-14, 27.97708333911434053, 44.50000000000000711 ) ) ;
#1457 = DIRECTION ( 'NONE',  ( 0.000000000000000000, -1.000000000000000000, 0.000000000000000000 ) ) ;
#1458 = PLANE ( 'NONE',  #921 ) ;
#1459 = CARTESIAN_POINT ( 'NONE',  ( -26.79444366807103961, 38.90437500289051087, -36.87938783381628838 ) ) ;
#1460 = DIRECTION ( 'NONE',  ( 0.000000000000000000, 0.000000000000000000, -1.000000000000000000 ) ) ;
#1461 = CARTESIAN_POINT ( 'NONE',  ( 0.000000000000000000, 40.00000000000000000, -44.50000000000000711 ) ) ;
#1462 = CARTESIAN_POINT ( 'NONE',  ( 13.75125624968516824, 32.31625000578101492, 42.32201497513433708 ) ) ;
#1463 = CARTESIAN_POINT ( 'NONE',  ( -43.35432056458333960, 30.86104166955716721, 14.08667266822847353 ) ) ;
#1464 = CARTESIAN_POINT ( 'NONE',  ( 7.048107594441909818, 32.94992255202959797, -44.50000000000000000 ) ) ;
#1465 = CARTESIAN_POINT ( 'NONE',  ( -26.79444366807103961, 32.55437500289050234, -36.87938783381628838 ) ) ;
#1466 = CARTESIAN_POINT ( 'NONE',  ( 43.35432056458333960, 40.28020833622383634, -5.309372990862526299E-15 ) ) ;
#1467 = CARTESIAN_POINT ( 'NONE',  ( -13.75125624968516291, 39.46000000000000085, -42.32201497513433708 ) ) ;
#1468 = CARTESIAN_POINT ( 'NONE',  ( -35.07438211632719316, 39.01020833622384032, -25.48303025102237385 ) ) ;
#1469 = VECTOR ( 'NONE', #273, 1000.000000000000000 ) ;
#1470 = CARTESIAN_POINT ( 'NONE',  ( -44.50000000000000711, 35.91458333911434408, 0.000000000000000000 ) ) ;
#1471 = CARTESIAN_POINT ( 'NONE',  ( 36.00125624968516291, 32.52791667244768092, 26.15644372701505205 ) ) ;
#1472 = CARTESIAN_POINT ( 'NONE',  ( -26.79444366807103606, 30.43770833622383876, -36.87938783381628838 ) ) ;
#1473 = CARTESIAN_POINT ( 'NONE',  ( 7.048107594441828105, 28.03132745375142321, 44.50000000000002132 ) ) ;
#1474 =( BOUNDED_CURVE ( )  B_SPLINE_CURVE ( 1, ( #593, #1275 ),
 .UNSPECIFIED., .F., .F. ) 
 B_SPLINE_CURVE_WITH_KNOTS ( ( 2, 2 ),
 ( 0.000000000000000000, 1.000000000000000000 ),
 .UNSPECIFIED. ) 
 CURVE ( )  GEOMETRIC_REPRESENTATION_ITEM ( )  RATIONAL_B_SPLINE_CURVE ( ( 0.9948350644873933390, 0.9948350644873933390 ) ) 
 REPRESENTATION_ITEM ( '' )  );
#1475 = CARTESIAN_POINT ( 'NONE',  ( 31.98696078705016177, 40.00000000000000000, -29.26485009741838184 ) ) ;
#1476 = CARTESIAN_POINT ( 'NONE',  ( -13.39722183403550737, 28.53270833622384473, 41.23240908249596970 ) ) ;
#1477 = CARTESIAN_POINT ( 'NONE',  ( 35.07438211632718605, 29.90854166955717375, -25.48303025102238095 ) ) ;
#1478 = DIRECTION ( 'NONE',  ( 0.000000000000000000, 0.000000000000000000, 1.000000000000000000 ) ) ;
#1479 = CARTESIAN_POINT ( 'NONE',  ( 43.35432056458334671, 40.17437500289049979, 14.08667266822845576 ) ) ;
#1480 = ORIENTED_EDGE ( 'NONE', *, *, #467, .T. ) ;
#1481 = CARTESIAN_POINT ( 'NONE',  ( 7.048107594441909818, 33.21450589114393637, -44.50000000000000000 ) ) ;
#1482 = CARTESIAN_POINT ( 'NONE',  ( -3.111920190527341144E-15, 29.03541667244767766, -44.50000000000000000 ) ) ;
#1483 = CARTESIAN_POINT ( 'NONE',  ( -43.35432056458333960, 37.10520833622383918, 0.000000000000000000 ) ) ;
#1484 = CARTESIAN_POINT ( 'NONE',  ( 44.50000000000001421, 38.71916666666667339, 14.45892648236432443 ) ) ;
#1485 =( BOUNDED_CURVE ( )  B_SPLINE_CURVE ( 2, ( #1096, #1753, #1261, #1565, #619, #1731, #1898, #294, #318, #152, #471, #2063, #1118 ),
 .UNSPECIFIED., .F., .F. ) 
 B_SPLINE_CURVE_WITH_KNOTS ( ( 3, 2, 2, 2, 2, 2, 3 ),
 ( 0.6925981285634352780, 0.7009314618967686927, 0.7175981285634354112, 0.7342647952301020187, 0.7509314618967686261, 0.7675981285634353446, 0.7759314618967686483 ),
 .UNSPECIFIED. ) 
 CURVE ( )  GEOMETRIC_REPRESENTATION_ITEM ( )  RATIONAL_B_SPLINE_CURVE ( ( 0.9755282581475768211, 0.9755282581475765991, 1.000000000000000000, 0.9510565162951535312, 1.000000000000000000, 0.9510565162951535312, 1.000000000000000000, 0.9510565162951535312, 1.000000000000000000, 0.9510565162951535312, 1.000000000000000000, 0.9755282581475769321, 0.9755282581475768211 ) ) 
 REPRESENTATION_ITEM ( '' )  );
#1486 = DIRECTION ( 'NONE',  ( -0.000000000000000000, -1.000000000000000000, -0.000000000000000000 ) ) ;
#1487 = CARTESIAN_POINT ( 'NONE',  ( 9.113480557972927072E-14, 31.15208333911434124, -44.50000000000000711 ) ) ;
#1488 = ORIENTED_EDGE ( 'NONE', *, *, #1343, .F. ) ;
#1489 = CARTESIAN_POINT ( 'NONE',  ( 35.07438211632719316, 37.42270833622384174, 25.48303025102237029 ) ) ;
#1490 = CARTESIAN_POINT ( 'NONE',  ( 8.373907701424338897E-15, 31.28437500289050988, 45.58543033117564391 ) ) ;
#1491 = CARTESIAN_POINT ( 'NONE',  ( 44.50000000000001421, 30.51708333911434678, 14.45892648236432443 ) ) ;
#1492 = CARTESIAN_POINT ( 'NONE',  ( 35.07438211632719316, 35.83520833622384316, 25.48303025102237029 ) ) ;
#1493 = CARTESIAN_POINT ( 'NONE',  ( 43.35432056458334671, 37.52854166955717830, 14.08667266822845754 ) ) ;
#1494 = CARTESIAN_POINT ( 'NONE',  ( -36.00125624968516291, 35.86166666666666458, 26.15644372701506626 ) ) ;
#1495 = DIRECTION ( 'NONE',  ( 0.000000000000000000, -1.000000000000000000, 0.000000000000000000 ) ) ;
#1496 = CARTESIAN_POINT ( 'NONE',  ( -43.35432056458333960, 38.79854166955717432, 14.08667266822847353 ) ) ;
#1497 = EDGE_CURVE ( 'NONE', #724, #969, #140, .T. ) ;
#1498 = DIRECTION ( 'NONE',  ( 0.000000000000000000, -1.000000000000000000, 0.000000000000000000 ) ) ;
#1499 = CARTESIAN_POINT ( 'NONE',  ( 16.40467523040789644, 40.00000000000001421, 40.36428131152518972 ) ) ;
#1500 = CARTESIAN_POINT ( 'NONE',  ( -35.07438211632718605, 38.90437500289051087, 25.48303025102238450 ) ) ;
#1501 = CARTESIAN_POINT ( 'NONE',  ( 4.001040244963724215E-15, 39.61875000578101691, -44.50000000000000000 ) ) ;
#1502 = CARTESIAN_POINT ( 'NONE',  ( 44.50000000000001421, 34.48583333333333911, 14.45892648236432443 ) ) ;
#1503 = CARTESIAN_POINT ( 'NONE',  ( 8.373907701424337319E-15, 37.10520833622384629, 45.58543033117564391 ) ) ;
#1504 = VERTEX_POINT ( 'NONE', #446 ) ;
#1505 = CARTESIAN_POINT ( 'NONE',  ( -13.39722183403550737, 35.41187500289051115, 41.23240908249596970 ) ) ;
#1506 = FACE_OUTER_BOUND ( 'NONE', #1716, .T. ) ;
#1507 = CARTESIAN_POINT ( 'NONE',  ( -26.79444366807103606, 36.25854166955718227, -36.87938783381628838 ) ) ;
#1508 = ADVANCED_FACE ( 'NONE', ( #2052, #1778 ), #1908, .F. ) ;
#1509 = CARTESIAN_POINT ( 'NONE',  ( -13.75125624968516291, 35.22666666666666657, -42.32201497513433708 ) ) ;
#1510 = CARTESIAN_POINT ( 'NONE',  ( -13.75125624968515226, 27.87125000578101464, 42.32201497513433708 ) ) ;
#1511 = CARTESIAN_POINT ( 'NONE',  ( 43.35432056458333960, 35.51770833622384060, -5.309372990862526299E-15 ) ) ;
#1512 = ORIENTED_EDGE ( 'NONE', *, *, #1530, .T. ) ;
#1513 = CARTESIAN_POINT ( 'NONE',  ( 0.000000000000000000, 40.00000000000000000, 0.000000000000000000 ) ) ;
#1514 = CARTESIAN_POINT ( 'NONE',  ( 35.07438211632718605, 33.61270833622384657, -25.48303025102238095 ) ) ;
#1515 = CARTESIAN_POINT ( 'NONE',  ( 13.75125624968515758, 39.24833333333333485, -42.32201497513433708 ) ) ;
#1516 = CARTESIAN_POINT ( 'NONE',  ( -44.50000000000000711, 37.66083333333334338, -14.45892648236433153 ) ) ;
#1517 = CARTESIAN_POINT ( 'NONE',  ( -36.45422367905985794, 27.65394261686756039, 25.53298754666143111 ) ) ;
#1518 = ORIENTED_EDGE ( 'NONE', *, *, #467, .F. ) ;
#1519 = CARTESIAN_POINT ( 'NONE',  ( -13.39722183403550737, 39.11604166955717687, 41.23240908249596970 ) ) ;
#1520 = EDGE_LOOP ( 'NONE', ( #642, #1532 ) ) ;
#1521 = CARTESIAN_POINT ( 'NONE',  ( -13.39722183403551803, 34.03604166955717858, -41.23240908249596259 ) ) ;
#1522 = CARTESIAN_POINT ( 'NONE',  ( -8.580008525311097072E-14, 29.82916666666666572, 44.50000000000000711 ) ) ;
#1523 = CARTESIAN_POINT ( 'NONE',  ( 13.39722183403551270, 38.58687500289050831, -41.23240908249596970 ) ) ;
#1524 = CARTESIAN_POINT ( 'NONE',  ( 36.00125624968516291, 32.68666666666666742, -26.15644372701505915 ) ) ;
#1525 = AXIS2_PLACEMENT_3D ( 'NONE', #1152, #838, #1478 ) ;
#1526 = CARTESIAN_POINT ( 'NONE',  ( 43.35432056458333960, 35.51770833622384060, -5.309372990862526299E-15 ) ) ;
#1527 = CARTESIAN_POINT ( 'NONE',  ( 43.35432056458333960, 34.03604166955717147, -14.08667266822846642 ) ) ;
#1528 =( BOUNDED_CURVE ( )  B_SPLINE_CURVE ( 2, ( #1315, #697, #1812, #1179, #1344, #1642, #1636, #657, #510, #32, #1156, #997, #1009 ),
 .UNSPECIFIED., .F., .T. ) 
 B_SPLINE_CURVE_WITH_KNOTS ( ( 3, 2, 2, 2, 2, 2, 3 ),
 ( 0.5259314618967686483, 0.5342647952301020631, 0.5509314618967686705, 0.5675981285634352780, 0.5842647952301019965, 0.6009314618967687149, 0.6092647952301020187 ),
 .UNSPECIFIED. ) 
 CURVE ( )  GEOMETRIC_REPRESENTATION_ITEM ( )  RATIONAL_B_SPLINE_CURVE ( ( 0.9755282581475768211, 0.9755282581475765991, 1.000000000000000000, 0.9510565162951535312, 1.000000000000000000, 0.9510565162951535312, 1.000000000000000000, 0.9510565162951535312, 1.000000000000000000, 0.9510565162951535312, 1.000000000000000000, 0.9755282581475768211, 0.9755282581475768211 ) ) 
 REPRESENTATION_ITEM ( '' )  );
#1529 = ORIENTED_EDGE ( 'NONE', *, *, #1201, .T. ) ;
#1530 = EDGE_CURVE ( 'NONE', #247, #1439, #1599, .T. ) ;
#1531 = CARTESIAN_POINT ( 'NONE',  ( 43.35432056458334671, 31.17854166955718043, 14.08667266822845576 ) ) ;
#1532 = ORIENTED_EDGE ( 'NONE', *, *, #1172, .T. ) ;
#1533 = DIRECTION ( 'NONE',  ( 0.000000000000000000, 0.000000000000000000, -1.000000000000000000 ) ) ;
#1534 = CARTESIAN_POINT ( 'NONE',  ( 43.35432056458334671, 31.17854166955717687, 14.08667266822845754 ) ) ;
#1535 = CYLINDRICAL_SURFACE ( 'NONE', #1133, 44.50000000000000711 ) ;
#1536 = CARTESIAN_POINT ( 'NONE',  ( 30.21195183973916443, 40.00000000000000711, 31.12701331233060387 ) ) ;
#1537 = CARTESIAN_POINT ( 'NONE',  ( 36.00125624968516291, 30.57000000000000384, -26.15644372701505915 ) ) ;
#1538 = CARTESIAN_POINT ( 'NONE',  ( 35.07438211632718605, 35.72937500289050661, -25.48303025102238095 ) ) ;
#1539 = CARTESIAN_POINT ( 'NONE',  ( 35.07438211632719316, 29.48520833622383819, 25.48303025102237029 ) ) ;
#1540 = ORIENTED_EDGE ( 'NONE', *, *, #2053, .F. ) ;
#1541 = CARTESIAN_POINT ( 'NONE',  ( 8.373907701424337319E-15, 30.75520833622384487, 45.58543033117564391 ) ) ;
#1542 =( BOUNDED_CURVE ( )  B_SPLINE_CURVE ( 2, ( #836, #505, #1586, #1126, #3, #627, #160, #1294, #1260, #1897, #35, #317, #1629 ),
 .UNSPECIFIED., .F., .F. ) 
 B_SPLINE_CURVE_WITH_KNOTS ( ( 3, 2, 2, 2, 2, 2, 3 ),
 ( 0.7759314618967686483, 0.7842647952301020631, 0.8009314618967686705, 0.8175981285634353890, 0.8342647952301019965, 0.8509314618967687149, 0.8592647952301020187 ),
 .UNSPECIFIED. ) 
 CURVE ( )  GEOMETRIC_REPRESENTATION_ITEM ( )  RATIONAL_B_SPLINE_CURVE ( ( 0.9755282581475768211, 0.9755282581475765991, 1.000000000000000000, 0.9510565162951535312, 1.000000000000000000, 0.9510565162951535312, 1.000000000000000000, 0.9510565162951535312, 1.000000000000000000, 0.9510565162951535312, 1.000000000000000000, 0.9755282581475768211, 0.9755282581475768211 ) ) 
 REPRESENTATION_ITEM ( '' )  );
#1543 = ORIENTED_EDGE ( 'NONE', *, *, #1172, .F. ) ;
#1544 = CARTESIAN_POINT ( 'NONE',  ( 44.50000000000001421, 36.60250000000000625, 14.45892648236432443 ) ) ;
#1545 = CARTESIAN_POINT ( 'NONE',  ( -13.39722183403551803, 36.15270833622384572, -41.23240908249596259 ) ) ;
#1546 = CARTESIAN_POINT ( 'NONE',  ( 13.75125624968515758, 30.78166666666667339, -42.32201497513433708 ) ) ;
#1547 = CARTESIAN_POINT ( 'NONE',  ( 13.39722183403551270, 36.47020833622383407, -41.23240908249596970 ) ) ;
#1548 = CARTESIAN_POINT ( 'NONE',  ( -36.00125624968516291, 29.77625000578101222, 26.15644372701506626 ) ) ;
#1549 = LINE ( 'NONE', #2048, #1687 ) ;
#1550 = CARTESIAN_POINT ( 'NONE',  ( -43.35432056458333960, 36.68187500289050718, 14.08667266822847353 ) ) ;
#1551 = CARTESIAN_POINT ( 'NONE',  ( -35.51568766374862918, 28.84456761348248577, 24.87562527414787183 ) ) ;
#1552 = ORIENTED_EDGE ( 'NONE', *, *, #282, .T. ) ;
#1553 = CARTESIAN_POINT ( 'NONE',  ( 13.39722183403551270, 31.70770833622384188, -41.23240908249596970 ) ) ;
#1554 = EDGE_LOOP ( 'NONE', ( #1254, #1755, #117, #297 ) ) ;
#1555 = DIRECTION ( 'NONE',  ( 0.000000000000000000, 0.000000000000000000, -1.000000000000000000 ) ) ;
#1556 = CARTESIAN_POINT ( 'NONE',  ( 26.79444366807103250, 33.71854166955717602, -36.87938783381628838 ) ) ;
#1557 = DIRECTION ( 'NONE',  ( 1.000000000000000000, 0.000000000000000000, 0.000000000000000000 ) ) ;
#1558 = CARTESIAN_POINT ( 'NONE',  ( 43.35432056458334671, 33.82437500289051258, 14.08667266822845754 ) ) ;
#1559 = CARTESIAN_POINT ( 'NONE',  ( 44.50000000000000711, 30.62291667244767979, -5.449678256205721981E-15 ) ) ;
#1560 = CARTESIAN_POINT ( 'NONE',  ( -44.50000000000000711, 31.41666666666666785, 0.000000000000000000 ) ) ;
#1561 = CIRCLE ( 'NONE', #1658, 44.50000000000000711 ) ;
#1562 = CARTESIAN_POINT ( 'NONE',  ( -35.07438211632718605, 36.78770833622384373, 25.48303025102238450 ) ) ;
#1563 = CARTESIAN_POINT ( 'NONE',  ( -26.79444366807102895, 33.18937500289050035, 36.87938783381629548 ) ) ;
#1564 = CARTESIAN_POINT ( 'NONE',  ( 0.000000000000000000, 40.00000000000000000, -39.06000000000000227 ) ) ;
#1565 = CARTESIAN_POINT ( 'NONE',  ( 27.50251249937032583, 36.65541667244767865, 37.85396097166577789 ) ) ;
#1566 = CARTESIAN_POINT ( 'NONE',  ( 35.07438211632718605, 31.49604166955717588, -25.48303025102238095 ) ) ;
#1567 = ORIENTED_EDGE ( 'NONE', *, *, #1876, .T. ) ;
#1568 = CARTESIAN_POINT ( 'NONE',  ( 8.595196230979485600E-15, 36.44375000578099844, 46.79006897860290337 ) ) ;
#1569 = CARTESIAN_POINT ( 'NONE',  ( 26.79444366807103961, 28.85020833622384373, 36.87938783381628838 ) ) ;
#1570 = CYLINDRICAL_SURFACE ( 'NONE', #1334, 44.50000000000000711 ) ;
#1571 = CARTESIAN_POINT ( 'NONE',  ( 13.39722183403551270, 34.35354166955717403, -41.23240908249596970 ) ) ;
#1572 = CARTESIAN_POINT ( 'NONE',  ( 0.000000000000000000, 31.00000000000001066, 0.000000000000000000 ) ) ;
#1573 = CARTESIAN_POINT ( 'NONE',  ( -13.75125624968515226, 29.72333333333333627, 42.32201497513433708 ) ) ;
#1574 = CARTESIAN_POINT ( 'NONE',  ( -43.35432056458333960, 38.69270833622383776, 0.000000000000000000 ) ) ;
#1575 = EDGE_CURVE ( 'NONE', #195, #228, #552, .T. ) ;
#1576 = CARTESIAN_POINT ( 'NONE',  ( 43.35432056458333960, 31.91937500289050789, -14.08667266822846642 ) ) ;
#1577 = CARTESIAN_POINT ( 'NONE',  ( 5.449678256205721981E-15, 40.00000000000000000, 44.50000000000000711 ) ) ;
#1578 = CARTESIAN_POINT ( 'NONE',  ( -22.51467860225581674, 39.99999999999998579, 37.92714017459751830 ) ) ;
#1579 = CARTESIAN_POINT ( 'NONE',  ( 26.79444366807104316, 30.96687500289050732, 36.87938783381628838 ) ) ;
#1580 = EDGE_LOOP ( 'NONE', ( #1846, #601 ) ) ;
#1581 = CARTESIAN_POINT ( 'NONE',  ( -13.91473650497777115, 40.00000000000000711, -41.80905705694330265 ) ) ;
#1582 = CARTESIAN_POINT ( 'NONE',  ( -27.50251249937031162, 38.34875000578100668, 37.85396097166579210 ) ) ;
#1583 = CARTESIAN_POINT ( 'NONE',  ( -2.791302567141445904E-15, 32.34270833622383634, -45.58543033117564391 ) ) ;
#1584 = EDGE_CURVE ( 'NONE', #748, #1504, #1485, .T. ) ;
#1585 = CARTESIAN_POINT ( 'NONE',  ( 8.373907701424337319E-15, 29.16770833622383918, 45.58543033117564391 ) ) ;
#1586 = CARTESIAN_POINT ( 'NONE',  ( -13.75125624968516291, 37.60791667244767922, -42.32201497513433708 ) ) ;
#1587 = CARTESIAN_POINT ( 'NONE',  ( -44.51981068554286480, 40.00000000000000000, -0.5859654010943666780 ) ) ;
#1588 = CARTESIAN_POINT ( 'NONE',  ( -26.79444366807103961, 41.02104166955717801, -36.87938783381628838 ) ) ;
#1589 = ORIENTED_EDGE ( 'NONE', *, *, #1679, .F. ) ;
#1590 = CARTESIAN_POINT ( 'NONE',  ( -38.64728069153829892, 40.00000000000002842, -22.03773124034670872 ) ) ;
#1591 = CARTESIAN_POINT ( 'NONE',  ( -13.75125624968516291, 37.60791667244767922, -42.32201497513433708 ) ) ;
#1592 = CARTESIAN_POINT ( 'NONE',  ( -44.50000000000000711, 33.53333333333333854, 0.000000000000000000 ) ) ;
#1593 = CARTESIAN_POINT ( 'NONE',  ( -27.50251249937030806, 31.73416666666667396, 37.85396097166577789 ) ) ;
#1594 = CARTESIAN_POINT ( 'NONE',  ( -2.791302567141445904E-15, 30.22604166955717631, -45.58543033117564391 ) ) ;
#1595 = CARTESIAN_POINT ( 'NONE',  ( 43.35432056458333960, 31.39020833622384288, -14.08667266822846642 ) ) ;
#1596 = CARTESIAN_POINT ( 'NONE',  ( 8.595196230979485600E-15, 40.41250000000000142, 46.79006897860290337 ) ) ;
#1597 = CARTESIAN_POINT ( 'NONE',  ( -26.79444366807103961, 41.02104166955717801, -36.87938783381628838 ) ) ;
#1598 = CIRCLE ( 'NONE', #919, 44.50000000000000711 ) ;
#1599 = LINE ( 'NONE', #776, #382 ) ;
#1600 = DIRECTION ( 'NONE',  ( 0.000000000000000000, 0.000000000000000000, -1.000000000000000000 ) ) ;
#1601 = CARTESIAN_POINT ( 'NONE',  ( 35.07438211632719316, 37.95187500289050320, 25.48303025102237029 ) ) ;
#1602 = ORIENTED_EDGE ( 'NONE', *, *, #162, .T. ) ;
#1603 =( BOUNDED_CURVE ( )  B_SPLINE_CURVE ( 2, ( #978, #1619, #193, #826, #991, #37, #1467, #1308, #1944 ),
 .UNSPECIFIED., .F., .T. ) 
 B_SPLINE_CURVE_WITH_KNOTS ( ( 3, 2, 2, 2, 3 ),
 ( 0.1575009815490514553, 0.1666666666666666574, 0.1833333333333333204, 0.2000000000000000111, 0.2083333333333333426 ),
 .UNSPECIFIED. ) 
 CURVE ( )  GEOMETRIC_REPRESENTATION_ITEM ( )  RATIONAL_B_SPLINE_CURVE ( ( 0.9757723994204501317, 0.9730839663881347690, 1.000000000000000000, 0.9510565162951535312, 1.000000000000000000, 0.9510565162951535312, 1.000000000000000000, 0.9755282581475768211, 0.9755282581475768211 ) ) 
 REPRESENTATION_ITEM ( '' )  );
#1604 = CARTESIAN_POINT ( 'NONE',  ( 26.79444366807103961, 31.49604166955717588, 36.87938783381628838 ) ) ;
#1605 = CARTESIAN_POINT ( 'NONE',  ( -35.93569728011021880, 28.83886681320727874, 24.25330436474447993 ) ) ;
#1606 = CARTESIAN_POINT ( 'NONE',  ( 36.00125624968516291, 32.68666666666666742, -26.15644372701505915 ) ) ;
#1607 = CARTESIAN_POINT ( 'NONE',  ( 35.07438211632718605, 32.02520833622384089, -25.48303025102238095 ) ) ;
#1608 = CARTESIAN_POINT ( 'NONE',  ( 13.39722183403551270, 40.70354166955717545, -41.23240908249596970 ) ) ;
#1609 = CARTESIAN_POINT ( 'NONE',  ( -42.78259693677041042, 40.00000000000000000, 12.33111608965331030 ) ) ;
#1610 = CARTESIAN_POINT ( 'NONE',  ( 36.00125624968516291, 38.61333333333332973, 26.15644372701505205 ) ) ;
#1611 = ORIENTED_EDGE ( 'NONE', *, *, #534, .F. ) ;
#1612 = CARTESIAN_POINT ( 'NONE',  ( -36.00125624968516291, 33.58625000578101094, -26.15644372701505560 ) ) ;
#1613 = CARTESIAN_POINT ( 'NONE',  ( 36.00125624968516291, 34.80333333333334167, -26.15644372701505915 ) ) ;
#1614 = CARTESIAN_POINT ( 'NONE',  ( -44.50000000000000711, 35.75583333333333513, 14.45892648236434574 ) ) ;
#1615 = DIRECTION ( 'NONE',  ( -0.000000000000000000, -1.000000000000000000, -0.000000000000000000 ) ) ;
#1616 = CARTESIAN_POINT ( 'NONE',  ( 35.07438211632719316, 28.95604166955717673, 25.48303025102237029 ) ) ;
#1617 = CARTESIAN_POINT ( 'NONE',  ( -36.00125624968516291, 40.09500000000000597, 26.15644372701506626 ) ) ;
#1618 = CARTESIAN_POINT ( 'NONE',  ( 7.048107594441861856, 39.29992255202958518, -44.50000000000000000 ) ) ;
#1619 = CARTESIAN_POINT ( 'NONE',  ( -44.50000000000000711, 39.94021792793317616, 7.771560673684693832 ) ) ;
#1620 = CARTESIAN_POINT ( 'NONE',  ( 8.373907701424337319E-15, 37.63437500289049353, 45.58543033117564391 ) ) ;
#1621 = CARTESIAN_POINT ( 'NONE',  ( 29.15062033300837285, 40.00000000000000711, 32.09109605198072046 ) ) ;
#1622 = CARTESIAN_POINT ( 'NONE',  ( -13.75125624968515226, 34.22125000578101606, 42.32201497513433708 ) ) ;
#1623 = CARTESIAN_POINT ( 'NONE',  ( 35.07438211632719316, 31.60187500289050888, 25.48303025102237029 ) ) ;
#1624 = CARTESIAN_POINT ( 'NONE',  ( 13.75125624968516824, 30.19958333911435133, 42.32201497513433708 ) ) ;
#1625 = CARTESIAN_POINT ( 'NONE',  ( -44.50000000000000711, 33.69208333911434039, -14.45892648236433153 ) ) ;
#1626 = CARTESIAN_POINT ( 'NONE',  ( 44.50000000000000711, 32.47500000000000142, -5.449678256205721981E-15 ) ) ;
#1627 = CARTESIAN_POINT ( 'NONE',  ( 26.79444366807103606, 31.60187500289050533, -36.87938783381628838 ) ) ;
#1628 = CARTESIAN_POINT ( 'NONE',  ( -13.75125624968516291, 39.46000000000000085, -42.32201497513433708 ) ) ;
#1629 = CARTESIAN_POINT ( 'NONE',  ( 8.446640517145639571E-15, 38.56041667244767268, 44.50000000000000000 ) ) ;
#1630 = CARTESIAN_POINT ( 'NONE',  ( 13.75125624968516824, 38.40166666666667084, 42.32201497513433708 ) ) ;
#1631 = CARTESIAN_POINT ( 'NONE',  ( 0.000000000000000000, 40.00000000000000000, 0.000000000000000000 ) ) ;
#1632 = CARTESIAN_POINT ( 'NONE',  ( 35.07438211632719316, 35.83520833622384316, 25.48303025102237029 ) ) ;
#1633 = CARTESIAN_POINT ( 'NONE',  ( 0.000000000000000000, 40.00000000000000000, 0.000000000000000000 ) ) ;
#1634 = EDGE_LOOP ( 'NONE', ( #957, #1449, #1488, #1866 ) ) ;
#1635 = CARTESIAN_POINT ( 'NONE',  ( -36.88533248791076602, 29.50032514369671333, 24.89422116187359180 ) ) ;
#1636 = CARTESIAN_POINT ( 'NONE',  ( 44.50000000000000711, 34.85625000578101407, -5.449678256205721981E-15 ) ) ;
#1637 = CARTESIAN_POINT ( 'NONE',  ( -13.75125624968515226, 34.22125000578101606, 42.32201497513433708 ) ) ;
#1638 = CARTESIAN_POINT ( 'NONE',  ( 43.35432056458334671, 31.17854166955718043, 14.08667266822845576 ) ) ;
#1639 = EDGE_CURVE ( 'NONE', #272, #1672, #192, .T. ) ;
#1640 = CYLINDRICAL_SURFACE ( 'NONE', #1894, 44.50000000000000711 ) ;
#1641 = CARTESIAN_POINT ( 'NONE',  ( 43.35432056458333960, 31.81354166955717488, -5.309372990862526299E-15 ) ) ;
#1642 = CARTESIAN_POINT ( 'NONE',  ( 44.50000000000001421, 34.75041667244767041, 14.45892648236432443 ) ) ;
#1643 = CARTESIAN_POINT ( 'NONE',  ( 43.35432056458333960, 36.15270833622383861, -14.08667266822846642 ) ) ;
#1644 = CARTESIAN_POINT ( 'NONE',  ( 26.79444366807103250, 37.95187500289051030, -36.87938783381628838 ) ) ;
#1645 = CARTESIAN_POINT ( 'NONE',  ( 44.50000000000001421, 32.36916666666666487, 14.45892648236432443 ) ) ;
#1646 = CARTESIAN_POINT ( 'NONE',  ( 5.636746066678271383, 39.99999999999999289, -43.43607037040919749 ) ) ;
#1647 = EDGE_CURVE ( 'NONE', #1911, #322, #358, .T. ) ;
#1648 = DIRECTION ( 'NONE',  ( -0.000000000000000000, -1.000000000000000000, -0.000000000000000000 ) ) ;
#1649 = CARTESIAN_POINT ( 'NONE',  ( 0.000000000000000000, 31.00000000000001066, 0.000000000000000000 ) ) ;
#1650 = CARTESIAN_POINT ( 'NONE',  ( -43.35432056458333960, 40.70354166955716835, -14.08667266822846109 ) ) ;
#1651 = CARTESIAN_POINT ( 'NONE',  ( 36.00125624968516291, 30.83458333911434579, -26.15644372701505915 ) ) ;
#1652 = CARTESIAN_POINT ( 'NONE',  ( -26.79444366807103961, 34.67104166955716948, -36.87938783381628838 ) ) ;
#1653 = CARTESIAN_POINT ( 'NONE',  ( -43.35432056458333960, 36.68187500289050718, 14.08667266822847353 ) ) ;
#1654 = CARTESIAN_POINT ( 'NONE',  ( 26.79444366807103961, 37.84604166955716664, 36.87938783381628838 ) ) ;
#1655 = CARTESIAN_POINT ( 'NONE',  ( 36.00125624968516291, 34.80333333333334167, -26.15644372701505915 ) ) ;
#1656 = CARTESIAN_POINT ( 'NONE',  ( -3.111920190527341144E-15, 35.38541667244767552, -44.50000000000000000 ) ) ;
#1657 = CARTESIAN_POINT ( 'NONE',  ( -43.35432056458333960, 36.57604166955717773, 0.000000000000000000 ) ) ;
#1658 = AXIS2_PLACEMENT_3D ( 'NONE', #1432, #1270, #493 ) ;
#1659 = ADVANCED_FACE ( 'NONE', ( #388 ), #396, .T. ) ;
#1660 = EDGE_LOOP ( 'NONE', ( #1829, #887, #1405, #1552 ) ) ;
#1661 = CARTESIAN_POINT ( 'NONE',  ( 13.39722183403551270, 36.47020833622383407, -41.23240908249596970 ) ) ;
#1662 = DIRECTION ( 'NONE',  ( -0.000000000000000000, -1.000000000000000000, -0.000000000000000000 ) ) ;
#1663 = CARTESIAN_POINT ( 'NONE',  ( -43.35432056458333960, 36.47020833622384117, -14.08667266822846109 ) ) ;
#1664 = CARTESIAN_POINT ( 'NONE',  ( 44.50000000000000711, 36.70833333333333570, -5.449678256205721981E-15 ) ) ;
#1665 = CARTESIAN_POINT ( 'NONE',  ( -43.35432056458333960, 40.70354166955716835, -14.08667266822846109 ) ) ;
#1666 = CARTESIAN_POINT ( 'NONE',  ( 44.50000000000000711, 34.96208333911434352, -14.45892648236433864 ) ) ;
#1667 = FACE_OUTER_BOUND ( 'NONE', #1742, .T. ) ;
#1668 = ORIENTED_EDGE ( 'NONE', *, *, #1356, .F. ) ;
#1669 = CYLINDRICAL_SURFACE ( 'NONE', #554, 39.06000000000000227 ) ;
#1670 = CARTESIAN_POINT ( 'NONE',  ( -13.39722183403550737, 30.64937500289051187, 41.23240908249596970 ) ) ;
#1671 = CARTESIAN_POINT ( 'NONE',  ( 8.595196230979485600E-15, 34.06250000000000000, 46.79006897860290337 ) ) ;
#1672 = VERTEX_POINT ( 'NONE', #1501 ) ;
#1673 = CARTESIAN_POINT ( 'NONE',  ( 26.79444366807103606, 37.95187500289051030, -36.87938783381628838 ) ) ;
#1674 = CARTESIAN_POINT ( 'NONE',  ( 0.000000000000000000, 40.00000000000000000, 0.000000000000000000 ) ) ;
#1675 = CARTESIAN_POINT ( 'NONE',  ( -43.35432056458333960, 34.35354166955718114, -14.08667266822846109 ) ) ;
#1676 = CARTESIAN_POINT ( 'NONE',  ( -36.00125624968516291, 37.97833333333333883, 26.15644372701506626 ) ) ;
#1677 = CARTESIAN_POINT ( 'NONE',  ( 40.36761947963665165, 40.00000000000000711, 15.82920268166583533 ) ) ;
#1678 = CARTESIAN_POINT ( 'NONE',  ( -35.07438211632719316, 40.59770833622384600, -25.48303025102237385 ) ) ;
#1679 = EDGE_CURVE ( 'NONE', #88, #1834, #743, .T. ) ;
#1680 = CARTESIAN_POINT ( 'NONE',  ( 35.07438211632718605, 29.90854166955717375, -25.48303025102238095 ) ) ;
#1681 = ORIENTED_EDGE ( 'NONE', *, *, #36, .F. ) ;
#1682 = CARTESIAN_POINT ( 'NONE',  ( 26.79444366807104316, 39.43354166955717943, 36.87938783381628838 ) ) ;
#1683 = VERTEX_POINT ( 'NONE', #806 ) ;
#1684 = DIRECTION ( 'NONE',  ( 0.000000000000000000, 0.000000000000000000, -1.000000000000000000 ) ) ;
#1685 = CARTESIAN_POINT ( 'NONE',  ( 26.79444366807103250, 31.60187500289049822, -36.87938783381628838 ) ) ;
#1686 = PLANE ( 'NONE',  #1031 ) ;
#1687 = VECTOR ( 'NONE', #418, 1000.000000000000000 ) ;
#1688 = CARTESIAN_POINT ( 'NONE',  ( 41.67333680769475990, 40.00000000000000000, -12.03973649154628056 ) ) ;
#1689 = CARTESIAN_POINT ( 'NONE',  ( -36.00125624968516291, 31.62833333333333385, 26.15644372701506626 ) ) ;
#1690 = CARTESIAN_POINT ( 'NONE',  ( 35.07438211632718605, 39.96270833622384089, -25.48303025102238095 ) ) ;
#1691 = CARTESIAN_POINT ( 'NONE',  ( 8.373907701424337319E-15, 32.87187500289050490, 45.58543033117564391 ) ) ;
#1692 = CARTESIAN_POINT ( 'NONE',  ( 43.35432056458333960, 29.69687500289050774, -5.309372990862526299E-15 ) ) ;
#1693 = ORIENTED_EDGE ( 'NONE', *, *, #214, .T. ) ;
#1694 = CARTESIAN_POINT ( 'NONE',  ( 35.07438211632718605, 29.37937500289050874, -25.48303025102238095 ) ) ;
#1695 = ORIENTED_EDGE ( 'NONE', *, *, #1721, .F. ) ;
#1696 = CARTESIAN_POINT ( 'NONE',  ( 13.75125624968516824, 36.54958333911434210, 42.32201497513433708 ) ) ;
#1697 = CARTESIAN_POINT ( 'NONE',  ( -2.791302567141445904E-15, 29.69687500289050774, -45.58543033117564391 ) ) ;
#1698 =( NAMED_UNIT ( * ) SI_UNIT ( $, .STERADIAN. ) SOLID_ANGLE_UNIT ( ) );
#1699 = CARTESIAN_POINT ( 'NONE',  ( -35.07438211632719316, 34.77687500289050604, -25.48303025102237385 ) ) ;
#1700 = CARTESIAN_POINT ( 'NONE',  ( 8.595196230979485600E-15, 30.09375000578100767, 46.79006897860290337 ) ) ;
#1701 = CARTESIAN_POINT ( 'NONE',  ( -13.75125624968516291, 33.10999999999999943, -42.32201497513433708 ) ) ;
#1702 = CARTESIAN_POINT ( 'NONE',  ( -13.39722183403550737, 39.11604166955717687, 41.23240908249596970 ) ) ;
#1703 = CARTESIAN_POINT ( 'NONE',  ( -35.07438211632718605, 32.55437500289050945, 25.48303025102238450 ) ) ;
#1704 = CARTESIAN_POINT ( 'NONE',  ( 13.39722183403552336, 31.39020833622384288, 41.23240908249596259 ) ) ;
#1705 = ORIENTED_EDGE ( 'NONE', *, *, #1201, .F. ) ;
#1706 = CARTESIAN_POINT ( 'NONE',  ( -38.83867546986403596, 40.00000000000000000, 21.59997528105106568 ) ) ;
#1707 = CARTESIAN_POINT ( 'NONE',  ( 26.79444366807103606, 31.60187500289050533, -36.87938783381628838 ) ) ;
#1708 = VERTEX_POINT ( 'NONE', #815 ) ;
#1709 = CARTESIAN_POINT ( 'NONE',  ( 43.35432056458333960, 33.50687500289051002, -14.08667266822846642 ) ) ;
#1710 = CARTESIAN_POINT ( 'NONE',  ( 43.34114071616608754, 40.00000000000000711, 1.286447721349175177 ) ) ;
#1711 = CARTESIAN_POINT ( 'NONE',  ( 31.98696078705016177, 40.00000000000000000, -29.26485009741838539 ) ) ;
#1712 = CARTESIAN_POINT ( 'NONE',  ( -26.79444366807102540, 28.95604166955717673, 36.87938783381629548 ) ) ;
#1713 = CARTESIAN_POINT ( 'NONE',  ( -26.79444366807103961, 36.25854166955717517, -36.87938783381628838 ) ) ;
#1714 = CARTESIAN_POINT ( 'NONE',  ( 13.39722183403551270, 30.12020833622384330, -41.23240908249596970 ) ) ;
#1715 = CARTESIAN_POINT ( 'NONE',  ( -36.45422371692323082, 29.50602594394837652, 25.53298749454696903 ) ) ;
#1716 = EDGE_LOOP ( 'NONE', ( #1518, #910, #1044 ) ) ;
#1717 = CARTESIAN_POINT ( 'NONE',  ( -28.42123488049579905, 39.99999999999999289, 33.85441391161091218 ) ) ;
#1718 = CARTESIAN_POINT ( 'NONE',  ( -2.791302567141446299E-15, 33.93020833622383492, -45.58543033117564391 ) ) ;
#1719 = ORIENTED_EDGE ( 'NONE', *, *, #898, .T. ) ;
#1720 = CARTESIAN_POINT ( 'NONE',  ( -27.50251249937031872, 37.71375000578101577, -37.85396097166577789 ) ) ;
#1721 = EDGE_CURVE ( 'NONE', #2038, #322, #1163, .T. ) ;
#1722 = CARTESIAN_POINT ( 'NONE',  ( -36.00125624968516291, 29.51166666666667382, 26.15644372701506626 ) ) ;
#1723 = CYLINDRICAL_SURFACE ( 'NONE', #68, 44.50000000000000711 ) ;
#1724 = CARTESIAN_POINT ( 'NONE',  ( 36.00125624968516291, 30.57000000000000384, -26.15644372701505915 ) ) ;
#1725 = CARTESIAN_POINT ( 'NONE',  ( -26.79444366807103606, 34.67104166955717659, -36.87938783381628838 ) ) ;
#1726 = CARTESIAN_POINT ( 'NONE',  ( -3.111920190527341144E-15, 30.88750000000000639, -44.50000000000000000 ) ) ;
#1727 = AXIS2_PLACEMENT_3D ( 'NONE', #265, #397, #721 ) ;
#1728 = CARTESIAN_POINT ( 'NONE',  ( -2.791302567141446299E-15, 36.04687500289050206, -45.58543033117564391 ) ) ;
#1729 = AXIS2_PLACEMENT_3D ( 'NONE', #4, #494, #1271 ) ;
#1730 = CARTESIAN_POINT ( 'NONE',  ( 8.373907701424337319E-15, 33.40104166955718057, 45.58543033117564391 ) ) ;
#1731 = CARTESIAN_POINT ( 'NONE',  ( 44.50000000000001421, 36.86708333911435176, 14.45892648236432443 ) ) ;
#1732 = CARTESIAN_POINT ( 'NONE',  ( 8.373907701424337319E-15, 32.87187500289050490, 45.58543033117564391 ) ) ;
#1733 = VERTEX_POINT ( 'NONE', #1968 ) ;
#1734 = CARTESIAN_POINT ( 'NONE',  ( 44.50000000000000711, 36.81416666666666515, -14.45892648236433864 ) ) ;
#1735 =( LENGTH_UNIT ( ) NAMED_UNIT ( * ) SI_UNIT ( .MILLI., .METRE. ) );
#1736 = CARTESIAN_POINT ( 'NONE',  ( -2.791302567141445904E-15, 36.57604166955717773, -45.58543033117564391 ) ) ;
#1737 = CARTESIAN_POINT ( 'NONE',  ( -44.50000000000000711, 31.31083333333333485, -14.45892648236433153 ) ) ;
#1738 = CARTESIAN_POINT ( 'NONE',  ( 8.373907701424337319E-15, 39.22187500289051343, 45.58543033117564391 ) ) ;
#1739 = CARTESIAN_POINT ( 'NONE',  ( 35.07438211632719316, 31.60187500289050888, 25.48303025102237029 ) ) ;
#1740 = CARTESIAN_POINT ( 'NONE',  ( 36.00125624968516291, 38.87791667244768234, 26.15644372701505205 ) ) ;
#1741 = CARTESIAN_POINT ( 'NONE',  ( -35.07438211632719316, 36.89354166955717318, -25.48303025102237385 ) ) ;
#1742 = EDGE_LOOP ( 'NONE', ( #1243, #1719, #1705, #1856 ) ) ;
#1743 = CARTESIAN_POINT ( 'NONE',  ( -28.08792534929248319, 39.99999999999999289, -34.19333879565924406 ) ) ;
#1744 = CARTESIAN_POINT ( 'NONE',  ( 0.000000000000000000, 31.00000000000001066, -50.48250000000000171 ) ) ;
#1745 = CARTESIAN_POINT ( 'NONE',  ( -44.50000000000000711, 31.68125000578101691, 0.000000000000000000 ) ) ;
#1746 = CARTESIAN_POINT ( 'NONE',  ( 26.79444366807103250, 34.24770833622384458, -36.87938783381628838 ) ) ;
#1747 = CARTESIAN_POINT ( 'NONE',  ( -36.00125624968516291, 33.32166666666666544, -26.15644372701505560 ) ) ;
#1748 = CARTESIAN_POINT ( 'NONE',  ( -7.048107594441903601, 31.89158921869626795, 44.50000000000000000 ) ) ;
#1749 = CARTESIAN_POINT ( 'NONE',  ( 43.35432056458334671, 29.59104166955716764, 14.08667266822845754 ) ) ;
#1750 = CARTESIAN_POINT ( 'NONE',  ( 44.50000000000001421, 40.83583333333332632, 14.45892648236432443 ) ) ;
#1751 = CARTESIAN_POINT ( 'NONE',  ( 0.000000000000000000, 31.00000000000001066, -44.50000000000000711 ) ) ;
#1752 = EDGE_CURVE ( 'NONE', #1439, #1351, #893, .T. ) ;
#1753 = CARTESIAN_POINT ( 'NONE',  ( 7.048107594441828105, 36.49799412041808466, 44.50000000000002132 ) ) ;
#1754 = CARTESIAN_POINT ( 'NONE',  ( -43.35432056458333960, 41.23270833622384401, -14.08667266822846109 ) ) ;
#1755 = ORIENTED_EDGE ( 'NONE', *, *, #1342, .T. ) ;
#1756 = CARTESIAN_POINT ( 'NONE',  ( 0.000000000000000000, 40.00000000000000000, 0.000000000000000000 ) ) ;
#1757 = CARTESIAN_POINT ( 'NONE',  ( -44.50000000000000711, 35.54416666666666913, -14.45892648236433153 ) ) ;
#1758 = CARTESIAN_POINT ( 'NONE',  ( -13.39722183403550737, 31.17854166955717332, 41.23240908249596970 ) ) ;
#1759 = DIRECTION ( 'NONE',  ( -0.000000000000000000, -1.000000000000000000, -0.000000000000000000 ) ) ;
#1760 = DIRECTION ( 'NONE',  ( 0.000000000000000000, -1.000000000000000000, 0.000000000000000000 ) ) ;
#1761 =( BOUNDED_CURVE ( )  B_SPLINE_CURVE ( 2, ( #1026, #1848, #1345, #1988, #869 ),
 .UNSPECIFIED., .F., .F. ) 
 B_SPLINE_CURVE_WITH_KNOTS ( ( 3, 2, 3 ),
 ( 0.2638767498202019834, 0.2675981285634353446, 0.2759314618967686483 ),
 .UNSPECIFIED. ) 
 CURVE ( )  GEOMETRIC_REPRESENTATION_ITEM ( )  RATIONAL_B_SPLINE_CURVE ( ( 0.9830237031149453575, 0.9890717656072597341, 1.000000000000000000, 0.9755282581475769321, 0.9755282581475768211 ) ) 
 REPRESENTATION_ITEM ( '' )  );
#1762 = CARTESIAN_POINT ( 'NONE',  ( 26.79444366807104316, 30.96687500289050732, 36.87938783381628838 ) ) ;
#1763 = CARTESIAN_POINT ( 'NONE',  ( 8.373907701424337319E-15, 31.28437500289050988, 45.58543033117564391 ) ) ;
#1764 = AXIS2_PLACEMENT_3D ( 'NONE', #1756, #178, #1770 ) ;
#1765 = CARTESIAN_POINT ( 'NONE',  ( -40.92652152032817980, 40.00000000000000000, -17.53214547510457066 ) ) ;
#1766 = DIRECTION ( 'NONE',  ( 0.000000000000000000, -1.000000000000000000, 0.000000000000000000 ) ) ;
#1767 = AXIS2_PLACEMENT_3D ( 'NONE', #1631, #149, #456 ) ;
#1768 = CARTESIAN_POINT ( 'NONE',  ( -13.39722183403551803, 36.68187500289050718, -41.23240908249596259 ) ) ;
#1769 = CARTESIAN_POINT ( 'NONE',  ( -3.111920190527341144E-15, 35.38541667244767552, -44.50000000000000000 ) ) ;
#1770 = DIRECTION ( 'NONE',  ( 0.000000000000000000, -0.000000000000000000, 1.000000000000000000 ) ) ;
#1771 = CARTESIAN_POINT ( 'NONE',  ( -36.00125624968516291, 34.00958333911434295, 26.15644372701506626 ) ) ;
#1772 = CARTESIAN_POINT ( 'NONE',  ( 43.35432056458333960, 31.91937500289050789, -14.08667266822846642 ) ) ;
#1773 = CARTESIAN_POINT ( 'NONE',  ( -7.048107594441821888, 33.05841078130374200, -44.50000000000002132 ) ) ;
#1774 = DIRECTION ( 'NONE',  ( 0.000000000000000000, 0.000000000000000000, -1.000000000000000000 ) ) ;
#1775 = CARTESIAN_POINT ( 'NONE',  ( 35.07438211632718605, 29.37937500289050874, -25.48303025102238095 ) ) ;
#1776 = CARTESIAN_POINT ( 'NONE',  ( 27.50251249937031872, 41.25916666666666544, -37.85396097166577789 ) ) ;
#1777 = ADVANCED_FACE ( 'NONE', ( #846 ), #319, .T. ) ;
#1778 = FACE_OUTER_BOUND ( 'NONE', #1810, .T. ) ;
#1779 = CARTESIAN_POINT ( 'NONE',  ( 7.048107594441851198, 38.35007744797041340, 44.50000000000001421 ) ) ;
#1780 = CYLINDRICAL_SURFACE ( 'NONE', #170, 44.50000000000000711 ) ;
#1781 = CARTESIAN_POINT ( 'NONE',  ( -29.46902760798194265, 40.00000000000000000, -33.04267139581124013 ) ) ;
#1782 = CARTESIAN_POINT ( 'NONE',  ( 7.048107594441873403, 32.26466078708475038, 44.50000000000000000 ) ) ;
#1783 = PRODUCT_DEFINITION_SHAPE ( 'NONE', 'NONE',  #1851 ) ;
#1784 = CARTESIAN_POINT ( 'NONE',  ( -44.50000000000000711, 31.78708333911435346, 14.45892648236434574 ) ) ;
#1785 = CYLINDRICAL_SURFACE ( 'NONE', #1435, 44.50000000000000711 ) ;
#1786 = CARTESIAN_POINT ( 'NONE',  ( 33.63730636780370986, 39.98107689266532105, -27.46099532963766876 ) ) ;
#1787 = CARTESIAN_POINT ( 'NONE',  ( 35.07438211632718605, 31.49604166955717588, -25.48303025102238095 ) ) ;
#1788 = CARTESIAN_POINT ( 'NONE',  ( -43.35432056458333960, 30.75520833622384131, 0.000000000000000000 ) ) ;
#1789 = CARTESIAN_POINT ( 'NONE',  ( 4.001040244963724215E-15, 39.61875000578101691, -44.50000000000000000 ) ) ;
#1790 = CARTESIAN_POINT ( 'NONE',  ( -3.778760231354628329E-14, 38.29583333333333428, 44.50000000000000000 ) ) ;
#1791 = CARTESIAN_POINT ( 'NONE',  ( 13.39722183403551270, 40.70354166955717545, -41.23240908249596970 ) ) ;
#1792 = CARTESIAN_POINT ( 'NONE',  ( 8.446640517145639571E-15, 32.21041667244767837, 44.50000000000000000 ) ) ;
#1793 = DIRECTION ( 'NONE',  ( 0.000000000000000000, 0.000000000000000000, -1.000000000000000000 ) ) ;
#1794 = CARTESIAN_POINT ( 'NONE',  ( 36.00125624968516291, 32.95125000578101293, -26.15644372701505915 ) ) ;
#1795 = CARTESIAN_POINT ( 'NONE',  ( 44.50000000000000711, 34.85625000578101407, -5.449678256205721981E-15 ) ) ;
#1796 = CARTESIAN_POINT ( 'NONE',  ( 36.00125624968516291, 28.71791667244768220, -26.15644372701505915 ) ) ;
#1797 = CARTESIAN_POINT ( 'NONE',  ( 8.373907701424337319E-15, 37.63437500289049353, 45.58543033117564391 ) ) ;
#1798 = EDGE_CURVE ( 'NONE', #808, #599, #651, .T. ) ;
#1799 = CARTESIAN_POINT ( 'NONE',  ( -35.51568762505585397, 28.31540094731038693, 24.87562532740390608 ) ) ;
#1800 = CARTESIAN_POINT ( 'NONE',  ( -2.865065410326494806E-15, 37.23749999999999716, -46.79006897860290337 ) ) ;
#1801 = CARTESIAN_POINT ( 'NONE',  ( -6.910732535515964337, 40.00000000000002132, -43.41385291026175963 ) ) ;
#1802 = CARTESIAN_POINT ( 'NONE',  ( -36.00125624968516291, 29.77625000578101222, 26.15644372701506626 ) ) ;
#1803 = CARTESIAN_POINT ( 'NONE',  ( -44.50000000000000711, 31.57541667244768391, -14.45892648236433153 ) ) ;
#1804 = CARTESIAN_POINT ( 'NONE',  ( -7.048107594441868073, 35.43966078708475465, -44.50000000000000000 ) ) ;
#1805 = CARTESIAN_POINT ( 'NONE',  ( 44.50000000000000711, 28.50625000578101620, -5.449678256205721981E-15 ) ) ;
#1806 = CARTESIAN_POINT ( 'NONE',  ( 43.35432056458334671, 38.05770833622384686, 14.08667266822845576 ) ) ;
#1807 = CARTESIAN_POINT ( 'NONE',  ( -13.39722183403551803, 38.26937500289050575, -41.23240908249596259 ) ) ;
#1808 = CARTESIAN_POINT ( 'NONE',  ( -13.75125624968516291, 30.99333333333333940, -42.32201497513433708 ) ) ;
#1809 = CARTESIAN_POINT ( 'NONE',  ( 44.50000000000001421, 28.40041667244767254, 14.45892648236432443 ) ) ;
#1810 = EDGE_LOOP ( 'NONE', ( #1393, #1886 ) ) ;
#1811 = CARTESIAN_POINT ( 'NONE',  ( 43.35432056458333960, 37.63437500289051485, -5.309372990862526299E-15 ) ) ;
#1812 = CARTESIAN_POINT ( 'NONE',  ( 13.75125624968516824, 34.43291667244768206, 42.32201497513433708 ) ) ;
#1813 = CARTESIAN_POINT ( 'NONE',  ( -43.35432056458333960, 34.98854166955717204, 0.000000000000000000 ) ) ;
#1814 = CARTESIAN_POINT ( 'NONE',  ( -26.79444366807102540, 36.89354166955716607, 36.87938783381629548 ) ) ;
#1815 = CARTESIAN_POINT ( 'NONE',  ( 27.50251249937031872, 39.14249999999999829, -37.85396097166577789 ) ) ;
#1816 = EDGE_CURVE ( 'NONE', #1088, #1068, #1932, .T. ) ;
#1817 = ADVANCED_FACE ( 'NONE', ( #484 ), #1458, .T. ) ;
#1818 = DIRECTION ( 'NONE',  ( 0.000000000000000000, -1.000000000000000000, 0.000000000000000000 ) ) ;
#1819 = CARTESIAN_POINT ( 'NONE',  ( -8.580008525311097072E-14, 27.97708333911434053, 44.50000000000000711 ) ) ;
#1820 = CARTESIAN_POINT ( 'NONE',  ( 17.22755282740145688, 40.00000000000002132, 40.00708208838897662 ) ) ;
#1821 = CARTESIAN_POINT ( 'NONE',  ( 9.113480557972927072E-14, 33.26875000578100838, -44.50000000000000711 ) ) ;
#1822 = CARTESIAN_POINT ( 'NONE',  ( -43.35432056458333960, 39.32770833622384288, 14.08667266822847353 ) ) ;
#1823 = DIRECTION ( 'NONE',  ( 0.000000000000000000, 0.000000000000000000, -1.000000000000000000 ) ) ;
#1824 = CARTESIAN_POINT ( 'NONE',  ( -7.048107594441868073, 37.29174411463707628, -44.50000000000000000 ) ) ;
#1825 = CARTESIAN_POINT ( 'NONE',  ( -27.50251249937031162, 27.76541667244767808, 37.85396097166579210 ) ) ;
#1826 = CARTESIAN_POINT ( 'NONE',  ( -27.50251249937031872, 35.59708333911434153, -37.85396097166577789 ) ) ;
#1827 =( BOUNDED_CURVE ( )  B_SPLINE_CURVE ( 2, ( #1769, #1804, #695, #30, #839, #187, #1470, #332, #360, #1177, #1919, #497, #1015 ),
 .UNSPECIFIED., .F., .F. ) 
 B_SPLINE_CURVE_WITH_KNOTS ( ( 3, 2, 2, 2, 2, 2, 3 ),
 ( 0.6092647952301020187, 0.6175981285634353224, 0.6342647952301020409, 0.6509314618967687593, 0.6675981285634353668, 0.6842647952301019743, 0.6925981285634352780 ),
 .UNSPECIFIED. ) 
 CURVE ( )  GEOMETRIC_REPRESENTATION_ITEM ( )  RATIONAL_B_SPLINE_CURVE ( ( 0.9755282581475768211, 0.9755282581475768211, 1.000000000000000000, 0.9510565162951535312, 1.000000000000000000, 0.9510565162951535312, 1.000000000000000000, 0.9510565162951535312, 1.000000000000000000, 0.9510565162951535312, 1.000000000000000000, 0.9755282581475769321, 0.9755282581475768211 ) ) 
 REPRESENTATION_ITEM ( '' )  );
#1828 = CARTESIAN_POINT ( 'NONE',  ( -35.07438211632719316, 36.36437500289051172, -25.48303025102237385 ) ) ;
#1829 = ORIENTED_EDGE ( 'NONE', *, *, #609, .T. ) ;
#1830 = CYLINDRICAL_SURFACE ( 'NONE', #1299, 44.50000000000000711 ) ;
#1831 = CARTESIAN_POINT ( 'NONE',  ( 43.35432056458333960, 31.39020833622384288, -14.08667266822846642 ) ) ;
#1832 = CARTESIAN_POINT ( 'NONE',  ( 38.57768212350826076, 39.99999999999998579, -19.98486377877651776 ) ) ;
#1833 = EDGE_CURVE ( 'NONE', #228, #88, #1603, .T. ) ;
#1834 = VERTEX_POINT ( 'NONE', #1790 ) ;
#1835 = CARTESIAN_POINT ( 'NONE',  ( 26.79444366807104316, 35.20020833622384515, 36.87938783381628838 ) ) ;
#1836 =( BOUNDED_CURVE ( )  B_SPLINE_CURVE ( 2, ( #1001, #811, #658, #502, #1147, #513, #1159, #1822, #2021, #1385, #1028, #84, #713, #1347, #1523, #871, #583, #857, #378, #1020, #548, #1654, #1194, #541, #1187, #91, #1841, #1363, #395, #1047, #2010, #572, #1103, #1736, #1547, #264, #1257, #768, #1071, #1408, #753, #465, #1267, #122, #947, #275, #1114, #167, #925, #288, #1699, #1725, #914, #936, #1571, #1746, #1902, #2031, #798, #1558, #10, #633, #1276, #595, #2058, #429, #1081, #1236, #299, #1870, #614, #416, #1891, #1583, #156, #1429, #624, #1772, #1641, #521, #1623, #1604, #1008, #1490, #1758, #821, #1950, #1463, #656, #1303, #343, #1472, #616, #1594, #1905, #636, #13, #300, #1, #1749, #1279, #757, #1872, #431, #1083, #1712, #278, #476, #1605 ),
 .UNSPECIFIED., .F., .F. ) 
 B_SPLINE_CURVE_WITH_KNOTS ( ( 3, 2, 2, 2, 2, 2, 2, 2, 2, 2, 2, 2, 2, 2, 2, 2, 2, 2, 2, 2, 2, 2, 2, 2, 2, 2, 2, 2, 2, 2, 2, 2, 2, 2, 2, 2, 2, 2, 2, 2, 2, 2, 2, 2, 2, 2, 2, 2, 2, 2, 2, 2, 2, 2, 3 ),
 ( 0.1054602983225356311, 0.1166666666666666685, 0.1333333333333333315, 0.1499999999999999944, 0.1666666666666666574, 0.1833333333333333204, 0.2000000000000000111, 0.2166666666666666741, 0.2333333333333333370, 0.2500000000000000000, 0.2666666666666666630, 0.2833333333333333814, 0.2999999999999999889, 0.3166666666666666519, 0.3333333333333333148, 0.3499999999999999778, 0.3666666666666666408, 0.3833333333333333592, 0.4000000000000000222, 0.4166666666666666852, 0.4333333333333334036, 0.4500000000000000111, 0.4666666666666666741, 0.4833333333333333370, 0.5000000000000000000, 0.5166666666666667185, 0.5333333333333333259, 0.5500000000000000444, 0.5666666666666666519, 0.5833333333333333703, 0.5999999999999999778, 0.6166666666666666963, 0.6333333333333333037, 0.6500000000000000222, 0.6666666666666666297, 0.6833333333333333481, 0.6999999999999999556, 0.7166666666666666741, 0.7333333333333332815, 0.7500000000000000000, 0.7666666666666667185, 0.7833333333333333259, 0.8000000000000000444, 0.8166666666666665408, 0.8333333333333333703, 0.8499999999999999778, 0.8666666666666666963, 0.8833333333333333037, 0.9000000000000000222, 0.9166666666666666297, 0.9333333333333333481, 0.9499999999999999556, 0.9666666666666666741, 0.9833333333333332815, 0.9842647953115473136 ),
 .UNSPECIFIED. ) 
 CURVE ( )  GEOMETRIC_REPRESENTATION_ITEM ( )  RATIONAL_B_SPLINE_CURVE ( ( 0.9784370270027515915, 0.9670912776135108802, 1.000000000000000000, 0.9510565162951535312, 1.000000000000000000, 0.9510565162951535312, 1.000000000000000000, 0.9510565162951535312, 1.000000000000000000, 0.9510565162951535312, 1.000000000000000000, 0.9510565162951535312, 1.000000000000000000, 0.9510565162951535312, 1.000000000000000000, 0.9510565162951535312, 1.000000000000000000, 0.9510565162951535312, 1.000000000000000000, 0.9510565162951535312, 1.000000000000000000, 0.9510565162951535312, 1.000000000000000000, 0.9510565162951535312, 1.000000000000000000, 0.9510565162951535312, 1.000000000000000000, 0.9510565162951535312, 1.000000000000000000, 0.9510565162951535312, 1.000000000000000000, 0.9510565162951535312, 1.000000000000000000, 0.9510565162951535312, 1.000000000000000000, 0.9510565162951535312, 1.000000000000000000, 0.9510565162951535312, 1.000000000000000000, 0.9510565162951535312, 1.000000000000000000, 0.9510565162951535312, 1.000000000000000000, 0.9510565162951535312, 1.000000000000000000, 0.9510565162951535312, 1.000000000000000000, 0.9510565162951535312, 1.000000000000000000, 0.9510565162951535312, 1.000000000000000000, 0.9510565162951535312, 1.000000000000000000, 0.9510565162951535312, 1.000000000000000000, 0.9510565162951535312, 1.000000000000000000, 0.9510565162951535312, 1.000000000000000000, 0.9510565162951535312, 1.000000000000000000, 0.9510565162951535312, 1.000000000000000000, 0.9510565162951535312, 1.000000000000000000, 0.9510565162951535312, 1.000000000000000000, 0.9510565162951535312, 1.000000000000000000, 0.9510565162951535312, 1.000000000000000000, 0.9510565162951535312, 1.000000000000000000, 0.9510565162951535312, 1.000000000000000000, 0.9510565162951535312, 1.000000000000000000, 0.9510565162951535312, 1.000000000000000000, 0.9510565162951535312, 1.000000000000000000, 0.9510565162951535312, 1.000000000000000000, 0.9510565162951535312, 1.000000000000000000, 0.9510565162951535312, 1.000000000000000000, 0.9510565162951535312, 1.000000000000000000, 0.9510565162951535312, 1.000000000000000000, 0.9510565162951535312, 1.000000000000000000, 0.9510565162951535312, 1.000000000000000000, 0.9510565162951535312, 1.000000000000000000, 0.9510565162951535312, 1.000000000000000000, 0.9510565162951535312, 1.000000000000000000, 0.9510565162951535312, 1.000000000000000000, 0.9510565162951535312, 1.000000000000000000, 0.9510565162951535312, 1.000000000000000000, 0.9972646603508559249, 0.9948350644873933390 ) ) 
 REPRESENTATION_ITEM ( '' )  );
#1837 = EDGE_CURVE ( 'NONE', #2038, #1111, #326, .T. ) ;
#1838 = ORIENTED_EDGE ( 'NONE', *, *, #369, .T. ) ;
#1839 = CARTESIAN_POINT ( 'NONE',  ( 13.75125624968515758, 37.13166666666666771, -42.32201497513433708 ) ) ;
#1840 = CARTESIAN_POINT ( 'NONE',  ( 13.39722183403551270, 31.70770833622384188, -41.23240908249596970 ) ) ;
#1841 = CARTESIAN_POINT ( 'NONE',  ( -35.07438211632718605, 37.31687500289050519, 25.48303025102238450 ) ) ;
#1842 = CARTESIAN_POINT ( 'NONE',  ( 44.50000000000000711, 32.58083333333333798, -14.45892648236433864 ) ) ;
#1843 = CARTESIAN_POINT ( 'NONE',  ( -43.35432056458333960, 34.88270833622383549, -14.08667266822846109 ) ) ;
#1844 = ORIENTED_EDGE ( 'NONE', *, *, #750, .F. ) ;
#1845 = CARTESIAN_POINT ( 'NONE',  ( -35.07438211632719316, 40.59770833622384600, -25.48303025102237385 ) ) ;
#1846 = ORIENTED_EDGE ( 'NONE', *, *, #302, .T. ) ;
#1847 = CARTESIAN_POINT ( 'NONE',  ( 13.39722183403551270, 34.35354166955717403, -41.23240908249596970 ) ) ;
#1848 = CARTESIAN_POINT ( 'NONE',  ( 16.70366184053319358, 31.02352750542483051, -41.36272024739965758 ) ) ;
#1849 = CARTESIAN_POINT ( 'NONE',  ( 43.35432056458333960, 35.51770833622384060, -5.309372990862526299E-15 ) ) ;
#1850 = CARTESIAN_POINT ( 'NONE',  ( 44.50000000000000711, 30.46416666666666728, -14.45892648236433864 ) ) ;
#1851 = PRODUCT_DEFINITION ( 'UNKNOWN', '', #1002, #1421 ) ;
#1852 = CARTESIAN_POINT ( 'NONE',  ( -36.45422371692323082, 29.50602594394837297, 25.53298749454696903 ) ) ;
#1853 = CARTESIAN_POINT ( 'NONE',  ( -26.79444366807102895, 36.89354166955716607, 36.87938783381629548 ) ) ;
#1854 = CARTESIAN_POINT ( 'NONE',  ( 13.39722183403551270, 32.23687500289050689, -41.23240908249596970 ) ) ;
#1855 = CARTESIAN_POINT ( 'NONE',  ( -35.07438211632718605, 28.32104166955717872, 25.48303025102238450 ) ) ;
#1856 = ORIENTED_EDGE ( 'NONE', *, *, #150, .F. ) ;
#1857 = CARTESIAN_POINT ( 'NONE',  ( 1.598434885937781935, 39.99999999999998579, 43.77151003615750113 ) ) ;
#1858 = CARTESIAN_POINT ( 'NONE',  ( -43.35432056458333960, 30.22604166955717631, 0.000000000000000000 ) ) ;
#1859 = CARTESIAN_POINT ( 'NONE',  ( -35.93569720648110888, 28.30970014753998143, 24.25330447383941390 ) ) ;
#1860 = AXIS2_PLACEMENT_3D ( 'NONE', #832, #1158, #1963 ) ;
#1861 = CARTESIAN_POINT ( 'NONE',  ( 43.07689106608950880, 40.00000000000001421, -5.096779050241477371 ) ) ;
#1862 = CARTESIAN_POINT ( 'NONE',  ( -36.88533248791077312, 29.50032514369671333, 24.89422116187359180 ) ) ;
#1863 = CARTESIAN_POINT ( 'NONE',  ( 26.79444366807103606, 33.71854166955717602, -36.87938783381628838 ) ) ;
#1864 = CARTESIAN_POINT ( 'NONE',  ( -13.39722183403550737, 29.06187500289050973, 41.23240908249596970 ) ) ;
#1865 = CARTESIAN_POINT ( 'NONE',  ( 8.373907701424337319E-15, 28.63854166955717062, 45.58543033117564391 ) ) ;
#1866 = ORIENTED_EDGE ( 'NONE', *, *, #702, .F. ) ;
#1867 = CARTESIAN_POINT ( 'NONE',  ( 26.79444366807103606, 34.24770833622384458, -36.87938783381628838 ) ) ;
#1868 = CARTESIAN_POINT ( 'NONE',  ( 27.50251249937032227, 36.65541667244767865, 37.85396097166577789 ) ) ;
#1869 = CARTESIAN_POINT ( 'NONE',  ( -43.35432056458333960, 30.12020833622383975, -14.08667266822846109 ) ) ;
#1870 = CARTESIAN_POINT ( 'NONE',  ( -43.35432056458333960, 32.76604166955717545, -14.08667266822846109 ) ) ;
#1871 = CARTESIAN_POINT ( 'NONE',  ( -27.50251249937031872, 31.09916666666666885, -37.85396097166577789 ) ) ;
#1872 = CARTESIAN_POINT ( 'NONE',  ( 13.39722183403552336, 29.27354166955717218, 41.23240908249596259 ) ) ;
#1873 = CARTESIAN_POINT ( 'NONE',  ( 26.79444366807104316, 35.20020833622384515, 36.87938783381628838 ) ) ;
#1874 = CARTESIAN_POINT ( 'NONE',  ( -43.35432056458333960, 32.76604166955717545, -14.08667266822846109 ) ) ;
#1875 = ORIENTED_EDGE ( 'NONE', *, *, #1425, .T. ) ;
#1876 = EDGE_CURVE ( 'NONE', #808, #80, #204, .T. ) ;
#1877 = CARTESIAN_POINT ( 'NONE',  ( -13.39722183403550737, 28.53270833622384473, 41.23240908249596970 ) ) ;
#1878 = ORIENTED_EDGE ( 'NONE', *, *, #19, .F. ) ;
#1879 = CARTESIAN_POINT ( 'NONE',  ( 27.50251249937032583, 36.39083333333333314, 37.85396097166577789 ) ) ;
#1880 = SURFACE_SIDE_STYLE ('',( #1258 ) ) ;
#1881 = CARTESIAN_POINT ( 'NONE',  ( 43.35432056458333960, 33.50687500289051712, -14.08667266822846642 ) ) ;
#1882 = CARTESIAN_POINT ( 'NONE',  ( -43.35432056458333960, 32.87187500289051201, 0.000000000000000000 ) ) ;
#1883 = CARTESIAN_POINT ( 'NONE',  ( 26.79444366807104316, 33.61270833622383947, 36.87938783381628838 ) ) ;
#1884 = CARTESIAN_POINT ( 'NONE',  ( -44.21773229737487299, 40.00000000000000000, 5.215014731945768034 ) ) ;
#1885 = CARTESIAN_POINT ( 'NONE',  ( 43.35432056458334671, 29.06187500289050263, 14.08667266822845576 ) ) ;
#1886 = ORIENTED_EDGE ( 'NONE', *, *, #79, .F. ) ;
#1887 = CARTESIAN_POINT ( 'NONE',  ( -13.75125624968515226, 36.33791667244767609, 42.32201497513433708 ) ) ;
#1888 =( BOUNDED_SURFACE ( )  B_SPLINE_SURFACE ( 1, 2, ( 
 ( #618, #951, #825, #1597, #1151, #172, #1608, #804, #1445, #15, #1466, #638, #1281, #1943, #183, #813, #347, #990, #27, #375, #386, #710, #1952, #1333, #208, #842, #511, #72, #42, #1157, #229, #1806, #198, #1982, #698, #1797, #354, #998, #538, #1974, #1483, #52, #1025, #677, #1325, #1962, #1661, #362, #1010, #1643, #221, #850, #1492, #63, #1352, #862, #1505, #689, #81, #529, #1813, #368, #1018, #1652, #1223, #1069, #1847, #1867, #425, #132, #1997, #2041, #98, #725, #280, #707, #226, #1563, #774, #606, #1882, #929, #860, #1465, #200, #14, #1915, #835, #1607, #669, #637, #2, #1739, #303, #503, #1763, #1149, #1107, #1117, #1444, #1788, #1942, #1280, #950, #963, #182, #337, #940, #1477, #1138, #328, #790, #492, #480, #626, #1585, #1317, #648, #34, #659, #1269 ),
 ( #469, #1455, #812, #159, #1125, #26, #1292, #1776, #975, #1431, #1906, #1750, #1928, #344, #316, #1596, #803, #171, #1617, #989, #45, #191, #824, #1307, #1628, #457, #542, #1815, #211, #1188, #851, #1484, #1004, #93, #75, #865, #85, #680, #1991, #1965, #238, #1516, #523, #858, #1182, #1800, #1339, #372, #1022, #1030, #1664, #845, #357, #1327, #66, #1197, #56, #1173, #1494, #1014, #703, #551, #1954, #692, #1509, #515, #1038, #1978, #1655, #532, #222, #1502, #232, #1161, #1349, #1671, #715, #1355, #873, #2035, #1051, #245, #1093, #596, #1701, #1205, #882, #1238, #1524, #1842, #103, #277, #1061, #732, #2012, #1399, #1375, #574, #1689, #442, #1560, #137, #291, #1871, #1388, #398, #891, #1216, #1537, #742, #756, #113, #585, #430, #1082, #927, #1573, #1366, #2023, #1852, #1862 ) ),
 .UNSPECIFIED., .F., .F., .T. ) 
 B_SPLINE_SURFACE_WITH_KNOTS ( ( 2, 2 ),
 ( 3, 2, 2, 2, 2, 2, 2, 2, 2, 2, 2, 2, 2, 2, 2, 2, 2, 2, 2, 2, 2, 2, 2, 2, 2, 2, 2, 2, 2, 2, 2, 2, 2, 2, 2, 2, 2, 2, 2, 2, 2, 2, 2, 2, 2, 2, 2, 2, 2, 2, 2, 2, 2, 2, 2, 2, 2, 2, 2, 2, 3 ),
 ( 0.000000000000000000, 1.000000000000000000 ),
 ( 0.000000000000000000, 0.01666666666666666644, 0.03333333333333333287, 0.05000000000000000278, 0.06666666666666666574, 0.08333333333333332871, 0.1000000000000000056, 0.1166666666666666685, 0.1333333333333333315, 0.1499999999999999944, 0.1666666666666666574, 0.1833333333333333204, 0.2000000000000000111, 0.2166666666666666741, 0.2333333333333333370, 0.2500000000000000000, 0.2666666666666666630, 0.2833333333333333259, 0.2999999999999999889, 0.3166666666666666519, 0.3333333333333333148, 0.3499999999999999778, 0.3666666666666666408, 0.3833333333333333592, 0.4000000000000000222, 0.4166666666666666852, 0.4333333333333333481, 0.4500000000000000111, 0.4666666666666666741, 0.4833333333333333370, 0.5000000000000000000, 0.5166666666666667185, 0.5333333333333333259, 0.5500000000000000444, 0.5666666666666666519, 0.5833333333333333703, 0.5999999999999999778, 0.6166666666666666963, 0.6333333333333333037, 0.6500000000000000222, 0.6666666666666666297, 0.6833333333333333481, 0.6999999999999999556, 0.7166666666666666741, 0.7333333333333332815, 0.7500000000000000000, 0.7666666666666667185, 0.7833333333333333259, 0.8000000000000000444, 0.8166666666666666519, 0.8333333333333333703, 0.8499999999999999778, 0.8666666666666666963, 0.8833333333333333037, 0.9000000000000000222, 0.9166666666666666297, 0.9333333333333333481, 0.9499999999999999556, 0.9666666666666666741, 0.9833333333333332815, 0.9842647953077495737 ),
 .UNSPECIFIED. ) 
 GEOMETRIC_REPRESENTATION_ITEM ( )  RATIONAL_B_SPLINE_SURFACE ( (
 ( 1.000000000000000000, 0.9510565162951535312, 1.000000000000000000, 0.9510565162951535312, 1.000000000000000000, 0.9510565162951535312, 1.000000000000000000, 0.9510565162951535312, 1.000000000000000000, 0.9510565162951535312, 1.000000000000000000, 0.9510565162951535312, 1.000000000000000000, 0.9510565162951535312, 1.000000000000000000, 0.9510565162951535312, 1.000000000000000000, 0.9510565162951535312, 1.000000000000000000, 0.9510565162951535312, 1.000000000000000000, 0.9510565162951535312, 1.000000000000000000, 0.9510565162951535312, 1.000000000000000000, 0.9510565162951535312, 1.000000000000000000, 0.9510565162951535312, 1.000000000000000000, 0.9510565162951535312, 1.000000000000000000, 0.9510565162951535312, 1.000000000000000000, 0.9510565162951535312, 1.000000000000000000, 0.9510565162951535312, 1.000000000000000000, 0.9510565162951535312, 1.000000000000000000, 0.9510565162951535312, 1.000000000000000000, 0.9510565162951535312, 1.000000000000000000, 0.9510565162951535312, 1.000000000000000000, 0.9510565162951535312, 1.000000000000000000, 0.9510565162951535312, 1.000000000000000000, 0.9510565162951535312, 1.000000000000000000, 0.9510565162951535312, 1.000000000000000000, 0.9510565162951535312, 1.000000000000000000, 0.9510565162951535312, 1.000000000000000000, 0.9510565162951535312, 1.000000000000000000, 0.9510565162951535312, 1.000000000000000000, 0.9510565162951535312, 1.000000000000000000, 0.9510565162951535312, 1.000000000000000000, 0.9510565162951535312, 1.000000000000000000, 0.9510565162951535312, 1.000000000000000000, 0.9510565162951535312, 1.000000000000000000, 0.9510565162951535312, 1.000000000000000000, 0.9510565162951535312, 1.000000000000000000, 0.9510565162951535312, 1.000000000000000000, 0.9510565162951535312, 1.000000000000000000, 0.9510565162951535312, 1.000000000000000000, 0.9510565162951535312, 1.000000000000000000, 0.9510565162951535312, 1.000000000000000000, 0.9510565162951535312, 1.000000000000000000, 0.9510565162951535312, 1.000000000000000000, 0.9510565162951535312, 1.000000000000000000, 0.9510565162951535312, 1.000000000000000000, 0.9510565162951535312, 1.000000000000000000, 0.9510565162951535312, 1.000000000000000000, 0.9510565162951535312, 1.000000000000000000, 0.9510565162951535312, 1.000000000000000000, 0.9510565162951535312, 1.000000000000000000, 0.9510565162951535312, 1.000000000000000000, 0.9510565162951535312, 1.000000000000000000, 0.9510565162951535312, 1.000000000000000000, 0.9510565162951535312, 1.000000000000000000, 0.9510565162951535312, 1.000000000000000000, 0.9510565162951535312, 1.000000000000000000, 0.9510565162951535312, 1.000000000000000000, 0.9510565162951535312, 1.000000000000000000, 0.9972646603620083372, 0.9948350645072050469),
 ( 1.000000000000000000, 0.9510565162951535312, 1.000000000000000000, 0.9510565162951535312, 1.000000000000000000, 0.9510565162951535312, 1.000000000000000000, 0.9510565162951535312, 1.000000000000000000, 0.9510565162951535312, 1.000000000000000000, 0.9510565162951535312, 1.000000000000000000, 0.9510565162951535312, 1.000000000000000000, 0.9510565162951535312, 1.000000000000000000, 0.9510565162951535312, 1.000000000000000000, 0.9510565162951535312, 1.000000000000000000, 0.9510565162951535312, 1.000000000000000000, 0.9510565162951535312, 1.000000000000000000, 0.9510565162951535312, 1.000000000000000000, 0.9510565162951535312, 1.000000000000000000, 0.9510565162951535312, 1.000000000000000000, 0.9510565162951535312, 1.000000000000000000, 0.9510565162951535312, 1.000000000000000000, 0.9510565162951535312, 1.000000000000000000, 0.9510565162951535312, 1.000000000000000000, 0.9510565162951535312, 1.000000000000000000, 0.9510565162951535312, 1.000000000000000000, 0.9510565162951535312, 1.000000000000000000, 0.9510565162951535312, 1.000000000000000000, 0.9510565162951535312, 1.000000000000000000, 0.9510565162951535312, 1.000000000000000000, 0.9510565162951535312, 1.000000000000000000, 0.9510565162951535312, 1.000000000000000000, 0.9510565162951535312, 1.000000000000000000, 0.9510565162951535312, 1.000000000000000000, 0.9510565162951535312, 1.000000000000000000, 0.9510565162951535312, 1.000000000000000000, 0.9510565162951535312, 1.000000000000000000, 0.9510565162951535312, 1.000000000000000000, 0.9510565162951535312, 1.000000000000000000, 0.9510565162951535312, 1.000000000000000000, 0.9510565162951535312, 1.000000000000000000, 0.9510565162951535312, 1.000000000000000000, 0.9510565162951535312, 1.000000000000000000, 0.9510565162951535312, 1.000000000000000000, 0.9510565162951535312, 1.000000000000000000, 0.9510565162951535312, 1.000000000000000000, 0.9510565162951535312, 1.000000000000000000, 0.9510565162951535312, 1.000000000000000000, 0.9510565162951535312, 1.000000000000000000, 0.9510565162951535312, 1.000000000000000000, 0.9510565162951535312, 1.000000000000000000, 0.9510565162951535312, 1.000000000000000000, 0.9510565162951535312, 1.000000000000000000, 0.9510565162951535312, 1.000000000000000000, 0.9510565162951535312, 1.000000000000000000, 0.9510565162951535312, 1.000000000000000000, 0.9510565162951535312, 1.000000000000000000, 0.9510565162951535312, 1.000000000000000000, 0.9510565162951535312, 1.000000000000000000, 0.9510565162951535312, 1.000000000000000000, 0.9510565162951535312, 1.000000000000000000, 0.9510565162951535312, 1.000000000000000000, 0.9510565162951535312, 1.000000000000000000, 0.9510565162951535312, 1.000000000000000000, 0.9972646603620083372, 0.9948350645072050469) ) ) 
 REPRESENTATION_ITEM ( '' )  SURFACE ( )  );
#1889 = CARTESIAN_POINT ( 'NONE',  ( -35.07438211632718605, 28.32104166955717872, 25.48303025102238450 ) ) ;
#1890 = CARTESIAN_POINT ( 'NONE',  ( 6.182323203795626394E-15, 31.00000000000001066, 50.48250000000000171 ) ) ;
#1891 = CARTESIAN_POINT ( 'NONE',  ( -13.39722183403551803, 32.44854166955717290, -41.23240908249596259 ) ) ;
#1892 = CARTESIAN_POINT ( 'NONE',  ( -2.865065410326494806E-15, 29.03541667244768121, -46.79006897860290337 ) ) ;
#1893 = CARTESIAN_POINT ( 'NONE',  ( 33.86786944011529243, 40.00000000000000000, -27.10386851870844183 ) ) ;
#1894 = AXIS2_PLACEMENT_3D ( 'NONE', #663, #215, #848 ) ;
#1895 = COLOUR_RGB ( '',0.7921568627450980005, 0.8196078431372548767, 0.9333333333333333481 ) ;
#1896 = CARTESIAN_POINT ( 'NONE',  ( 26.79444366807104316, 39.43354166955717943, 36.87938783381628838 ) ) ;
#1897 = CARTESIAN_POINT ( 'NONE',  ( -27.50251249937030806, 38.34875000578100668, 37.85396097166577789 ) ) ;
#1898 = CARTESIAN_POINT ( 'NONE',  ( 44.50000000000000711, 36.97291667244768121, -5.449678256205721981E-15 ) ) ;
#1899 = CARTESIAN_POINT ( 'NONE',  ( -13.39722183403551803, 29.80270833622384430, -41.23240908249596259 ) ) ;
#1900 = ORIENTED_EDGE ( 'NONE', *, *, #1311, .F. ) ;
#1901 = CARTESIAN_POINT ( 'NONE',  ( -8.580008525311097072E-14, 31.94583333333333997, 44.50000000000000711 ) ) ;
#1902 = CARTESIAN_POINT ( 'NONE',  ( 35.07438211632718605, 34.14187500289050803, -25.48303025102238095 ) ) ;
#1903 = CARTESIAN_POINT ( 'NONE',  ( -36.00125624968516291, 33.74500000000000455, 26.15644372701506626 ) ) ;
#1904 = ADVANCED_FACE ( 'NONE', ( #918 ), #1108, .T. ) ;
#1905 = CARTESIAN_POINT ( 'NONE',  ( 13.39722183403551270, 30.12020833622384330, -41.23240908249596970 ) ) ;
#1906 = CARTESIAN_POINT ( 'NONE',  ( 44.50000000000000711, 40.94166666666666998, -5.449678256205721981E-15 ) ) ;
#1907 = CARTESIAN_POINT ( 'NONE',  ( -36.00125624968516291, 39.93625000578101236, -26.15644372701505560 ) ) ;
#1908 = PLANE ( 'NONE',  #525 ) ;
#1909 = CARTESIAN_POINT ( 'NONE',  ( -19.34388349474044588, 39.99999999999998579, 39.61538275739044934 ) ) ;
#1910 = CARTESIAN_POINT ( 'NONE',  ( 13.39722183403552336, 35.62354166955717716, 41.23240908249596259 ) ) ;
#1911 = VERTEX_POINT ( 'NONE', #992 ) ;
#1912 = CARTESIAN_POINT ( 'NONE',  ( -2.865065410326494806E-15, 39.61875000578101691, -46.79006897860290337 ) ) ;
#1913 = CARTESIAN_POINT ( 'NONE',  ( -7.048107594441856527, 34.00825588536292088, 44.50000000000000000 ) ) ;
#1914 = DIRECTION ( 'NONE',  ( 0.000000000000000000, -1.000000000000000000, 0.000000000000000000 ) ) ;
#1915 = CARTESIAN_POINT ( 'NONE',  ( 13.39722183403551270, 32.23687500289050689, -41.23240908249596970 ) ) ;
#1916 = CARTESIAN_POINT ( 'NONE',  ( 7.048107594441815671, 39.56450589114393779, -44.50000000000002132 ) ) ;
#1917 = CARTESIAN_POINT ( 'NONE',  ( -27.50251249937032227, 29.24708333911434366, -37.85396097166577789 ) ) ;
#1918 = CARTESIAN_POINT ( 'NONE',  ( -13.39722183403550737, 39.64520833622383833, 41.23240908249596970 ) ) ;
#1919 = CARTESIAN_POINT ( 'NONE',  ( -13.75125624968515226, 36.33791667244767609, 42.32201497513433708 ) ) ;
#1920 = CARTESIAN_POINT ( 'NONE',  ( -30.14382948048200817, 39.99999999999999289, -32.44463054680836223 ) ) ;
#1921 = CARTESIAN_POINT ( 'NONE',  ( 9.113480557972927072E-14, 35.12083333333333712, -44.50000000000000711 ) ) ;
#1922 = CARTESIAN_POINT ( 'NONE',  ( 36.00125624968516291, 32.95125000578101293, -26.15644372701505915 ) ) ;
#1923 = CARTESIAN_POINT ( 'NONE',  ( 27.50251249937031872, 34.90916666666667112, -37.85396097166577789 ) ) ;
#1924 = EDGE_CURVE ( 'NONE', #1111, #2038, #591, .T. ) ;
#1925 = EDGE_CURVE ( 'NONE', #97, #577, #1933, .T. ) ;
#1926 = CARTESIAN_POINT ( 'NONE',  ( -36.00125624968516291, 31.62833333333333385, 26.15644372701506626 ) ) ;
#1927 = CARTESIAN_POINT ( 'NONE',  ( 43.35432056458333960, 29.16770833622384274, -5.309372990862526299E-15 ) ) ;
#1928 = CARTESIAN_POINT ( 'NONE',  ( 36.00125624968516291, 40.73000000000000398, 26.15644372701505205 ) ) ;
#1929 = CARTESIAN_POINT ( 'NONE',  ( -38.50643666316175029, 39.96744656865536172, -22.70835869838738574 ) ) ;
#1930 = MECHANICAL_DESIGN_GEOMETRIC_PRESENTATION_REPRESENTATION (  '', ( #956 ), #489 ) ;
#1931 = CARTESIAN_POINT ( 'NONE',  ( 44.50000000000000711, 39.08958333911434835, -5.449678256205721981E-15 ) ) ;
#1932 = LINE ( 'NONE', #47, #251 ) ;
#1933 = CIRCLE ( 'NONE', #1066, 44.50000000000000711 ) ;
#1934 = ORIENTED_EDGE ( 'NONE', *, *, #356, .F. ) ;
#1935 = CARTESIAN_POINT ( 'NONE',  ( -23.68283756811703356, 40.00000000000000711, -37.29410135589278497 ) ) ;
#1936 = CARTESIAN_POINT ( 'NONE',  ( 8.446640517145639571E-15, 32.21041667244767837, 44.50000000000000000 ) ) ;
#1937 = CARTESIAN_POINT ( 'NONE',  ( 36.00125624968516291, 30.41125000578101378, 26.15644372701505205 ) ) ;
#1938 = APPLICATION_CONTEXT ( 'automotive_design' ) ;
#1939 = CARTESIAN_POINT ( 'NONE',  ( -13.39722183403550737, 36.99937500289050973, 41.23240908249596970 ) ) ;
#1940 = CARTESIAN_POINT ( 'NONE',  ( -8.580008525311097072E-14, 31.94583333333333997, 44.50000000000000711 ) ) ;
#1941 = CARTESIAN_POINT ( 'NONE',  ( 26.79444366807104316, 28.85020833622384373, 36.87938783381628838 ) ) ;
#1942 = CARTESIAN_POINT ( 'NONE',  ( -43.35432056458333960, 30.64937500289050476, -14.08667266822846109 ) ) ;
#1943 = CARTESIAN_POINT ( 'NONE',  ( 26.79444366807104316, 39.96270833622384089, 36.87938783381628838 ) ) ;
#1944 = CARTESIAN_POINT ( 'NONE',  ( -3.111920190527341144E-15, 39.35416666666666430, -44.50000000000000000 ) ) ;
#1945 = CARTESIAN_POINT ( 'NONE',  ( 26.79444366807103606, 38.48104166955717176, -36.87938783381628838 ) ) ;
#1946 = CARTESIAN_POINT ( 'NONE',  ( -36.00125624968516291, 31.89291667244768291, 26.15644372701506626 ) ) ;
#1947 = ADVANCED_FACE ( 'NONE', ( #603, #1419 ), #1686, .F. ) ;
#1948 = ORIENTED_EDGE ( 'NONE', *, *, #569, .T. ) ;
#1949 = CARTESIAN_POINT ( 'NONE',  ( 44.50000000000000711, 32.73958333911434693, -5.449678256205721981E-15 ) ) ;
#1950 = CARTESIAN_POINT ( 'NONE',  ( -35.07438211632718605, 30.96687500289050377, 25.48303025102238450 ) ) ;
#1951 = CARTESIAN_POINT ( 'NONE',  ( 29.47512449643119226, 30.91585208865086543, -35.13889348280666525 ) ) ;
#1952 = CARTESIAN_POINT ( 'NONE',  ( -35.07438211632719316, 39.01020833622384032, -25.48303025102237385 ) ) ;
#1953 = CARTESIAN_POINT ( 'NONE',  ( -27.50251249937032227, 33.48041667244768149, -37.85396097166577789 ) ) ;
#1954 = CARTESIAN_POINT ( 'NONE',  ( -36.00125624968516291, 35.43833333333333258, -26.15644372701505560 ) ) ;
#1955 = CARTESIAN_POINT ( 'NONE',  ( 2.053929931547277210, 40.00000000000001421, -43.80071003264269081 ) ) ;
#1956 = DIRECTION ( 'NONE',  ( 0.000000000000000000, -1.000000000000000000, 0.000000000000000000 ) ) ;
#1957 = CARTESIAN_POINT ( 'NONE',  ( -35.07438211632719316, 41.12687500289050746, -25.48303025102237385 ) ) ;
#1958 = CARTESIAN_POINT ( 'NONE',  ( -7.048107594441821888, 31.20632745375141681, -44.50000000000002132 ) ) ;
#1959 = ORIENTED_EDGE ( 'NONE', *, *, #750, .T. ) ;
#1960 = CARTESIAN_POINT ( 'NONE',  ( 0.000000000000000000, 31.00000000000001066, 0.000000000000000000 ) ) ;
#1961 = LINE ( 'NONE', #831, #1097 ) ;
#1962 = CARTESIAN_POINT ( 'NONE',  ( -2.791302567141446299E-15, 36.57604166955717773, -45.58543033117564391 ) ) ;
#1963 = DIRECTION ( 'NONE',  ( 0.000000000000000000, 0.000000000000000000, 1.000000000000000000 ) ) ;
#1964 = CARTESIAN_POINT ( 'NONE',  ( -27.50251249937032227, 37.44916666666667027, -37.85396097166577789 ) ) ;
#1965 = CARTESIAN_POINT ( 'NONE',  ( -44.50000000000000711, 37.87250000000000227, 14.45892648236434574 ) ) ;
#1966 = CLOSED_SHELL ( 'NONE', ( #61, #1992, #384, #1777, #794, #1050, #847, #1989, #143, #1382, #94, #1266, #201, #1659, #837, #747, #1947, #964, #1817, #687, #553, #971, #1904, #1508, #522 ) ) ;
#1967 = CARTESIAN_POINT ( 'NONE',  ( 26.79444366807103606, 40.06854166955717034, -36.87938783381628838 ) ) ;
#1968 = CARTESIAN_POINT ( 'NONE',  ( -3.111920190527341144E-15, 37.23749999999999716, -44.50000000000000000 ) ) ;
#1969 = AXIS2_PLACEMENT_3D ( 'NONE', #1116, #1914, #625 ) ;
#1970 = ORIENTED_EDGE ( 'NONE', *, *, #562, .T. ) ;
#1971 = CARTESIAN_POINT ( 'NONE',  ( -43.35432056458333960, 38.69270833622383776, 0.000000000000000000 ) ) ;
#1972 = AXIS2_PLACEMENT_3D ( 'NONE', #1176, #1648, #1040 ) ;
#1973 = CARTESIAN_POINT ( 'NONE',  ( -7.048107594441878732, 36.12492255202958802, 44.50000000000000000 ) ) ;
#1974 = CARTESIAN_POINT ( 'NONE',  ( -43.35432056458333960, 37.21104166955717574, 14.08667266822847353 ) ) ;
#1975 = CARTESIAN_POINT ( 'NONE',  ( -43.35432056458333960, 38.58687500289050121, -14.08667266822846109 ) ) ;
#1976 = CARTESIAN_POINT ( 'NONE',  ( -36.88533241585995626, 27.64824181709715489, 24.89422126863002305 ) ) ;
#1977 = CARTESIAN_POINT ( 'NONE',  ( -44.50000000000000711, 37.66083333333333627, -14.45892648236433153 ) ) ;
#1978 = CARTESIAN_POINT ( 'NONE',  ( 27.50251249937031872, 34.90916666666667112, -37.85396097166577789 ) ) ;
#1979 = CARTESIAN_POINT ( 'NONE',  ( 7.409400103549202754, 40.00000000000000711, -43.14443490446303997 ) ) ;
#1980 =( BOUNDED_CURVE ( )  B_SPLINE_CURVE ( 2, ( #938, #1748, #336, #1593, #1926, #770, #782, #1737, #136, #441, #169 ),
 .UNSPECIFIED., .F., .F. ) 
 B_SPLINE_CURVE_WITH_KNOTS ( ( 3, 2, 2, 2, 2, 3 ),
 ( 0.7916666666666667407, 0.8000000000000000444, 0.8166666666666666519, 0.8333333333333333703, 0.8499999999999999778, 0.8661173716106593812 ),
 .UNSPECIFIED. ) 
 CURVE ( )  GEOMETRIC_REPRESENTATION_ITEM ( )  RATIONAL_B_SPLINE_CURVE ( ( 0.9755282581475768211, 0.9755282581475769321, 1.000000000000000000, 0.9510565162951535312, 1.000000000000000000, 0.9510565162951535312, 1.000000000000000000, 0.9510565162951535312, 1.000000000000000000, 0.9526695811125243107, 0.9968801961887625573 ) ) 
 REPRESENTATION_ITEM ( '' )  );
#1981 = CARTESIAN_POINT ( 'NONE',  ( 13.39722183403552336, 37.21104166955717574, 41.23240908249596259 ) ) ;
#1982 = CARTESIAN_POINT ( 'NONE',  ( 26.79444366807104316, 37.84604166955716664, 36.87938783381628838 ) ) ;
#1983 = CARTESIAN_POINT ( 'NONE',  ( 8.716920981763905729, 39.99999999999999289, 42.82585227359903968 ) ) ;
#1984 = CARTESIAN_POINT ( 'NONE',  ( 43.35432056458333960, 37.63437500289051485, -5.309372990862526299E-15 ) ) ;
#1985 = CARTESIAN_POINT ( 'NONE',  ( -27.50251249937030806, 38.08416666666666117, 37.85396097166577789 ) ) ;
#1986 = CARTESIAN_POINT ( 'NONE',  ( -13.39722183403551803, 36.15270833622384572, -41.23240908249596259 ) ) ;
#1987 = ORIENTED_EDGE ( 'NONE', *, *, #1837, .T. ) ;
#1988 = CARTESIAN_POINT ( 'NONE',  ( 7.048107594441909818, 31.09783922447726923, -44.50000000000000000 ) ) ;
#1989 = ADVANCED_FACE ( 'NONE', ( #571 ), #1535, .T. ) ;
#1990 = CARTESIAN_POINT ( 'NONE',  ( 13.39722183403552336, 35.09437500289050860, 41.23240908249596259 ) ) ;
#1991 = CARTESIAN_POINT ( 'NONE',  ( -36.00125624968516291, 37.97833333333333883, 26.15644372701506626 ) ) ;
#1992 = ADVANCED_FACE ( 'NONE', ( #1384 ), #1570, .F. ) ;
#1993 = ORIENTED_EDGE ( 'NONE', *, *, #237, .F. ) ;
#1994 = CARTESIAN_POINT ( 'NONE',  ( -34.75437986925806655, 40.00000000000000711, 27.50458935604815380 ) ) ;
#1995 = CARTESIAN_POINT ( 'NONE',  ( 43.35432056458334671, 35.41187500289051115, 14.08667266822845576 ) ) ;
#1996 = VERTEX_POINT ( 'NONE', #101 ) ;
#1997 = CARTESIAN_POINT ( 'NONE',  ( 43.35432056458333960, 33.93020833622384202, -5.309372990862526299E-15 ) ) ;
#1998 = CARTESIAN_POINT ( 'NONE',  ( 14.73797153563810269, 40.00000000000000711, 41.02725379181335796 ) ) ;
#1999 = CARTESIAN_POINT ( 'NONE',  ( 35.07438211632719316, 33.18937500289050746, 25.48303025102237029 ) ) ;
#2000 = CARTESIAN_POINT ( 'NONE',  ( 36.57728673971827504, 40.00000000000000711, 23.44696998798715626 ) ) ;
#2001 = CARTESIAN_POINT ( 'NONE',  ( 22.41896874924604077, 40.00000000000000000, -37.31764708174617340 ) ) ;
#2002 = CARTESIAN_POINT ( 'NONE',  ( -26.79444366807103961, 40.49187500289050234, -36.87938783381628838 ) ) ;
#2003 = ORIENTED_EDGE ( 'NONE', *, *, #346, .F. ) ;
#2004 = CARTESIAN_POINT ( 'NONE',  ( -43.35432056458333960, 36.47020833622384828, -14.08667266822846109 ) ) ;
#2005 = EDGE_CURVE ( 'NONE', #247, #808, #240, .T. ) ;
#2006 = ORIENTED_EDGE ( 'NONE', *, *, #1816, .F. ) ;
#2007 = CARTESIAN_POINT ( 'NONE',  ( 3.387866201735105331, 40.00000000000001421, 43.64528252224091887 ) ) ;
#2008 = CARTESIAN_POINT ( 'NONE',  ( -26.79444366807102540, 34.77687500289050604, 36.87938783381629548 ) ) ;
#2009 = CARTESIAN_POINT ( 'NONE',  ( 6.182323203795626394E-15, 31.00000000000001066, 50.48250000000000171 ) ) ;
#2010 = CARTESIAN_POINT ( 'NONE',  ( -35.07438211632719316, 36.89354166955717318, -25.48303025102237385 ) ) ;
#2011 = CARTESIAN_POINT ( 'NONE',  ( 41.74642359062991659, 39.99999999999999289, 11.78278216173834458 ) ) ;
#2012 = CARTESIAN_POINT ( 'NONE',  ( 13.75125624968516824, 32.05166666666666941, 42.32201497513433708 ) ) ;
#2013 = CARTESIAN_POINT ( 'NONE',  ( 26.79444366807104316, 37.31687500289051229, 36.87938783381628838 ) ) ;
#2014 = CARTESIAN_POINT ( 'NONE',  ( -35.07438211632718605, 33.08354166955717801, 25.48303025102238450 ) ) ;
#2015 = ORIENTED_EDGE ( 'NONE', *, *, #1639, .T. ) ;
#2016 = CARTESIAN_POINT ( 'NONE',  ( 13.39722183403552336, 28.74437500289051073, 41.23240908249596259 ) ) ;
#2017 = VERTEX_POINT ( 'NONE', #1890 ) ;
#2018 = CARTESIAN_POINT ( 'NONE',  ( 12.18542917006679005, 40.00000000000000711, 41.89286388371400705 ) ) ;
#2019 = CARTESIAN_POINT ( 'NONE',  ( 8.373907701424338897E-15, 32.87187500289051201, 45.58543033117564391 ) ) ;
#2020 = CARTESIAN_POINT ( 'NONE',  ( 44.50000000000001421, 30.25249999999999773, 14.45892648236432443 ) ) ;
#2021 = CARTESIAN_POINT ( 'NONE',  ( -43.35432056458333960, 39.22187500289050632, 0.000000000000000000 ) ) ;
#2022 = CARTESIAN_POINT ( 'NONE',  ( 38.02484180096472244, 40.00000000000000000, 21.01869640534819084 ) ) ;
#2023 = CARTESIAN_POINT ( 'NONE',  ( -36.00125624968516291, 29.51166666666667382, 26.15644372701506626 ) ) ;
#2024 = CARTESIAN_POINT ( 'NONE',  ( 43.35432056458333960, 37.74020833622383009, -14.08667266822846642 ) ) ;
#2025 = CARTESIAN_POINT ( 'NONE',  ( -13.39722183403550737, 33.29520833622383691, 41.23240908249596970 ) ) ;
#2026 = CARTESIAN_POINT ( 'NONE',  ( -3.778760231354628329E-14, 36.44375000578100554, 44.50000000000000000 ) ) ;
#2027 = CARTESIAN_POINT ( 'NONE',  ( -43.35432056458333960, 32.34270833622384345, 0.000000000000000000 ) ) ;
#2028 = CARTESIAN_POINT ( 'NONE',  ( -3.778760231354628329E-14, 36.17916666666666714, 44.50000000000000000 ) ) ;
#2029 = AXIS2_PLACEMENT_3D ( 'NONE', #404, #393, #1684 ) ;
#2030 = CARTESIAN_POINT ( 'NONE',  ( -35.07438211632719316, 34.24770833622384458, -25.48303025102237385 ) ) ;
#2031 = CARTESIAN_POINT ( 'NONE',  ( 43.35432056458333960, 34.03604166955717147, -14.08667266822846642 ) ) ;
#2032 = CARTESIAN_POINT ( 'NONE',  ( -36.00125624968516291, 29.35291667244768021, -26.15644372701505560 ) ) ;
#2033 = VECTOR ( 'NONE', #121, 1000.000000000000000 ) ;
#2034 = CARTESIAN_POINT ( 'NONE',  ( 41.25087612644101398, 39.99999999999999289, -13.41605288572629107 ) ) ;
#2035 = CARTESIAN_POINT ( 'NONE',  ( -44.50000000000000711, 33.63916666666667510, 14.45892648236434574 ) ) ;
#2036 = CARTESIAN_POINT ( 'NONE',  ( 43.35432056458333960, 37.63437500289051485, -5.309372990862526299E-15 ) ) ;
#2037 = CARTESIAN_POINT ( 'NONE',  ( 43.35432056458334671, 33.82437500289050547, 14.08667266822845576 ) ) ;
#2038 = VERTEX_POINT ( 'NONE', #582 ) ;
#2039 = CARTESIAN_POINT ( 'NONE',  ( -26.79444366807102895, 28.42687500289051528, 36.87938783381629548 ) ) ;
#2040 = VERTEX_POINT ( 'NONE', #1859 ) ;
#2041 = CARTESIAN_POINT ( 'NONE',  ( 43.35432056458334671, 33.82437500289050547, 14.08667266822845576 ) ) ;
#2042 = CARTESIAN_POINT ( 'NONE',  ( -36.00125624968516291, 38.24291667244768433, 26.15644372701506626 ) ) ;
#2043 =( BOUNDED_CURVE ( )  B_SPLINE_CURVE ( 2, ( #634, #1913, #973, #325, #1903, #1277, #1592, #1115, #1747, #1134, #960, #1773, #466 ),
 .UNSPECIFIED., .F., .T. ) 
 B_SPLINE_CURVE_WITH_KNOTS ( ( 3, 2, 2, 2, 2, 2, 3 ),
 ( 0.6250000000000000000, 0.6333333333333333037, 0.6500000000000000222, 0.6666666666666666297, 0.6833333333333333481, 0.6999999999999999556, 0.7083333333333333703 ),
 .UNSPECIFIED. ) 
 CURVE ( )  GEOMETRIC_REPRESENTATION_ITEM ( )  RATIONAL_B_SPLINE_CURVE ( ( 0.9755282581475768211, 0.9755282581475768211, 1.000000000000000000, 0.9510565162951535312, 1.000000000000000000, 0.9510565162951535312, 1.000000000000000000, 0.9510565162951535312, 1.000000000000000000, 0.9510565162951535312, 1.000000000000000000, 0.9755282581475765991, 0.9755282581475768211 ) ) 
 REPRESENTATION_ITEM ( '' )  );
#2044 = CARTESIAN_POINT ( 'NONE',  ( -13.75125624968516291, 31.25791667244767780, -42.32201497513433708 ) ) ;
#2045 = SHAPE_DEFINITION_REPRESENTATION ( #1783, #1139 ) ;
#2046 = CARTESIAN_POINT ( 'NONE',  ( -2.865065410326494806E-15, 31.15208333911434124, -46.79006897860290337 ) ) ;
#2047 =( NAMED_UNIT ( * ) SI_UNIT ( $, .STERADIAN. ) SOLID_ANGLE_UNIT ( ) );
#2048 = CARTESIAN_POINT ( 'NONE',  ( 0.000000000000000000, 40.00000000000000000, -44.50000000000000711 ) ) ;
#2049 = CARTESIAN_POINT ( 'NONE',  ( -43.35432056458333960, 34.56520833622384004, 14.08667266822847353 ) ) ;
#2050 = CARTESIAN_POINT ( 'NONE',  ( 43.35432056458333960, 33.93020833622384202, -5.309372990862526299E-15 ) ) ;
#2051 = CARTESIAN_POINT ( 'NONE',  ( 0.000000000000000000, 31.00000000000001066, 0.000000000000000000 ) ) ;
#2052 = FACE_BOUND ( 'NONE', #1660, .T. ) ;
#2053 = EDGE_CURVE ( 'NONE', #2017, #1996, #1225, .T. ) ;
#2054 = CARTESIAN_POINT ( 'NONE',  ( -13.39722183403550737, 32.76604166955717545, 41.23240908249596970 ) ) ;
#2055 = ORIENTED_EDGE ( 'NONE', *, *, #2005, .T. ) ;
#2056 = CARTESIAN_POINT ( 'NONE',  ( 27.50251249937031872, 39.40708333911432959, -37.85396097166577789 ) ) ;
#2057 = CARTESIAN_POINT ( 'NONE',  ( 44.50000000000000711, 30.35833333333333783, -5.449678256205721981E-15 ) ) ;
#2058 = CARTESIAN_POINT ( 'NONE',  ( -13.39722183403550737, 33.29520833622383691, 41.23240908249596970 ) ) ;
#2059 = CARTESIAN_POINT ( 'NONE',  ( 13.75125624968515758, 28.92958333911434821, -42.32201497513433708 ) ) ;
#2060 = DIRECTION ( 'NONE',  ( 0.000000000000000000, 0.000000000000000000, -1.000000000000000000 ) ) ;
#2061 = CARTESIAN_POINT ( 'NONE',  ( 43.35432056458333960, 33.40104166955718057, -5.309372990862526299E-15 ) ) ;
#2062 = CARTESIAN_POINT ( 'NONE',  ( 9.113480557972927072E-14, 33.00416666666666998, -44.50000000000000711 ) ) ;
#2063 = CARTESIAN_POINT ( 'NONE',  ( 7.048107594441909818, 37.44783922447727065, -44.50000000000000000 ) ) ;
#2064 = CARTESIAN_POINT ( 'NONE',  ( -35.07438211632718605, 30.43770833622384231, 25.48303025102238450 ) ) ;
#2065 = EDGE_CURVE ( 'NONE', #272, #1834, #254, .T. ) ;
#2066 = ORIENTED_EDGE ( 'NONE', *, *, #1752, .T. ) ;
#2067 = CARTESIAN_POINT ( 'NONE',  ( -2.865065410326494806E-15, 37.50208333911434266, -46.79006897860290337 ) ) ;
#2068 =( LENGTH_UNIT ( ) NAMED_UNIT ( * ) SI_UNIT ( .MILLI., .METRE. ) );
ENDSEC;
END-ISO-10303-21;
